province,source,year,period_type,period,tax,value_millions
Buenos Aires,top_mensual_2026_12.xlsx,2026,month,2026-01,Automotores,27384.1503797974
Buenos Aires,top_mensual_2026_12.xlsx,2026,month,2026-01,Iibb,1086193.5263529173
Buenos Aires,top_mensual_2026_12.xlsx,2026,month,2026-01,Inmobiliario,26695.321542420672
Buenos Aires,top_mensual_2026_12.xlsx,2026,month,2026-01,Otros,31266.52186125438
Buenos Aires,top_mensual_2026_12.xlsx,2026,month,2026-01,Sellos,142812.81268369997
Buenos Aires,top_mensual_2026_12.xlsx,2026,month,2026-02,Automotores,18634.38866591076
Buenos Aires,top_mensual_2026_12.xlsx,2026,month,2026-02,Iibb,961709.4347713892
Buenos Aires,top_mensual_2026_12.xlsx,2026,month,2026-02,Inmobiliario,177086.64478417134
Buenos Aires,top_mensual_2026_12.xlsx,2026,month,2026-02,Otros,36016.228239241114
Buenos Aires,top_mensual_2026_12.xlsx,2026,month,2026-02,Sellos,126193.6922753
Buenos Aires,top_mensual_2026_12.xlsx,2026,month,2026-03,Automotores,120929.4187674624
Buenos Aires,top_mensual_2026_12.xlsx,2026,month,2026-03,Iibb,944164.5388093963
Buenos Aires,top_mensual_2026_12.xlsx,2026,month,2026-03,Inmobiliario,129891.38239586934
Buenos Aires,top_mensual_2026_12.xlsx,2026,month,2026-03,Otros,39482.38123604626
Buenos Aires,top_mensual_2026_12.xlsx,2026,month,2026-03,Sellos,131929.67612239998
Buenos Aires,top_mensual_2026_12.xlsx,2026,month,2026-04,Automotores,66791.6829643412
Buenos Aires,top_mensual_2026_12.xlsx,2026,month,2026-04,Iibb,1084984.685430985
Buenos Aires,top_mensual_2026_12.xlsx,2026,month,2026-04,Inmobiliario,96687.89722079538
Buenos Aires,top_mensual_2026_12.xlsx,2026,month,2026-04,Otros,39679.53238251293
Buenos Aires,top_mensual_2026_12.xlsx,2026,month,2026-04,Sellos,137090.0929572
Buenos Aires,top_mensual_2026_12.xlsx,2026,month,2026-05,Automotores,62661.063190401466
Buenos Aires,top_mensual_2026_12.xlsx,2026,month,2026-05,Iibb,1060147.2614873406
Buenos Aires,top_mensual_2026_12.xlsx,2026,month,2026-05,Inmobiliario,30836.735209690192
Buenos Aires,top_mensual_2026_12.xlsx,2026,month,2026-05,Otros,46836.2608408013
Buenos Aires,top_mensual_2026_12.xlsx,2026,month,2026-05,Sellos,141157.4409758
Buenos Aires,top_mensual_2026_12.xlsx,2026,month,2026-06,Automotores,68342.61704120037
Buenos Aires,top_mensual_2026_12.xlsx,2026,month,2026-06,Iibb,1156260.9193777842
Buenos Aires,top_mensual_2026_12.xlsx,2026,month,2026-06,Inmobiliario,150011.96770128442
Buenos Aires,top_mensual_2026_12.xlsx,2026,month,2026-06,Otros,53690.27891764655
Buenos Aires,top_mensual_2026_12.xlsx,2026,month,2026-06,Sellos,133786.0389851
CABA,top_mensual_2026_12.xlsx,2026,month,2026-01,Automotores,22764.4
CABA,top_mensual_2026_12.xlsx,2026,month,2026-01,Iibb,759579.1
CABA,top_mensual_2026_12.xlsx,2026,month,2026-01,Inmobiliario,184080.8
CABA,top_mensual_2026_12.xlsx,2026,month,2026-01,Otros,66177.6
CABA,top_mensual_2026_12.xlsx,2026,month,2026-01,Sellos,92341.0
CABA,top_mensual_2026_12.xlsx,2026,month,2026-02,Automotores,87703.1
CABA,top_mensual_2026_12.xlsx,2026,month,2026-02,Iibb,711180.3
CABA,top_mensual_2026_12.xlsx,2026,month,2026-02,Inmobiliario,67615.7
CABA,top_mensual_2026_12.xlsx,2026,month,2026-02,Otros,34761.1
CABA,top_mensual_2026_12.xlsx,2026,month,2026-02,Sellos,72461.5
CABA,top_mensual_2026_12.xlsx,2026,month,2026-03,Automotores,35478.9
CABA,top_mensual_2026_12.xlsx,2026,month,2026-03,Iibb,644673.9
CABA,top_mensual_2026_12.xlsx,2026,month,2026-03,Inmobiliario,67899.1
CABA,top_mensual_2026_12.xlsx,2026,month,2026-03,Otros,21763.4
CABA,top_mensual_2026_12.xlsx,2026,month,2026-03,Sellos,65069.4
CABA,top_mensual_2026_12.xlsx,2026,month,2026-04,Automotores,70253.2
CABA,top_mensual_2026_12.xlsx,2026,month,2026-04,Iibb,714719.7
CABA,top_mensual_2026_12.xlsx,2026,month,2026-04,Inmobiliario,70713.5
CABA,top_mensual_2026_12.xlsx,2026,month,2026-04,Otros,22766.1
CABA,top_mensual_2026_12.xlsx,2026,month,2026-04,Sellos,75230.9
CABA,top_mensual_2026_12.xlsx,2026,month,2026-05,Automotores,22555.3
CABA,top_mensual_2026_12.xlsx,2026,month,2026-05,Iibb,750198.5
CABA,top_mensual_2026_12.xlsx,2026,month,2026-05,Inmobiliario,78150.3
CABA,top_mensual_2026_12.xlsx,2026,month,2026-05,Otros,17718.4
CABA,top_mensual_2026_12.xlsx,2026,month,2026-05,Sellos,76067.6
CABA,top_mensual_2026_12.xlsx,2026,month,2026-06,Automotores,72261.9
CABA,top_mensual_2026_12.xlsx,2026,month,2026-06,Iibb,737506.4
CABA,top_mensual_2026_12.xlsx,2026,month,2026-06,Inmobiliario,76143.3
CABA,top_mensual_2026_12.xlsx,2026,month,2026-06,Otros,13369.2
CABA,top_mensual_2026_12.xlsx,2026,month,2026-06,Sellos,74624.5
CABA,top_mensual_2026_12.xlsx,2026,month,2026-07,Automotores,23775.7
CABA,top_mensual_2026_12.xlsx,2026,month,2026-07,Iibb,783413.9
CABA,top_mensual_2026_12.xlsx,2026,month,2026-07,Inmobiliario,80207.5
CABA,top_mensual_2026_12.xlsx,2026,month,2026-07,Otros,14376.6
CABA,top_mensual_2026_12.xlsx,2026,month,2026-07,Sellos,78671.9
Catamarca,top_mensual_2026_12.xlsx,2026,month,2026-01,Automotores,625.53176229
Catamarca,top_mensual_2026_12.xlsx,2026,month,2026-01,Iibb,21870.15158181
Catamarca,top_mensual_2026_12.xlsx,2026,month,2026-01,Inmobiliario,272.52248699
Catamarca,top_mensual_2026_12.xlsx,2026,month,2026-01,Otros,10.74364309
Catamarca,top_mensual_2026_12.xlsx,2026,month,2026-01,Sellos,553.996111408
Catamarca,top_mensual_2026_12.xlsx,2026,month,2026-02,Automotores,938.17277267
Catamarca,top_mensual_2026_12.xlsx,2026,month,2026-02,Iibb,18769.00007792
Catamarca,top_mensual_2026_12.xlsx,2026,month,2026-02,Inmobiliario,700.51361444
Catamarca,top_mensual_2026_12.xlsx,2026,month,2026-02,Otros,21.43394392
Catamarca,top_mensual_2026_12.xlsx,2026,month,2026-02,Sellos,544.05201285
Catamarca,top_mensual_2026_12.xlsx,2026,month,2026-03,Automotores,2007.52058196
Catamarca,top_mensual_2026_12.xlsx,2026,month,2026-03,Iibb,18127.22740953
Catamarca,top_mensual_2026_12.xlsx,2026,month,2026-03,Inmobiliario,1962.23930647
Catamarca,top_mensual_2026_12.xlsx,2026,month,2026-03,Otros,62.81959584
Catamarca,top_mensual_2026_12.xlsx,2026,month,2026-03,Sellos,507.39831595
Catamarca,top_mensual_2026_12.xlsx,2026,month,2026-04,Automotores,1904.25117703
Catamarca,top_mensual_2026_12.xlsx,2026,month,2026-04,Iibb,20732.33087316
Catamarca,top_mensual_2026_12.xlsx,2026,month,2026-04,Inmobiliario,1483.14847646
Catamarca,top_mensual_2026_12.xlsx,2026,month,2026-04,Otros,33.30370756
Catamarca,top_mensual_2026_12.xlsx,2026,month,2026-04,Sellos,592.46390066
Catamarca,top_mensual_2026_12.xlsx,2026,month,2026-05,Automotores,1276.8003591
Catamarca,top_mensual_2026_12.xlsx,2026,month,2026-05,Iibb,20529.25509348
Catamarca,top_mensual_2026_12.xlsx,2026,month,2026-05,Inmobiliario,867.19720608
Catamarca,top_mensual_2026_12.xlsx,2026,month,2026-05,Otros,38.10452567
Catamarca,top_mensual_2026_12.xlsx,2026,month,2026-05,Sellos,727.77061905
Catamarca,top_mensual_2026_12.xlsx,2026,month,2026-06,Automotores,877.43017222
Catamarca,top_mensual_2026_12.xlsx,2026,month,2026-06,Iibb,21657.43274921
Catamarca,top_mensual_2026_12.xlsx,2026,month,2026-06,Inmobiliario,657.73305914
Catamarca,top_mensual_2026_12.xlsx,2026,month,2026-06,Otros,50.69767647
Catamarca,top_mensual_2026_12.xlsx,2026,month,2026-06,Sellos,669.28857695
Catamarca,top_mensual_2026_12.xlsx,2026,month,2026-07,Automotores,1344.67004549
Catamarca,top_mensual_2026_12.xlsx,2026,month,2026-07,Iibb,23144.8214386
Catamarca,top_mensual_2026_12.xlsx,2026,month,2026-07,Inmobiliario,1158.05642449
Catamarca,top_mensual_2026_12.xlsx,2026,month,2026-07,Otros,36.55201416
Catamarca,top_mensual_2026_12.xlsx,2026,month,2026-07,Sellos,633.31519923
Chaco,top_mensual_2026_12.xlsx,2026,month,2026-01,Automotores,0.0
Chaco,top_mensual_2026_12.xlsx,2026,month,2026-01,Iibb,33654.96214393
Chaco,top_mensual_2026_12.xlsx,2026,month,2026-01,Inmobiliario,42.12787363
Chaco,top_mensual_2026_12.xlsx,2026,month,2026-01,Otros,8561.4033365
Chaco,top_mensual_2026_12.xlsx,2026,month,2026-01,Sellos,5943.7805058
Chaco,top_mensual_2026_12.xlsx,2026,month,2026-02,Automotores,0.0
Chaco,top_mensual_2026_12.xlsx,2026,month,2026-02,Iibb,31721.619537
Chaco,top_mensual_2026_12.xlsx,2026,month,2026-02,Inmobiliario,109.481298
Chaco,top_mensual_2026_12.xlsx,2026,month,2026-02,Otros,6263.503418
Chaco,top_mensual_2026_12.xlsx,2026,month,2026-02,Sellos,5335.232937
Chaco,top_mensual_2026_12.xlsx,2026,month,2026-03,Automotores,0.0
Chaco,top_mensual_2026_12.xlsx,2026,month,2026-03,Iibb,28963.609582
Chaco,top_mensual_2026_12.xlsx,2026,month,2026-03,Inmobiliario,155.71712
Chaco,top_mensual_2026_12.xlsx,2026,month,2026-03,Otros,5981.860649
Chaco,top_mensual_2026_12.xlsx,2026,month,2026-03,Sellos,5405.164076
Chaco,top_mensual_2026_12.xlsx,2026,month,2026-04,Automotores,0.0
Chaco,top_mensual_2026_12.xlsx,2026,month,2026-04,Iibb,30813.30223956
Chaco,top_mensual_2026_12.xlsx,2026,month,2026-04,Inmobiliario,237.63898186
Chaco,top_mensual_2026_12.xlsx,2026,month,2026-04,Otros,6277.383788470001
Chaco,top_mensual_2026_12.xlsx,2026,month,2026-04,Sellos,5595.62454999
Chaco,top_mensual_2026_12.xlsx,2026,month,2026-05,Automotores,0.0
Chaco,top_mensual_2026_12.xlsx,2026,month,2026-05,Iibb,31627.75820333
Chaco,top_mensual_2026_12.xlsx,2026,month,2026-05,Inmobiliario,257.83435546
Chaco,top_mensual_2026_12.xlsx,2026,month,2026-05,Otros,6384.88839399
Chaco,top_mensual_2026_12.xlsx,2026,month,2026-05,Sellos,5438.57730869
Chaco,top_mensual_2026_12.xlsx,2026,month,2026-06,Automotores,0.0
Chaco,top_mensual_2026_12.xlsx,2026,month,2026-06,Iibb,33417.51318939
Chaco,top_mensual_2026_12.xlsx,2026,month,2026-06,Inmobiliario,217.5334963
Chaco,top_mensual_2026_12.xlsx,2026,month,2026-06,Otros,6545.490924680001
Chaco,top_mensual_2026_12.xlsx,2026,month,2026-06,Sellos,5532.3617746
Chaco,top_mensual_2026_12.xlsx,2026,month,2026-07,Automotores,0.0
Chaco,top_mensual_2026_12.xlsx,2026,month,2026-07,Iibb,36452.55849965
Chaco,top_mensual_2026_12.xlsx,2026,month,2026-07,Inmobiliario,78.45322696
Chaco,top_mensual_2026_12.xlsx,2026,month,2026-07,Otros,9024.55796759
Chaco,top_mensual_2026_12.xlsx,2026,month,2026-07,Sellos,5987.10957579
Chubut,top_mensual_2026_12.xlsx,2026,month,2026-01,Automotores,0.0
Chubut,top_mensual_2026_12.xlsx,2026,month,2026-01,Iibb,49522.08536618
Chubut,top_mensual_2026_12.xlsx,2026,month,2026-01,Inmobiliario,30.51375346
Chubut,top_mensual_2026_12.xlsx,2026,month,2026-01,Otros,965.01556551
Chubut,top_mensual_2026_12.xlsx,2026,month,2026-01,Sellos,17088.20476021
Chubut,top_mensual_2026_12.xlsx,2026,month,2026-02,Automotores,0.0
Chubut,top_mensual_2026_12.xlsx,2026,month,2026-02,Iibb,45753.88642221
Chubut,top_mensual_2026_12.xlsx,2026,month,2026-02,Inmobiliario,21.95354207
Chubut,top_mensual_2026_12.xlsx,2026,month,2026-02,Otros,1539.09329535
Chubut,top_mensual_2026_12.xlsx,2026,month,2026-02,Sellos,7999.14407822
Chubut,top_mensual_2026_12.xlsx,2026,month,2026-03,Automotores,0.0
Chubut,top_mensual_2026_12.xlsx,2026,month,2026-03,Iibb,41764.97493621
Chubut,top_mensual_2026_12.xlsx,2026,month,2026-03,Inmobiliario,27.9384995
Chubut,top_mensual_2026_12.xlsx,2026,month,2026-03,Otros,833.02315976
Chubut,top_mensual_2026_12.xlsx,2026,month,2026-03,Sellos,17134.04986435
Chubut,top_mensual_2026_12.xlsx,2026,month,2026-04,Automotores,0.0
Chubut,top_mensual_2026_12.xlsx,2026,month,2026-04,Iibb,46964.932341
Chubut,top_mensual_2026_12.xlsx,2026,month,2026-04,Inmobiliario,47.35809269
Chubut,top_mensual_2026_12.xlsx,2026,month,2026-04,Otros,376.71736963999996
Chubut,top_mensual_2026_12.xlsx,2026,month,2026-04,Sellos,10640.71081016
Chubut,top_mensual_2026_12.xlsx,2026,month,2026-05,Automotores,0.0
Chubut,top_mensual_2026_12.xlsx,2026,month,2026-05,Iibb,48912.07546669
Chubut,top_mensual_2026_12.xlsx,2026,month,2026-05,Inmobiliario,127.85455177
Chubut,top_mensual_2026_12.xlsx,2026,month,2026-05,Otros,113.85371247
Chubut,top_mensual_2026_12.xlsx,2026,month,2026-05,Sellos,8178.84781402
Chubut,top_mensual_2026_12.xlsx,2026,month,2026-06,Automotores,0.0
Chubut,top_mensual_2026_12.xlsx,2026,month,2026-06,Iibb,48360.67790492
Chubut,top_mensual_2026_12.xlsx,2026,month,2026-06,Inmobiliario,120.65745720999999
Chubut,top_mensual_2026_12.xlsx,2026,month,2026-06,Otros,348.62374388
Chubut,top_mensual_2026_12.xlsx,2026,month,2026-06,Sellos,8711.01707292
Chubut,top_mensual_2026_12.xlsx,2026,month,2026-07,Automotores,0.0
Chubut,top_mensual_2026_12.xlsx,2026,month,2026-07,Iibb,59118.0
Chubut,top_mensual_2026_12.xlsx,2026,month,2026-07,Inmobiliario,59.0
Chubut,top_mensual_2026_12.xlsx,2026,month,2026-07,Otros,126.0
Chubut,top_mensual_2026_12.xlsx,2026,month,2026-07,Sellos,8040.0
Corrientes,top_mensual_2026_12.xlsx,2026,month,2026-01,Automotores,0.0
Corrientes,top_mensual_2026_12.xlsx,2026,month,2026-01,Iibb,31388.155612849998
Corrientes,top_mensual_2026_12.xlsx,2026,month,2026-01,Inmobiliario,295.86017554000006
Corrientes,top_mensual_2026_12.xlsx,2026,month,2026-01,Otros,76.43936335
Corrientes,top_mensual_2026_12.xlsx,2026,month,2026-01,Sellos,4915.402439829999
Corrientes,top_mensual_2026_12.xlsx,2026,month,2026-02,Automotores,0.0
Corrientes,top_mensual_2026_12.xlsx,2026,month,2026-02,Iibb,30211.81
Corrientes,top_mensual_2026_12.xlsx,2026,month,2026-02,Inmobiliario,310.06834559000004
Corrientes,top_mensual_2026_12.xlsx,2026,month,2026-02,Otros,47.31761615999999
Corrientes,top_mensual_2026_12.xlsx,2026,month,2026-02,Sellos,4318.35593555
Corrientes,top_mensual_2026_12.xlsx,2026,month,2026-03,Automotores,0.0
Corrientes,top_mensual_2026_12.xlsx,2026,month,2026-03,Iibb,28772.437883100007
Corrientes,top_mensual_2026_12.xlsx,2026,month,2026-03,Inmobiliario,718.1371058699999
Corrientes,top_mensual_2026_12.xlsx,2026,month,2026-03,Otros,79.2132748
Corrientes,top_mensual_2026_12.xlsx,2026,month,2026-03,Sellos,4713.09843349
Corrientes,top_mensual_2026_12.xlsx,2026,month,2026-04,Automotores,0.0
Corrientes,top_mensual_2026_12.xlsx,2026,month,2026-04,Iibb,32059.956612019996
Corrientes,top_mensual_2026_12.xlsx,2026,month,2026-04,Inmobiliario,5275.9158518099985
Corrientes,top_mensual_2026_12.xlsx,2026,month,2026-04,Otros,73.03389789
Corrientes,top_mensual_2026_12.xlsx,2026,month,2026-04,Sellos,5472.368435730001
Corrientes,top_mensual_2026_12.xlsx,2026,month,2026-05,Automotores,0.0
Corrientes,top_mensual_2026_12.xlsx,2026,month,2026-05,Iibb,32161.157915990003
Corrientes,top_mensual_2026_12.xlsx,2026,month,2026-05,Inmobiliario,525.7850798699999
Corrientes,top_mensual_2026_12.xlsx,2026,month,2026-05,Otros,64.41850882
Corrientes,top_mensual_2026_12.xlsx,2026,month,2026-05,Sellos,5230.025766490001
Córdoba,top_mensual_2026_12.xlsx,2026,month,2026-01,Automotores,13494.366532
Córdoba,top_mensual_2026_12.xlsx,2026,month,2026-01,Iibb,277942.435932
Córdoba,top_mensual_2026_12.xlsx,2026,month,2026-01,Inmobiliario,45075.52358
Córdoba,top_mensual_2026_12.xlsx,2026,month,2026-01,Otros,0.0
Córdoba,top_mensual_2026_12.xlsx,2026,month,2026-01,Sellos,37032.355723
Córdoba,top_mensual_2026_12.xlsx,2026,month,2026-02,Automotores,19007.169955
Córdoba,top_mensual_2026_12.xlsx,2026,month,2026-02,Iibb,242946.498124
Córdoba,top_mensual_2026_12.xlsx,2026,month,2026-02,Inmobiliario,85744.066922
Córdoba,top_mensual_2026_12.xlsx,2026,month,2026-02,Otros,0.0
Córdoba,top_mensual_2026_12.xlsx,2026,month,2026-02,Sellos,28749.031814
Córdoba,top_mensual_2026_12.xlsx,2026,month,2026-03,Automotores,26153.404034
Córdoba,top_mensual_2026_12.xlsx,2026,month,2026-03,Iibb,245101.444514
Córdoba,top_mensual_2026_12.xlsx,2026,month,2026-03,Inmobiliario,61322.928515
Córdoba,top_mensual_2026_12.xlsx,2026,month,2026-03,Otros,0.0
Córdoba,top_mensual_2026_12.xlsx,2026,month,2026-03,Sellos,36500.946557
Córdoba,top_mensual_2026_12.xlsx,2026,month,2026-04,Automotores,19064.583571
Córdoba,top_mensual_2026_12.xlsx,2026,month,2026-04,Iibb,260877.639025
Córdoba,top_mensual_2026_12.xlsx,2026,month,2026-04,Inmobiliario,56237.192615
Córdoba,top_mensual_2026_12.xlsx,2026,month,2026-04,Otros,0.0
Córdoba,top_mensual_2026_12.xlsx,2026,month,2026-04,Sellos,37133.048052
Córdoba,top_mensual_2026_12.xlsx,2026,month,2026-05,Automotores,9352.30909
Córdoba,top_mensual_2026_12.xlsx,2026,month,2026-05,Iibb,272287.853378
Córdoba,top_mensual_2026_12.xlsx,2026,month,2026-05,Inmobiliario,91294.381302
Córdoba,top_mensual_2026_12.xlsx,2026,month,2026-05,Otros,0.0
Córdoba,top_mensual_2026_12.xlsx,2026,month,2026-05,Sellos,35946.673101
Córdoba,top_mensual_2026_12.xlsx,2026,month,2026-06,Automotores,9548.475162
Córdoba,top_mensual_2026_12.xlsx,2026,month,2026-06,Iibb,271632.288984
Córdoba,top_mensual_2026_12.xlsx,2026,month,2026-06,Inmobiliario,44508.857899
Córdoba,top_mensual_2026_12.xlsx,2026,month,2026-06,Otros,0.0
Córdoba,top_mensual_2026_12.xlsx,2026,month,2026-06,Sellos,35887.83126
Entre Ríos,top_mensual_2026_12.xlsx,2026,month,2026-01,Automotores,2998.258649
Entre Ríos,top_mensual_2026_12.xlsx,2026,month,2026-01,Iibb,71086.671954
Entre Ríos,top_mensual_2026_12.xlsx,2026,month,2026-01,Inmobiliario,2777.234029
Entre Ríos,top_mensual_2026_12.xlsx,2026,month,2026-01,Otros,2407.6586529999995
Entre Ríos,top_mensual_2026_12.xlsx,2026,month,2026-01,Sellos,7977.871347
Entre Ríos,top_mensual_2026_12.xlsx,2026,month,2026-02,Automotores,2075.413197
Entre Ríos,top_mensual_2026_12.xlsx,2026,month,2026-02,Iibb,64033.055967
Entre Ríos,top_mensual_2026_12.xlsx,2026,month,2026-02,Inmobiliario,21947.150063
Entre Ríos,top_mensual_2026_12.xlsx,2026,month,2026-02,Otros,1922.430093
Entre Ríos,top_mensual_2026_12.xlsx,2026,month,2026-02,Sellos,7878.716908
Entre Ríos,top_mensual_2026_12.xlsx,2026,month,2026-03,Automotores,6963.69165
Entre Ríos,top_mensual_2026_12.xlsx,2026,month,2026-03,Iibb,61766.402625
Entre Ríos,top_mensual_2026_12.xlsx,2026,month,2026-03,Inmobiliario,6351.941631
Entre Ríos,top_mensual_2026_12.xlsx,2026,month,2026-03,Otros,2385.369581
Entre Ríos,top_mensual_2026_12.xlsx,2026,month,2026-03,Sellos,7723.97849
Entre Ríos,top_mensual_2026_12.xlsx,2026,month,2026-04,Automotores,30426.658221
Entre Ríos,top_mensual_2026_12.xlsx,2026,month,2026-04,Iibb,67785.222425
Entre Ríos,top_mensual_2026_12.xlsx,2026,month,2026-04,Inmobiliario,11384.357645
Entre Ríos,top_mensual_2026_12.xlsx,2026,month,2026-04,Otros,2499.0713889999997
Entre Ríos,top_mensual_2026_12.xlsx,2026,month,2026-04,Sellos,8470.744631
Entre Ríos,top_mensual_2026_12.xlsx,2026,month,2026-05,Automotores,17627.227651
Entre Ríos,top_mensual_2026_12.xlsx,2026,month,2026-05,Iibb,67360.573766
Entre Ríos,top_mensual_2026_12.xlsx,2026,month,2026-05,Inmobiliario,29765.719996
Entre Ríos,top_mensual_2026_12.xlsx,2026,month,2026-05,Otros,2471.370303
Entre Ríos,top_mensual_2026_12.xlsx,2026,month,2026-05,Sellos,8489.019381
Entre Ríos,top_mensual_2026_12.xlsx,2026,month,2026-06,Automotores,5160.187522
Entre Ríos,top_mensual_2026_12.xlsx,2026,month,2026-06,Iibb,71000.459527
Entre Ríos,top_mensual_2026_12.xlsx,2026,month,2026-06,Inmobiliario,12586.459045
Entre Ríos,top_mensual_2026_12.xlsx,2026,month,2026-06,Otros,2692.0323550000003
Entre Ríos,top_mensual_2026_12.xlsx,2026,month,2026-06,Sellos,8977.61395
Formosa,top_mensual_2026_12.xlsx,2026,month,2026-01,Automotores,0.0
Formosa,top_mensual_2026_12.xlsx,2026,month,2026-01,Iibb,13853.67083167
Formosa,top_mensual_2026_12.xlsx,2026,month,2026-01,Inmobiliario,53.69613069
Formosa,top_mensual_2026_12.xlsx,2026,month,2026-01,Otros,26.780123500000002
Formosa,top_mensual_2026_12.xlsx,2026,month,2026-01,Sellos,1403.08955886
Formosa,top_mensual_2026_12.xlsx,2026,month,2026-02,Automotores,0.0
Formosa,top_mensual_2026_12.xlsx,2026,month,2026-02,Iibb,13091.20440542
Formosa,top_mensual_2026_12.xlsx,2026,month,2026-02,Inmobiliario,51.50762739
Formosa,top_mensual_2026_12.xlsx,2026,month,2026-02,Otros,32.62081501
Formosa,top_mensual_2026_12.xlsx,2026,month,2026-02,Sellos,1740.00762568
Formosa,top_mensual_2026_12.xlsx,2026,month,2026-03,Automotores,0.0
Formosa,top_mensual_2026_12.xlsx,2026,month,2026-03,Iibb,12710.47287446
Formosa,top_mensual_2026_12.xlsx,2026,month,2026-03,Inmobiliario,106.6519598
Formosa,top_mensual_2026_12.xlsx,2026,month,2026-03,Otros,24.5899422
Formosa,top_mensual_2026_12.xlsx,2026,month,2026-03,Sellos,1783.36419013
Formosa,top_mensual_2026_12.xlsx,2026,month,2026-04,Automotores,0.0
Formosa,top_mensual_2026_12.xlsx,2026,month,2026-04,Iibb,13819.89748209
Formosa,top_mensual_2026_12.xlsx,2026,month,2026-04,Inmobiliario,90.59754601
Formosa,top_mensual_2026_12.xlsx,2026,month,2026-04,Otros,24.42639294
Formosa,top_mensual_2026_12.xlsx,2026,month,2026-04,Sellos,2135.09714549
Formosa,top_mensual_2026_12.xlsx,2026,month,2026-05,Automotores,0.0
Formosa,top_mensual_2026_12.xlsx,2026,month,2026-05,Iibb,16554.10737406
Formosa,top_mensual_2026_12.xlsx,2026,month,2026-05,Inmobiliario,157.41854095
Formosa,top_mensual_2026_12.xlsx,2026,month,2026-05,Otros,35.32274999
Formosa,top_mensual_2026_12.xlsx,2026,month,2026-05,Sellos,1629.61643738
Formosa,top_mensual_2026_12.xlsx,2026,month,2026-06,Automotores,0.0
Formosa,top_mensual_2026_12.xlsx,2026,month,2026-06,Iibb,16142.33423689
Formosa,top_mensual_2026_12.xlsx,2026,month,2026-06,Inmobiliario,166.92977987
Formosa,top_mensual_2026_12.xlsx,2026,month,2026-06,Otros,75.12853597
Formosa,top_mensual_2026_12.xlsx,2026,month,2026-06,Sellos,1781.80455719
Formosa,top_mensual_2026_12.xlsx,2026,month,2026-07,Automotores,0.0
Formosa,top_mensual_2026_12.xlsx,2026,month,2026-07,Iibb,16466.41004466
Formosa,top_mensual_2026_12.xlsx,2026,month,2026-07,Inmobiliario,154.14612297
Formosa,top_mensual_2026_12.xlsx,2026,month,2026-07,Otros,79.7833583
Formosa,top_mensual_2026_12.xlsx,2026,month,2026-07,Sellos,1700.64816976
Jujuy,top_mensual_2026_12.xlsx,2026,month,2026-01,Automotores,0.0
Jujuy,top_mensual_2026_12.xlsx,2026,month,2026-01,Iibb,25337.645064
Jujuy,top_mensual_2026_12.xlsx,2026,month,2026-01,Inmobiliario,1444.984319
Jujuy,top_mensual_2026_12.xlsx,2026,month,2026-01,Otros,0.0
Jujuy,top_mensual_2026_12.xlsx,2026,month,2026-01,Sellos,3251.227113
Jujuy,top_mensual_2026_12.xlsx,2026,month,2026-02,Automotores,0.0
Jujuy,top_mensual_2026_12.xlsx,2026,month,2026-02,Iibb,23522.391473
Jujuy,top_mensual_2026_12.xlsx,2026,month,2026-02,Inmobiliario,2770.087933
Jujuy,top_mensual_2026_12.xlsx,2026,month,2026-02,Otros,0.0
Jujuy,top_mensual_2026_12.xlsx,2026,month,2026-02,Sellos,3386.045269
Jujuy,top_mensual_2026_12.xlsx,2026,month,2026-03,Automotores,0.0
Jujuy,top_mensual_2026_12.xlsx,2026,month,2026-03,Iibb,23692.420305
Jujuy,top_mensual_2026_12.xlsx,2026,month,2026-03,Inmobiliario,2784.644854
Jujuy,top_mensual_2026_12.xlsx,2026,month,2026-03,Otros,0.0
Jujuy,top_mensual_2026_12.xlsx,2026,month,2026-03,Sellos,2791.764264
Jujuy,top_mensual_2026_12.xlsx,2026,month,2026-04,Automotores,0.0
Jujuy,top_mensual_2026_12.xlsx,2026,month,2026-04,Iibb,24783.802606
Jujuy,top_mensual_2026_12.xlsx,2026,month,2026-04,Inmobiliario,809.556199
Jujuy,top_mensual_2026_12.xlsx,2026,month,2026-04,Otros,0.0
Jujuy,top_mensual_2026_12.xlsx,2026,month,2026-04,Sellos,3144.524758
Jujuy,top_mensual_2026_12.xlsx,2026,month,2026-05,Automotores,0.0
Jujuy,top_mensual_2026_12.xlsx,2026,month,2026-05,Iibb,26407.681451
Jujuy,top_mensual_2026_12.xlsx,2026,month,2026-05,Inmobiliario,466.652157
Jujuy,top_mensual_2026_12.xlsx,2026,month,2026-05,Otros,0.0
Jujuy,top_mensual_2026_12.xlsx,2026,month,2026-05,Sellos,2945.876533
Jujuy,top_mensual_2026_12.xlsx,2026,month,2026-06,Automotores,0.0
Jujuy,top_mensual_2026_12.xlsx,2026,month,2026-06,Iibb,26470.798853
Jujuy,top_mensual_2026_12.xlsx,2026,month,2026-06,Inmobiliario,585.154361
Jujuy,top_mensual_2026_12.xlsx,2026,month,2026-06,Otros,0.0
Jujuy,top_mensual_2026_12.xlsx,2026,month,2026-06,Sellos,3149.152867
La Pampa,top_mensual_2026_12.xlsx,2026,month,2026-01,Automotores,2514.55166264
La Pampa,top_mensual_2026_12.xlsx,2026,month,2026-01,Iibb,35892.89271075
La Pampa,top_mensual_2026_12.xlsx,2026,month,2026-01,Inmobiliario,603.31670844
La Pampa,top_mensual_2026_12.xlsx,2026,month,2026-01,Otros,30.12265181
La Pampa,top_mensual_2026_12.xlsx,2026,month,2026-01,Sellos,3580.97583531
La Pampa,top_mensual_2026_12.xlsx,2026,month,2026-02,Automotores,4482.84153608
La Pampa,top_mensual_2026_12.xlsx,2026,month,2026-02,Iibb,25307.5003753
La Pampa,top_mensual_2026_12.xlsx,2026,month,2026-02,Inmobiliario,440.43229886
La Pampa,top_mensual_2026_12.xlsx,2026,month,2026-02,Otros,22.839392029999996
La Pampa,top_mensual_2026_12.xlsx,2026,month,2026-02,Sellos,1230.14905099
La Pampa,top_mensual_2026_12.xlsx,2026,month,2026-03,Automotores,3029.05289129
La Pampa,top_mensual_2026_12.xlsx,2026,month,2026-03,Iibb,34479.59942785
La Pampa,top_mensual_2026_12.xlsx,2026,month,2026-03,Inmobiliario,1489.88057652
La Pampa,top_mensual_2026_12.xlsx,2026,month,2026-03,Otros,108.49174306
La Pampa,top_mensual_2026_12.xlsx,2026,month,2026-03,Sellos,4872.3583484499995
La Pampa,top_mensual_2026_12.xlsx,2026,month,2026-04,Automotores,4215.95658912
La Pampa,top_mensual_2026_12.xlsx,2026,month,2026-04,Iibb,29660.02766195
La Pampa,top_mensual_2026_12.xlsx,2026,month,2026-04,Inmobiliario,7765.82847783
La Pampa,top_mensual_2026_12.xlsx,2026,month,2026-04,Otros,410.29354231
La Pampa,top_mensual_2026_12.xlsx,2026,month,2026-04,Sellos,3827.67827997
La Pampa,top_mensual_2026_12.xlsx,2026,month,2026-05,Automotores,2439.47920266
La Pampa,top_mensual_2026_12.xlsx,2026,month,2026-05,Iibb,32620.48271811
La Pampa,top_mensual_2026_12.xlsx,2026,month,2026-05,Inmobiliario,4018.6921661
La Pampa,top_mensual_2026_12.xlsx,2026,month,2026-05,Otros,354.78623183999997
La Pampa,top_mensual_2026_12.xlsx,2026,month,2026-05,Sellos,4262.9150646
La Rioja,top_mensual_2026_12.xlsx,2026,month,2026-01,Automotores,465.70864435
La Rioja,top_mensual_2026_12.xlsx,2026,month,2026-01,Iibb,11905.85784717
La Rioja,top_mensual_2026_12.xlsx,2026,month,2026-01,Inmobiliario,177.77756762
La Rioja,top_mensual_2026_12.xlsx,2026,month,2026-01,Otros,0.0
La Rioja,top_mensual_2026_12.xlsx,2026,month,2026-01,Sellos,1771.69874507
La Rioja,top_mensual_2026_12.xlsx,2026,month,2026-02,Automotores,561.5000584
La Rioja,top_mensual_2026_12.xlsx,2026,month,2026-02,Iibb,10431.22931162
La Rioja,top_mensual_2026_12.xlsx,2026,month,2026-02,Inmobiliario,331.47542935
La Rioja,top_mensual_2026_12.xlsx,2026,month,2026-02,Otros,0.0
La Rioja,top_mensual_2026_12.xlsx,2026,month,2026-02,Sellos,1727.11827215
La Rioja,top_mensual_2026_12.xlsx,2026,month,2026-03,Automotores,814.62135491
La Rioja,top_mensual_2026_12.xlsx,2026,month,2026-03,Iibb,10141.29731003
La Rioja,top_mensual_2026_12.xlsx,2026,month,2026-03,Inmobiliario,1204.5789452899999
La Rioja,top_mensual_2026_12.xlsx,2026,month,2026-03,Otros,0.0
La Rioja,top_mensual_2026_12.xlsx,2026,month,2026-03,Sellos,1828.8498712499998
La Rioja,top_mensual_2026_12.xlsx,2026,month,2026-04,Automotores,1641.43106567
La Rioja,top_mensual_2026_12.xlsx,2026,month,2026-04,Iibb,12154.9953214
La Rioja,top_mensual_2026_12.xlsx,2026,month,2026-04,Inmobiliario,506.49486937
La Rioja,top_mensual_2026_12.xlsx,2026,month,2026-04,Otros,0.0
La Rioja,top_mensual_2026_12.xlsx,2026,month,2026-04,Sellos,1844.32294994
La Rioja,top_mensual_2026_12.xlsx,2026,month,2026-05,Automotores,997.96492693
La Rioja,top_mensual_2026_12.xlsx,2026,month,2026-05,Iibb,11506.15128883
La Rioja,top_mensual_2026_12.xlsx,2026,month,2026-05,Inmobiliario,293.11490066999994
La Rioja,top_mensual_2026_12.xlsx,2026,month,2026-05,Otros,0.0
La Rioja,top_mensual_2026_12.xlsx,2026,month,2026-05,Sellos,2124.4086718300005
La Rioja,top_mensual_2026_12.xlsx,2026,month,2026-06,Automotores,826.47227681
La Rioja,top_mensual_2026_12.xlsx,2026,month,2026-06,Iibb,12236.69580414
La Rioja,top_mensual_2026_12.xlsx,2026,month,2026-06,Inmobiliario,270.88436797
La Rioja,top_mensual_2026_12.xlsx,2026,month,2026-06,Otros,0.0
La Rioja,top_mensual_2026_12.xlsx,2026,month,2026-06,Sellos,2332.05188479
Mendoza,top_mensual_2026_12.xlsx,2026,month,2026-01,Automotores,3641.0630381
Mendoza,top_mensual_2026_12.xlsx,2026,month,2026-01,Iibb,117078.451628
Mendoza,top_mensual_2026_12.xlsx,2026,month,2026-01,Inmobiliario,2083.6220027
Mendoza,top_mensual_2026_12.xlsx,2026,month,2026-01,Otros,0.0
Mendoza,top_mensual_2026_12.xlsx,2026,month,2026-01,Sellos,12468.715794
Mendoza,top_mensual_2026_12.xlsx,2026,month,2026-02,Automotores,9223.3247194
Mendoza,top_mensual_2026_12.xlsx,2026,month,2026-02,Iibb,107684.302374
Mendoza,top_mensual_2026_12.xlsx,2026,month,2026-02,Inmobiliario,23855.459072
Mendoza,top_mensual_2026_12.xlsx,2026,month,2026-02,Otros,0.0
Mendoza,top_mensual_2026_12.xlsx,2026,month,2026-02,Sellos,9809.9932623
Mendoza,top_mensual_2026_12.xlsx,2026,month,2026-03,Automotores,27438.118094
Mendoza,top_mensual_2026_12.xlsx,2026,month,2026-03,Iibb,102299.489784
Mendoza,top_mensual_2026_12.xlsx,2026,month,2026-03,Inmobiliario,6685.7805258
Mendoza,top_mensual_2026_12.xlsx,2026,month,2026-03,Otros,0.0
Mendoza,top_mensual_2026_12.xlsx,2026,month,2026-03,Sellos,10286.082233
Mendoza,top_mensual_2026_12.xlsx,2026,month,2026-04,Automotores,7015.9967763
Mendoza,top_mensual_2026_12.xlsx,2026,month,2026-04,Iibb,110785.143496
Mendoza,top_mensual_2026_12.xlsx,2026,month,2026-04,Inmobiliario,5994.3560237
Mendoza,top_mensual_2026_12.xlsx,2026,month,2026-04,Otros,0.0
Mendoza,top_mensual_2026_12.xlsx,2026,month,2026-04,Sellos,11215.035749
Mendoza,top_mensual_2026_12.xlsx,2026,month,2026-05,Automotores,10659.953303
Mendoza,top_mensual_2026_12.xlsx,2026,month,2026-05,Iibb,117822.892378
Mendoza,top_mensual_2026_12.xlsx,2026,month,2026-05,Inmobiliario,2742.9332244
Mendoza,top_mensual_2026_12.xlsx,2026,month,2026-05,Otros,0.0
Mendoza,top_mensual_2026_12.xlsx,2026,month,2026-05,Sellos,11690.252686
Mendoza,top_mensual_2026_12.xlsx,2026,month,2026-06,Automotores,6768.557634
Mendoza,top_mensual_2026_12.xlsx,2026,month,2026-06,Iibb,116053.38275
Mendoza,top_mensual_2026_12.xlsx,2026,month,2026-06,Inmobiliario,5982.723089
Mendoza,top_mensual_2026_12.xlsx,2026,month,2026-06,Otros,0.0
Mendoza,top_mensual_2026_12.xlsx,2026,month,2026-06,Sellos,11294.864805
Misiones,top_mensual_2026_12.xlsx,2026,month,2026-01,Automotores,303.47186245999995
Misiones,top_mensual_2026_12.xlsx,2026,month,2026-01,Iibb,84541.87094949001
Misiones,top_mensual_2026_12.xlsx,2026,month,2026-01,Inmobiliario,3004.0058206599997
Misiones,top_mensual_2026_12.xlsx,2026,month,2026-01,Otros,209.43365573999998
Misiones,top_mensual_2026_12.xlsx,2026,month,2026-01,Sellos,5230.08847492
Misiones,top_mensual_2026_12.xlsx,2026,month,2026-02,Automotores,834.5000247
Misiones,top_mensual_2026_12.xlsx,2026,month,2026-02,Iibb,77385.17541571001
Misiones,top_mensual_2026_12.xlsx,2026,month,2026-02,Inmobiliario,2522.67759554
Misiones,top_mensual_2026_12.xlsx,2026,month,2026-02,Otros,241.06002909
Misiones,top_mensual_2026_12.xlsx,2026,month,2026-02,Sellos,4844.94930689
Misiones,top_mensual_2026_12.xlsx,2026,month,2026-03,Automotores,1798.21748676
Misiones,top_mensual_2026_12.xlsx,2026,month,2026-03,Iibb,74671.14177964999
Misiones,top_mensual_2026_12.xlsx,2026,month,2026-03,Inmobiliario,1172.27233858
Misiones,top_mensual_2026_12.xlsx,2026,month,2026-03,Otros,216.99960604
Misiones,top_mensual_2026_12.xlsx,2026,month,2026-03,Sellos,4819.58233902
Misiones,top_mensual_2026_12.xlsx,2026,month,2026-04,Automotores,893.7396281599999
Misiones,top_mensual_2026_12.xlsx,2026,month,2026-04,Iibb,86671.87649905
Misiones,top_mensual_2026_12.xlsx,2026,month,2026-04,Inmobiliario,678.59135565
Misiones,top_mensual_2026_12.xlsx,2026,month,2026-04,Otros,168.13488996
Misiones,top_mensual_2026_12.xlsx,2026,month,2026-04,Sellos,5040.8168746599995
Misiones,top_mensual_2026_12.xlsx,2026,month,2026-05,Automotores,651.0260630700001
Misiones,top_mensual_2026_12.xlsx,2026,month,2026-05,Iibb,82187.03033167
Misiones,top_mensual_2026_12.xlsx,2026,month,2026-05,Inmobiliario,534.69132932
Misiones,top_mensual_2026_12.xlsx,2026,month,2026-05,Otros,219.28829995
Misiones,top_mensual_2026_12.xlsx,2026,month,2026-05,Sellos,5661.58435922
Misiones,top_mensual_2026_12.xlsx,2026,month,2026-06,Automotores,556.04835772
Misiones,top_mensual_2026_12.xlsx,2026,month,2026-06,Iibb,81085.17583063
Misiones,top_mensual_2026_12.xlsx,2026,month,2026-06,Inmobiliario,633.0542132100001
Misiones,top_mensual_2026_12.xlsx,2026,month,2026-06,Otros,192.87112061000002
Misiones,top_mensual_2026_12.xlsx,2026,month,2026-06,Sellos,5633.88023634
Neuquén,top_mensual_2026_12.xlsx,2026,month,2026-01,Automotores,0.0
Neuquén,top_mensual_2026_12.xlsx,2026,month,2026-01,Iibb,153865.78661314
Neuquén,top_mensual_2026_12.xlsx,2026,month,2026-01,Inmobiliario,12129.15347107
Neuquén,top_mensual_2026_12.xlsx,2026,month,2026-01,Otros,382.56960196
Neuquén,top_mensual_2026_12.xlsx,2026,month,2026-01,Sellos,10620.09625887
Neuquén,top_mensual_2026_12.xlsx,2026,month,2026-02,Automotores,0.0
Neuquén,top_mensual_2026_12.xlsx,2026,month,2026-02,Iibb,152796.7578945
Neuquén,top_mensual_2026_12.xlsx,2026,month,2026-02,Inmobiliario,5276.71644287
Neuquén,top_mensual_2026_12.xlsx,2026,month,2026-02,Otros,1072.26097416
Neuquén,top_mensual_2026_12.xlsx,2026,month,2026-02,Sellos,17369.22637482
Neuquén,top_mensual_2026_12.xlsx,2026,month,2026-03,Automotores,0.0
Neuquén,top_mensual_2026_12.xlsx,2026,month,2026-03,Iibb,142318.11428116
Neuquén,top_mensual_2026_12.xlsx,2026,month,2026-03,Inmobiliario,2887.13730843
Neuquén,top_mensual_2026_12.xlsx,2026,month,2026-03,Otros,738.77283909
Neuquén,top_mensual_2026_12.xlsx,2026,month,2026-03,Sellos,11440.79271291
Neuquén,top_mensual_2026_12.xlsx,2026,month,2026-04,Automotores,0.0
Neuquén,top_mensual_2026_12.xlsx,2026,month,2026-04,Iibb,168026.851179
Neuquén,top_mensual_2026_12.xlsx,2026,month,2026-04,Inmobiliario,3254.35332358
Neuquén,top_mensual_2026_12.xlsx,2026,month,2026-04,Otros,1389.76899738
Neuquén,top_mensual_2026_12.xlsx,2026,month,2026-04,Sellos,11553.46871175
Neuquén,top_mensual_2026_12.xlsx,2026,month,2026-05,Automotores,0.0
Neuquén,top_mensual_2026_12.xlsx,2026,month,2026-05,Iibb,188093.61127485
Neuquén,top_mensual_2026_12.xlsx,2026,month,2026-05,Inmobiliario,2827.97692143
Neuquén,top_mensual_2026_12.xlsx,2026,month,2026-05,Otros,469.90074005
Neuquén,top_mensual_2026_12.xlsx,2026,month,2026-05,Sellos,13087.60448782
Neuquén,top_mensual_2026_12.xlsx,2026,month,2026-06,Automotores,0.0
Neuquén,top_mensual_2026_12.xlsx,2026,month,2026-06,Iibb,195071.70213106
Neuquén,top_mensual_2026_12.xlsx,2026,month,2026-06,Inmobiliario,2803.4029759299997
Neuquén,top_mensual_2026_12.xlsx,2026,month,2026-06,Otros,834.8594350599999
Neuquén,top_mensual_2026_12.xlsx,2026,month,2026-06,Sellos,11161.3107321
Río Negro,top_mensual_2026_12.xlsx,2026,month,2026-01,Automotores,9743.41992652
Río Negro,top_mensual_2026_12.xlsx,2026,month,2026-01,Iibb,55702.02098655
Río Negro,top_mensual_2026_12.xlsx,2026,month,2026-01,Inmobiliario,6120.87243776
Río Negro,top_mensual_2026_12.xlsx,2026,month,2026-01,Otros,4094.64434956
Río Negro,top_mensual_2026_12.xlsx,2026,month,2026-01,Sellos,8166.57280344
Río Negro,top_mensual_2026_12.xlsx,2026,month,2026-02,Automotores,16454.093813
Río Negro,top_mensual_2026_12.xlsx,2026,month,2026-02,Iibb,56699.881915
Río Negro,top_mensual_2026_12.xlsx,2026,month,2026-02,Inmobiliario,10023.299277
Río Negro,top_mensual_2026_12.xlsx,2026,month,2026-02,Otros,2160.921786
Río Negro,top_mensual_2026_12.xlsx,2026,month,2026-02,Sellos,3852.395036
Río Negro,top_mensual_2026_12.xlsx,2026,month,2026-03,Automotores,10684.50984
Río Negro,top_mensual_2026_12.xlsx,2026,month,2026-03,Iibb,53343.525855
Río Negro,top_mensual_2026_12.xlsx,2026,month,2026-03,Inmobiliario,5307.734661
Río Negro,top_mensual_2026_12.xlsx,2026,month,2026-03,Otros,2520.786703
Río Negro,top_mensual_2026_12.xlsx,2026,month,2026-03,Sellos,4243.138913
Río Negro,top_mensual_2026_12.xlsx,2026,month,2026-04,Automotores,5819.87063567
Río Negro,top_mensual_2026_12.xlsx,2026,month,2026-04,Iibb,56559.83867326
Río Negro,top_mensual_2026_12.xlsx,2026,month,2026-04,Inmobiliario,2097.38469973
Río Negro,top_mensual_2026_12.xlsx,2026,month,2026-04,Otros,2715.73734449
Río Negro,top_mensual_2026_12.xlsx,2026,month,2026-04,Sellos,4618.33907575
Río Negro,top_mensual_2026_12.xlsx,2026,month,2026-05,Automotores,4873.101459
Río Negro,top_mensual_2026_12.xlsx,2026,month,2026-05,Iibb,57501.923566
Río Negro,top_mensual_2026_12.xlsx,2026,month,2026-05,Inmobiliario,1652.85358
Río Negro,top_mensual_2026_12.xlsx,2026,month,2026-05,Otros,2506.291334
Río Negro,top_mensual_2026_12.xlsx,2026,month,2026-05,Sellos,5065.480299
Río Negro,top_mensual_2026_12.xlsx,2026,month,2026-06,Automotores,5416.78672569
Río Negro,top_mensual_2026_12.xlsx,2026,month,2026-06,Iibb,58119.82918451
Río Negro,top_mensual_2026_12.xlsx,2026,month,2026-06,Inmobiliario,1850.34912278
Río Negro,top_mensual_2026_12.xlsx,2026,month,2026-06,Otros,2867.99685279
Río Negro,top_mensual_2026_12.xlsx,2026,month,2026-06,Sellos,7284.24788745
Río Negro,top_mensual_2026_12.xlsx,2026,month,2026-07,Automotores,6153.34305701
Río Negro,top_mensual_2026_12.xlsx,2026,month,2026-07,Iibb,63986.67338145
Río Negro,top_mensual_2026_12.xlsx,2026,month,2026-07,Inmobiliario,2046.22403379
Río Negro,top_mensual_2026_12.xlsx,2026,month,2026-07,Otros,3649.9418123200003
Río Negro,top_mensual_2026_12.xlsx,2026,month,2026-07,Sellos,6494.07594459
Salta,top_mensual_2026_12.xlsx,2026,month,2026-01,Automotores,0.0
Salta,top_mensual_2026_12.xlsx,2026,month,2026-01,Iibb,68690.51558289
Salta,top_mensual_2026_12.xlsx,2026,month,2026-01,Inmobiliario,33.41933704
Salta,top_mensual_2026_12.xlsx,2026,month,2026-01,Otros,0.05180766
Salta,top_mensual_2026_12.xlsx,2026,month,2026-01,Sellos,6201.57287164
Salta,top_mensual_2026_12.xlsx,2026,month,2026-02,Automotores,0.0
Salta,top_mensual_2026_12.xlsx,2026,month,2026-02,Iibb,62276.50715926
Salta,top_mensual_2026_12.xlsx,2026,month,2026-02,Inmobiliario,57.72488133
Salta,top_mensual_2026_12.xlsx,2026,month,2026-02,Otros,0.00683573
Salta,top_mensual_2026_12.xlsx,2026,month,2026-02,Sellos,7515.2712416
Salta,top_mensual_2026_12.xlsx,2026,month,2026-03,Automotores,0.0
Salta,top_mensual_2026_12.xlsx,2026,month,2026-03,Iibb,58460.32204792
Salta,top_mensual_2026_12.xlsx,2026,month,2026-03,Inmobiliario,432.59613385
Salta,top_mensual_2026_12.xlsx,2026,month,2026-03,Otros,0.02629996
Salta,top_mensual_2026_12.xlsx,2026,month,2026-03,Sellos,6946.47460827
Salta,top_mensual_2026_12.xlsx,2026,month,2026-04,Automotores,0.0
Salta,top_mensual_2026_12.xlsx,2026,month,2026-04,Iibb,65668.34650689
Salta,top_mensual_2026_12.xlsx,2026,month,2026-04,Inmobiliario,120.81257695
Salta,top_mensual_2026_12.xlsx,2026,month,2026-04,Otros,0.03299083
Salta,top_mensual_2026_12.xlsx,2026,month,2026-04,Sellos,7399.12206535
Salta,top_mensual_2026_12.xlsx,2026,month,2026-05,Automotores,0.0
Salta,top_mensual_2026_12.xlsx,2026,month,2026-05,Iibb,66653.71643643
Salta,top_mensual_2026_12.xlsx,2026,month,2026-05,Inmobiliario,66.04489295
Salta,top_mensual_2026_12.xlsx,2026,month,2026-05,Otros,0.00715072
Salta,top_mensual_2026_12.xlsx,2026,month,2026-05,Sellos,6764.60265117
San Juan,top_mensual_2026_12.xlsx,2026,month,2026-01,Automotores,1581.22509
San Juan,top_mensual_2026_12.xlsx,2026,month,2026-01,Iibb,25908.117672
San Juan,top_mensual_2026_12.xlsx,2026,month,2026-01,Inmobiliario,544.828486
San Juan,top_mensual_2026_12.xlsx,2026,month,2026-01,Otros,1795.289817
San Juan,top_mensual_2026_12.xlsx,2026,month,2026-01,Sellos,3002.683866
San Juan,top_mensual_2026_12.xlsx,2026,month,2026-02,Automotores,1359.895032
San Juan,top_mensual_2026_12.xlsx,2026,month,2026-02,Iibb,24534.546415
San Juan,top_mensual_2026_12.xlsx,2026,month,2026-02,Inmobiliario,2779.572684
San Juan,top_mensual_2026_12.xlsx,2026,month,2026-02,Otros,245.55978
San Juan,top_mensual_2026_12.xlsx,2026,month,2026-02,Sellos,2659.054964
San Juan,top_mensual_2026_12.xlsx,2026,month,2026-03,Automotores,2856.921155
San Juan,top_mensual_2026_12.xlsx,2026,month,2026-03,Iibb,24144.661903
San Juan,top_mensual_2026_12.xlsx,2026,month,2026-03,Inmobiliario,1026.575911
San Juan,top_mensual_2026_12.xlsx,2026,month,2026-03,Otros,262.066107
San Juan,top_mensual_2026_12.xlsx,2026,month,2026-03,Sellos,2843.963333
San Juan,top_mensual_2026_12.xlsx,2026,month,2026-04,Automotores,7097.159173
San Juan,top_mensual_2026_12.xlsx,2026,month,2026-04,Iibb,27019.945424
San Juan,top_mensual_2026_12.xlsx,2026,month,2026-04,Inmobiliario,595.775571
San Juan,top_mensual_2026_12.xlsx,2026,month,2026-04,Otros,300.133322
San Juan,top_mensual_2026_12.xlsx,2026,month,2026-04,Sellos,2743.961639
San Juan,top_mensual_2026_12.xlsx,2026,month,2026-05,Automotores,3067.020935
San Juan,top_mensual_2026_12.xlsx,2026,month,2026-05,Iibb,26638.949048
San Juan,top_mensual_2026_12.xlsx,2026,month,2026-05,Inmobiliario,458.441315
San Juan,top_mensual_2026_12.xlsx,2026,month,2026-05,Otros,289.5938
San Juan,top_mensual_2026_12.xlsx,2026,month,2026-05,Sellos,3165.385797
San Juan,top_mensual_2026_12.xlsx,2026,month,2026-06,Automotores,2461.545022
San Juan,top_mensual_2026_12.xlsx,2026,month,2026-06,Iibb,28380.702591
San Juan,top_mensual_2026_12.xlsx,2026,month,2026-06,Inmobiliario,513.497244
San Juan,top_mensual_2026_12.xlsx,2026,month,2026-06,Otros,244.020183
San Juan,top_mensual_2026_12.xlsx,2026,month,2026-06,Sellos,2716.548298
San Juan,top_mensual_2026_12.xlsx,2026,month,2026-07,Automotores,2545.148823
San Juan,top_mensual_2026_12.xlsx,2026,month,2026-07,Iibb,26918.16689
San Juan,top_mensual_2026_12.xlsx,2026,month,2026-07,Inmobiliario,554.553393
San Juan,top_mensual_2026_12.xlsx,2026,month,2026-07,Otros,311.749138
San Juan,top_mensual_2026_12.xlsx,2026,month,2026-07,Sellos,3045.023471
San Luis,top_mensual_2026_12.xlsx,2026,month,2026-01,Automotores,1472.44756718
San Luis,top_mensual_2026_12.xlsx,2026,month,2026-01,Iibb,27476.85782109
San Luis,top_mensual_2026_12.xlsx,2026,month,2026-01,Inmobiliario,716.50240739
San Luis,top_mensual_2026_12.xlsx,2026,month,2026-01,Otros,13.68884362
San Luis,top_mensual_2026_12.xlsx,2026,month,2026-01,Sellos,3246.2715652800002
San Luis,top_mensual_2026_12.xlsx,2026,month,2026-02,Automotores,6385.007132
San Luis,top_mensual_2026_12.xlsx,2026,month,2026-02,Iibb,25734.660952
San Luis,top_mensual_2026_12.xlsx,2026,month,2026-02,Inmobiliario,7188.398956
San Luis,top_mensual_2026_12.xlsx,2026,month,2026-02,Otros,5.313522000000001
San Luis,top_mensual_2026_12.xlsx,2026,month,2026-02,Sellos,2928.072764
San Luis,top_mensual_2026_12.xlsx,2026,month,2026-03,Automotores,3954.550544
San Luis,top_mensual_2026_12.xlsx,2026,month,2026-03,Iibb,24638.264595
San Luis,top_mensual_2026_12.xlsx,2026,month,2026-03,Inmobiliario,3998.876153
San Luis,top_mensual_2026_12.xlsx,2026,month,2026-03,Otros,3.836181
San Luis,top_mensual_2026_12.xlsx,2026,month,2026-03,Sellos,3137.131997
San Luis,top_mensual_2026_12.xlsx,2026,month,2026-04,Automotores,1767.65819239
San Luis,top_mensual_2026_12.xlsx,2026,month,2026-04,Iibb,26842.18632191
San Luis,top_mensual_2026_12.xlsx,2026,month,2026-04,Inmobiliario,1415.2171702
San Luis,top_mensual_2026_12.xlsx,2026,month,2026-04,Otros,1.65684204
San Luis,top_mensual_2026_12.xlsx,2026,month,2026-04,Sellos,3083.12829329
San Luis,top_mensual_2026_12.xlsx,2026,month,2026-05,Automotores,1546.33290628
San Luis,top_mensual_2026_12.xlsx,2026,month,2026-05,Iibb,27705.0834568
San Luis,top_mensual_2026_12.xlsx,2026,month,2026-05,Inmobiliario,996.81506009
San Luis,top_mensual_2026_12.xlsx,2026,month,2026-05,Otros,2.17855185
San Luis,top_mensual_2026_12.xlsx,2026,month,2026-05,Sellos,3464.23430953
San Luis,top_mensual_2026_12.xlsx,2026,month,2026-06,Automotores,1703.96904929
San Luis,top_mensual_2026_12.xlsx,2026,month,2026-06,Iibb,28344.80763495
San Luis,top_mensual_2026_12.xlsx,2026,month,2026-06,Inmobiliario,1121.22607443
San Luis,top_mensual_2026_12.xlsx,2026,month,2026-06,Otros,1.8647466
San Luis,top_mensual_2026_12.xlsx,2026,month,2026-06,Sellos,3264.30753602
San Luis,top_mensual_2026_12.xlsx,2026,month,2026-07,Automotores,1843.36744111
San Luis,top_mensual_2026_12.xlsx,2026,month,2026-07,Iibb,29640.51517444
San Luis,top_mensual_2026_12.xlsx,2026,month,2026-07,Inmobiliario,1191.24403174
San Luis,top_mensual_2026_12.xlsx,2026,month,2026-07,Otros,1.21618048
San Luis,top_mensual_2026_12.xlsx,2026,month,2026-07,Sellos,3146.49828638
Santa Cruz,top_mensual_2026_12.xlsx,2026,month,2026-01,Automotores,0.0
Santa Cruz,top_mensual_2026_12.xlsx,2026,month,2026-01,Iibb,43618.75356179
Santa Cruz,top_mensual_2026_12.xlsx,2026,month,2026-01,Inmobiliario,0.10359775
Santa Cruz,top_mensual_2026_12.xlsx,2026,month,2026-01,Otros,17.62530191
Santa Cruz,top_mensual_2026_12.xlsx,2026,month,2026-01,Sellos,3804.43404185
Santa Cruz,top_mensual_2026_12.xlsx,2026,month,2026-02,Automotores,0.0
Santa Cruz,top_mensual_2026_12.xlsx,2026,month,2026-02,Iibb,33881.241821
Santa Cruz,top_mensual_2026_12.xlsx,2026,month,2026-02,Inmobiliario,0.198362
Santa Cruz,top_mensual_2026_12.xlsx,2026,month,2026-02,Otros,6.10808211
Santa Cruz,top_mensual_2026_12.xlsx,2026,month,2026-02,Sellos,3211.773984
Santa Cruz,top_mensual_2026_12.xlsx,2026,month,2026-03,Automotores,0.0
Santa Cruz,top_mensual_2026_12.xlsx,2026,month,2026-03,Iibb,30440.326054
Santa Cruz,top_mensual_2026_12.xlsx,2026,month,2026-03,Inmobiliario,0.119683
Santa Cruz,top_mensual_2026_12.xlsx,2026,month,2026-03,Otros,25.32422978
Santa Cruz,top_mensual_2026_12.xlsx,2026,month,2026-03,Sellos,3399.989964
Santa Cruz,top_mensual_2026_12.xlsx,2026,month,2026-04,Automotores,0.0
Santa Cruz,top_mensual_2026_12.xlsx,2026,month,2026-04,Iibb,34433.43453663
Santa Cruz,top_mensual_2026_12.xlsx,2026,month,2026-04,Inmobiliario,0.50724955
Santa Cruz,top_mensual_2026_12.xlsx,2026,month,2026-04,Otros,26.8555235
Santa Cruz,top_mensual_2026_12.xlsx,2026,month,2026-04,Sellos,4445.85799293
Santa Cruz,top_mensual_2026_12.xlsx,2026,month,2026-05,Automotores,0.0
Santa Cruz,top_mensual_2026_12.xlsx,2026,month,2026-05,Iibb,34138.65201073
Santa Cruz,top_mensual_2026_12.xlsx,2026,month,2026-05,Inmobiliario,1.28540297
Santa Cruz,top_mensual_2026_12.xlsx,2026,month,2026-05,Otros,16.41970098
Santa Cruz,top_mensual_2026_12.xlsx,2026,month,2026-05,Sellos,3741.49728993
Santa Cruz,top_mensual_2026_12.xlsx,2026,month,2026-06,Automotores,0.0
Santa Cruz,top_mensual_2026_12.xlsx,2026,month,2026-06,Iibb,36455.45360796
Santa Cruz,top_mensual_2026_12.xlsx,2026,month,2026-06,Inmobiliario,1.56072844
Santa Cruz,top_mensual_2026_12.xlsx,2026,month,2026-06,Otros,32.45975406
Santa Cruz,top_mensual_2026_12.xlsx,2026,month,2026-06,Sellos,3810.25582124
Santa Cruz,top_mensual_2026_12.xlsx,2026,month,2026-07,Automotores,0.0
Santa Cruz,top_mensual_2026_12.xlsx,2026,month,2026-07,Iibb,35857.13668731
Santa Cruz,top_mensual_2026_12.xlsx,2026,month,2026-07,Inmobiliario,1.99697371
Santa Cruz,top_mensual_2026_12.xlsx,2026,month,2026-07,Otros,8.990720770000001
Santa Cruz,top_mensual_2026_12.xlsx,2026,month,2026-07,Sellos,3533.45851832
Santa Fe,top_mensual_2026_12.xlsx,2026,month,2026-01,Automotores,353.47
Santa Fe,top_mensual_2026_12.xlsx,2026,month,2026-01,Iibb,252562.23416314
Santa Fe,top_mensual_2026_12.xlsx,2026,month,2026-01,Inmobiliario,10403.6138151
Santa Fe,top_mensual_2026_12.xlsx,2026,month,2026-01,Otros,848.94009586
Santa Fe,top_mensual_2026_12.xlsx,2026,month,2026-01,Sellos,24497.94786835
Santa Fe,top_mensual_2026_12.xlsx,2026,month,2026-02,Automotores,2992.89
Santa Fe,top_mensual_2026_12.xlsx,2026,month,2026-02,Iibb,234389.94828685
Santa Fe,top_mensual_2026_12.xlsx,2026,month,2026-02,Inmobiliario,75163.01647822
Santa Fe,top_mensual_2026_12.xlsx,2026,month,2026-02,Otros,837.0998312999999
Santa Fe,top_mensual_2026_12.xlsx,2026,month,2026-02,Sellos,22244.29915695
Santa Fe,top_mensual_2026_12.xlsx,2026,month,2026-03,Automotores,420.91
Santa Fe,top_mensual_2026_12.xlsx,2026,month,2026-03,Iibb,215552.49317341
Santa Fe,top_mensual_2026_12.xlsx,2026,month,2026-03,Inmobiliario,11714.728951030002
Santa Fe,top_mensual_2026_12.xlsx,2026,month,2026-03,Otros,778.52975217
Santa Fe,top_mensual_2026_12.xlsx,2026,month,2026-03,Sellos,21755.749329029997
Santa Fe,top_mensual_2026_12.xlsx,2026,month,2026-04,Automotores,466.8
Santa Fe,top_mensual_2026_12.xlsx,2026,month,2026-04,Iibb,245312.28762664998
Santa Fe,top_mensual_2026_12.xlsx,2026,month,2026-04,Inmobiliario,13381.42557732
Santa Fe,top_mensual_2026_12.xlsx,2026,month,2026-04,Otros,846.15458356
Santa Fe,top_mensual_2026_12.xlsx,2026,month,2026-04,Sellos,23274.96144033
Santa Fe,top_mensual_2026_12.xlsx,2026,month,2026-05,Automotores,255.15
Santa Fe,top_mensual_2026_12.xlsx,2026,month,2026-05,Iibb,251381.30739266
Santa Fe,top_mensual_2026_12.xlsx,2026,month,2026-05,Inmobiliario,8916.75408239
Santa Fe,top_mensual_2026_12.xlsx,2026,month,2026-05,Otros,934.3713248000001
Santa Fe,top_mensual_2026_12.xlsx,2026,month,2026-05,Sellos,23855.53281894
Santiago del Estero,top_mensual_2026_12.xlsx,2026,month,2026-01,Automotores,595.72286411
Santiago del Estero,top_mensual_2026_12.xlsx,2026,month,2026-01,Iibb,19136.85149369
Santiago del Estero,top_mensual_2026_12.xlsx,2026,month,2026-01,Inmobiliario,713.41776613
Santiago del Estero,top_mensual_2026_12.xlsx,2026,month,2026-01,Otros,202.99764545
Santiago del Estero,top_mensual_2026_12.xlsx,2026,month,2026-01,Sellos,2089.90696596
Santiago del Estero,top_mensual_2026_12.xlsx,2026,month,2026-02,Automotores,410.00332035
Santiago del Estero,top_mensual_2026_12.xlsx,2026,month,2026-02,Iibb,17031.96587843
Santiago del Estero,top_mensual_2026_12.xlsx,2026,month,2026-02,Inmobiliario,726.00956691
Santiago del Estero,top_mensual_2026_12.xlsx,2026,month,2026-02,Otros,193.51739086999999
Santiago del Estero,top_mensual_2026_12.xlsx,2026,month,2026-02,Sellos,2423.81832117
Santiago del Estero,top_mensual_2026_12.xlsx,2026,month,2026-03,Automotores,499.69272637
Santiago del Estero,top_mensual_2026_12.xlsx,2026,month,2026-03,Iibb,17048.15225946
Santiago del Estero,top_mensual_2026_12.xlsx,2026,month,2026-03,Inmobiliario,6373.5846732
Santiago del Estero,top_mensual_2026_12.xlsx,2026,month,2026-03,Otros,139.64569792
Santiago del Estero,top_mensual_2026_12.xlsx,2026,month,2026-03,Sellos,1758.01197796
Santiago del Estero,top_mensual_2026_12.xlsx,2026,month,2026-04,Automotores,614.32215222
Santiago del Estero,top_mensual_2026_12.xlsx,2026,month,2026-04,Iibb,18988.35446499
Santiago del Estero,top_mensual_2026_12.xlsx,2026,month,2026-04,Inmobiliario,3588.66810219
Santiago del Estero,top_mensual_2026_12.xlsx,2026,month,2026-04,Otros,240.2298741
Santiago del Estero,top_mensual_2026_12.xlsx,2026,month,2026-04,Sellos,2125.34741862
Santiago del Estero,top_mensual_2026_12.xlsx,2026,month,2026-05,Automotores,3266.92608579
Santiago del Estero,top_mensual_2026_12.xlsx,2026,month,2026-05,Iibb,19855.22441585
Santiago del Estero,top_mensual_2026_12.xlsx,2026,month,2026-05,Inmobiliario,4611.33363803
Santiago del Estero,top_mensual_2026_12.xlsx,2026,month,2026-05,Otros,135.99400491
Santiago del Estero,top_mensual_2026_12.xlsx,2026,month,2026-05,Sellos,2563.82906499
Santiago del Estero,top_mensual_2026_12.xlsx,2026,month,2026-06,Automotores,2867.88610165
Santiago del Estero,top_mensual_2026_12.xlsx,2026,month,2026-06,Iibb,23250.68903212
Santiago del Estero,top_mensual_2026_12.xlsx,2026,month,2026-06,Inmobiliario,5202.74397452
Santiago del Estero,top_mensual_2026_12.xlsx,2026,month,2026-06,Otros,239.91041766
Santiago del Estero,top_mensual_2026_12.xlsx,2026,month,2026-06,Sellos,2317.65363435
Santiago del Estero,top_mensual_2026_12.xlsx,2026,month,2026-07,Automotores,1500.66789947
Santiago del Estero,top_mensual_2026_12.xlsx,2026,month,2026-07,Iibb,25196.29846475
Santiago del Estero,top_mensual_2026_12.xlsx,2026,month,2026-07,Inmobiliario,3337.46609383
Santiago del Estero,top_mensual_2026_12.xlsx,2026,month,2026-07,Otros,188.01710025999998
Santiago del Estero,top_mensual_2026_12.xlsx,2026,month,2026-07,Sellos,2908.6070792699998
Tierra del Fuego,top_mensual_2026_12.xlsx,2026,month,2026-01,Automotores,0.0
Tierra del Fuego,top_mensual_2026_12.xlsx,2026,month,2026-01,Iibb,15966.19701576
Tierra del Fuego,top_mensual_2026_12.xlsx,2026,month,2026-01,Inmobiliario,1.17533649
Tierra del Fuego,top_mensual_2026_12.xlsx,2026,month,2026-01,Otros,12658.17054027
Tierra del Fuego,top_mensual_2026_12.xlsx,2026,month,2026-01,Sellos,1996.8372934200002
Tierra del Fuego,top_mensual_2026_12.xlsx,2026,month,2026-02,Automotores,0.0
Tierra del Fuego,top_mensual_2026_12.xlsx,2026,month,2026-02,Iibb,16443.89394078
Tierra del Fuego,top_mensual_2026_12.xlsx,2026,month,2026-02,Inmobiliario,0.13771082
Tierra del Fuego,top_mensual_2026_12.xlsx,2026,month,2026-02,Otros,11296.94284214
Tierra del Fuego,top_mensual_2026_12.xlsx,2026,month,2026-02,Sellos,2070.76905243
Tierra del Fuego,top_mensual_2026_12.xlsx,2026,month,2026-03,Automotores,0.0
Tierra del Fuego,top_mensual_2026_12.xlsx,2026,month,2026-03,Iibb,14093.73017264
Tierra del Fuego,top_mensual_2026_12.xlsx,2026,month,2026-03,Inmobiliario,0.23700026999999999
Tierra del Fuego,top_mensual_2026_12.xlsx,2026,month,2026-03,Otros,11404.53498678
Tierra del Fuego,top_mensual_2026_12.xlsx,2026,month,2026-03,Sellos,1857.54927416
Tierra del Fuego,top_mensual_2026_12.xlsx,2026,month,2026-04,Automotores,0.0
Tierra del Fuego,top_mensual_2026_12.xlsx,2026,month,2026-04,Iibb,16785.53509968
Tierra del Fuego,top_mensual_2026_12.xlsx,2026,month,2026-04,Inmobiliario,0.28018156
Tierra del Fuego,top_mensual_2026_12.xlsx,2026,month,2026-04,Otros,13850.75067786
Tierra del Fuego,top_mensual_2026_12.xlsx,2026,month,2026-04,Sellos,2012.4578589300002
Tierra del Fuego,top_mensual_2026_12.xlsx,2026,month,2026-05,Automotores,0.0
Tierra del Fuego,top_mensual_2026_12.xlsx,2026,month,2026-05,Iibb,14835.389293350001
Tierra del Fuego,top_mensual_2026_12.xlsx,2026,month,2026-05,Inmobiliario,0.17253475
Tierra del Fuego,top_mensual_2026_12.xlsx,2026,month,2026-05,Otros,11881.2996287
Tierra del Fuego,top_mensual_2026_12.xlsx,2026,month,2026-05,Sellos,2163.85968226
Tierra del Fuego,top_mensual_2026_12.xlsx,2026,month,2026-06,Automotores,0.0
Tierra del Fuego,top_mensual_2026_12.xlsx,2026,month,2026-06,Iibb,15456.10014089
Tierra del Fuego,top_mensual_2026_12.xlsx,2026,month,2026-06,Inmobiliario,0.31500399
Tierra del Fuego,top_mensual_2026_12.xlsx,2026,month,2026-06,Otros,11865.6394311
Tierra del Fuego,top_mensual_2026_12.xlsx,2026,month,2026-06,Sellos,1974.15289389
Tucumán,top_mensual_2026_12.xlsx,2026,month,2026-01,Automotores,6026.384727
Tucumán,top_mensual_2026_12.xlsx,2026,month,2026-01,Iibb,88016.266692
Tucumán,top_mensual_2026_12.xlsx,2026,month,2026-01,Inmobiliario,2065.304041
Tucumán,top_mensual_2026_12.xlsx,2026,month,2026-01,Otros,4864.809992
Tucumán,top_mensual_2026_12.xlsx,2026,month,2026-01,Sellos,12526.253979
Tucumán,top_mensual_2026_12.xlsx,2026,month,2026-02,Automotores,3264.893073
Tucumán,top_mensual_2026_12.xlsx,2026,month,2026-02,Iibb,80312.845553
Tucumán,top_mensual_2026_12.xlsx,2026,month,2026-02,Inmobiliario,848.614857
Tucumán,top_mensual_2026_12.xlsx,2026,month,2026-02,Otros,3948.8277169999997
Tucumán,top_mensual_2026_12.xlsx,2026,month,2026-02,Sellos,10843.025987
Tucumán,top_mensual_2026_12.xlsx,2026,month,2026-03,Automotores,3424.928767999999
Tucumán,top_mensual_2026_12.xlsx,2026,month,2026-03,Iibb,77702.76788099999
Tucumán,top_mensual_2026_12.xlsx,2026,month,2026-03,Inmobiliario,897.6709530000003
Tucumán,top_mensual_2026_12.xlsx,2026,month,2026-03,Otros,4358.120505
Tucumán,top_mensual_2026_12.xlsx,2026,month,2026-03,Sellos,11356.826518
Tucumán,top_mensual_2026_12.xlsx,2026,month,2026-04,Automotores,3670.754961
Tucumán,top_mensual_2026_12.xlsx,2026,month,2026-04,Iibb,87642.341485
Tucumán,top_mensual_2026_12.xlsx,2026,month,2026-04,Inmobiliario,983.641066
Tucumán,top_mensual_2026_12.xlsx,2026,month,2026-04,Otros,4147.561822000001
Tucumán,top_mensual_2026_12.xlsx,2026,month,2026-04,Sellos,11278.111937
Tucumán,top_mensual_2026_12.xlsx,2026,month,2026-05,Automotores,3786.354976
Tucumán,top_mensual_2026_12.xlsx,2026,month,2026-05,Iibb,89826.6031
Tucumán,top_mensual_2026_12.xlsx,2026,month,2026-05,Inmobiliario,887.404124
Tucumán,top_mensual_2026_12.xlsx,2026,month,2026-05,Otros,4143.2432499999995
Tucumán,top_mensual_2026_12.xlsx,2026,month,2026-05,Sellos,11802.915779
Tucumán,top_mensual_2026_12.xlsx,2026,month,2026-06,Automotores,4169.639272
Tucumán,top_mensual_2026_12.xlsx,2026,month,2026-06,Iibb,93217.063111
Tucumán,top_mensual_2026_12.xlsx,2026,month,2026-06,Inmobiliario,936.217503
Tucumán,top_mensual_2026_12.xlsx,2026,month,2026-06,Otros,4960.881758
Tucumán,top_mensual_2026_12.xlsx,2026,month,2026-06,Sellos,11895.28117
