province,security_rate_2024,security_rate_2025,security_change_pct,source_security,education_language_high_2024,education_math_high_2024,education_language_high_2022,education_math_high_2022,education_student_participation_pct,education_school_participation_pct,source_education,health_infant_mortality_2022,health_infant_mortality_2023,health_infant_mortality_2024,health_infant_mortality_avg_2022_2024,population_2024,source_health,nbi_households_pct_2010,nbi_households_pct_2022,nbi_housing_pct_2022,nbi_sanitary_pct_2022,nbi_overcrowding_pct_2022,spend_security_pc_2024,spend_health_pc_2024,spend_education_culture_pc_2024,spend_social_assistance_pc_2024,education_rank_eligible,source_social,source_spending
Buenos Aires,4.70414215779919,4.44294830150959,-5.552422684687697,https://apis.datos.gob.ar/series/api/series?ids=t_snic_1_victimas_06&start_date=2024-01-01&limit=10,57.2,16.9,57.1,17.1,61.1,97.1,https://www.argentina.gob.ar/sites/default/files/2025/07/buenos_aires_2024.pdf,7.9,7.6,8.4,7.966666666666666,17431446,https://www.argentina.gob.ar/sites/default/files/serie_5_nro_68_anuario_vitales_v4_revisada_ok.pdf,8.2,6.3,2.8,0.6,2.6,154825.17629346412,125435.77817323703,397908.9634325621,62623.97852708261,True,https://www.indec.gob.ar/ftp/cuadros/sociedad/serie_nbi_2022.xlsx,https://www.argentina.gob.ar/sites/default/files/gfyf_apnf_2024_-_trim._iv_1.xlsx
CABA,2.61819451245824,2.53273560772991,-3.264039563206178,https://apis.datos.gob.ar/series/api/series?ids=t_snic_1_victimas_02&start_date=2024-01-01&limit=10,71.2,34.8,70.8,37.2,67.9,93.0,https://www.argentina.gob.ar/sites/default/files/2025/07/ciudad_autonoma_de_buenos_aires_2024.pdf,6.0,5.5,4.9,5.466666666666666,3093735,https://www.argentina.gob.ar/sites/default/files/serie_5_nro_68_anuario_vitales_v4_revisada_ok.pdf,6.0,4.8,3.5,0.2,1.0,431910.1358451419,524626.7836749591,666637.7443613334,272951.6697893711,True,https://www.indec.gob.ar/ftp/cuadros/sociedad/serie_nbi_2022.xlsx,https://www.argentina.gob.ar/sites/default/files/gfyf_apnf_2024_-_trim._iv_1.xlsx
Catamarca,1.82853799244814,1.36666788148256,-25.258983563541104,https://apis.datos.gob.ar/series/api/series?ids=t_snic_1_victimas_10&start_date=2024-01-01&limit=10,45.4,8.6,49.2,8.3,70.5,94.8,https://www.argentina.gob.ar/sites/default/files/2025/07/catamarca_2024.pdf,5.9,8.7,8.0,7.533333333333334,437508,https://www.argentina.gob.ar/sites/default/files/serie_5_nro_68_anuario_vitales_v4_revisada_ok.pdf,11.4,6.9,1.7,1.7,2.8,166051.454673606,300185.85591008625,653292.0242075117,138561.65176120208,True,https://www.indec.gob.ar/ftp/cuadros/sociedad/serie_nbi_2022.xlsx,https://www.argentina.gob.ar/sites/default/files/gfyf_apnf_2024_-_trim._iv_1.xlsx
Chaco,4.74664175096119,4.30603308358341,-9.282534694946321,https://apis.datos.gob.ar/series/api/series?ids=t_snic_1_victimas_22&start_date=2024-01-01&limit=10,43.9,8.2,41.9,7.3,67.6,95.0,https://www.argentina.gob.ar/sites/default/files/2025/07/chaco_2024.pdf,10.9,9.5,11.8,10.733333333333334,1200849,https://www.argentina.gob.ar/sites/default/files/serie_5_nro_68_anuario_vitales_v4_revisada_ok.pdf,18.2,11.2,4.6,2.0,3.5,154549.4256091732,245619.20696065028,659006.0465822513,81147.57864716546,True,https://www.indec.gob.ar/ftp/cuadros/sociedad/serie_nbi_2022.xlsx,https://www.argentina.gob.ar/sites/default/files/gfyf_apnf_2024_-_trim._iv_1.xlsx
Chubut,4.66143032659979,3.48635672402,-25.20843432700043,https://apis.datos.gob.ar/series/api/series?ids=t_snic_1_victimas_26&start_date=2024-01-01&limit=10,60.2,17.6,61.1,18.0,64.2,96.3,https://www.argentina.gob.ar/sites/default/files/2025/07/chubut_2024.pdf,8.4,5.2,5.3,6.3,600674,https://www.argentina.gob.ar/sites/default/files/serie_5_nro_68_anuario_vitales_v4_revisada_ok.pdf,8.5,5.1,2.0,0.5,2.3,242735.623466789,377771.74206612905,715305.2083090993,48919.328272673694,True,https://www.indec.gob.ar/ftp/cuadros/sociedad/serie_nbi_2022.xlsx,https://www.argentina.gob.ar/sites/default/files/gfyf_apnf_2024_-_trim._iv_1.xlsx
Corrientes,2.75201814664087,0.913693356203355,-66.79915220331615,https://apis.datos.gob.ar/series/api/series?ids=t_snic_1_victimas_18&start_date=2024-01-01&limit=10,51.3,10.7,49.5,10.2,79.7,99.1,https://www.argentina.gob.ar/sites/default/files/2025/07/corrientes_2024.pdf,13.6,11.6,14.0,13.066666666666668,1199120,https://www.argentina.gob.ar/sites/default/files/serie_5_nro_68_anuario_vitales_v4_revisada_ok.pdf,15.2,11.8,5.3,1.4,4.3,180250.30022016144,245240.91000066715,418035.1507772366,52887.4174394556,True,https://www.indec.gob.ar/ftp/cuadros/sociedad/serie_nbi_2022.xlsx,https://www.argentina.gob.ar/sites/default/files/gfyf_apnf_2024_-_trim._iv_1.xlsx
Córdoba,2.96481073737884,2.42573400563225,-18.182500655106992,https://apis.datos.gob.ar/series/api/series?ids=t_snic_1_victimas_14&start_date=2024-01-01&limit=10,63.7,24.1,64.9,25.9,88.8,98.8,https://www.argentina.gob.ar/sites/default/files/2025/07/cordoba_2024.pdf,7.5,7.5,6.8,7.266666666666667,3946289,https://www.argentina.gob.ar/sites/default/files/serie_5_nro_68_anuario_vitales_v4_revisada_ok.pdf,6.0,4.3,1.1,0.6,2.1,210786.00092340293,175479.65236994738,414933.41813311196,55782.492418623704,True,https://www.indec.gob.ar/ftp/cuadros/sociedad/serie_nbi_2022.xlsx,https://www.argentina.gob.ar/sites/default/files/gfyf_apnf_2024_-_trim._iv_1.xlsx
Entre Ríos,3.36534994488381,2.33007260232103,-30.76284367207237,https://apis.datos.gob.ar/series/api/series?ids=t_snic_1_victimas_30&start_date=2024-01-01&limit=10,61.3,18.2,58.0,17.0,73.2,94.5,https://www.argentina.gob.ar/sites/default/files/2025/07/entre_rios_2024.pdf,10.8,9.5,8.8,9.700000000000001,1456015,https://www.argentina.gob.ar/sites/default/files/serie_5_nro_68_anuario_vitales_v4_revisada_ok.pdf,8.1,6.0,2.6,0.8,2.3,192294.76302667893,300515.8169263315,490335.8151509577,72172.08394096028,True,https://www.indec.gob.ar/ftp/cuadros/sociedad/serie_nbi_2022.xlsx,https://www.argentina.gob.ar/sites/default/files/gfyf_apnf_2024_-_trim._iv_1.xlsx
Formosa,3.36290016510238,3.0320003702232,-9.839715086192758,https://apis.datos.gob.ar/series/api/series?ids=t_snic_1_victimas_34&start_date=2024-01-01&limit=10,46.2,11.4,44.5,9.2,77.5,99.6,https://www.argentina.gob.ar/sites/default/files/2025/07/formosa_2024.pdf,15.1,10.2,10.7,12.0,624461,https://www.argentina.gob.ar/sites/default/files/serie_5_nro_68_anuario_vitales_v4_revisada_ok.pdf,19.8,11.7,4.2,1.8,5.1,188919.36695252388,418578.5615563181,490768.03720222716,132647.4731641047,True,https://www.indec.gob.ar/ftp/cuadros/sociedad/serie_nbi_2022.xlsx,https://www.argentina.gob.ar/sites/default/files/gfyf_apnf_2024_-_trim._iv_1.xlsx
Jujuy,2.00332301204623,3.74651574036146,87.01506036885691,https://apis.datos.gob.ar/series/api/series?ids=t_snic_1_victimas_38&start_date=2024-01-01&limit=10,52.7,15.9,53.0,13.9,76.8,96.5,https://www.argentina.gob.ar/sites/default/files/2025/07/jujuy_2024.pdf,7.9,7.2,6.0,7.033333333333334,798673,https://www.argentina.gob.ar/sites/default/files/serie_5_nro_68_anuario_vitales_v4_revisada_ok.pdf,15.5,10.9,4.3,1.8,3.9,187860.31492361712,257360.8438116476,449335.4740060574,50946.31132210555,True,https://www.indec.gob.ar/ftp/cuadros/sociedad/serie_nbi_2022.xlsx,https://www.argentina.gob.ar/sites/default/files/gfyf_apnf_2024_-_trim._iv_1.xlsx
La Pampa,1.33023654266202,1.59238204430007,19.70668322743969,https://apis.datos.gob.ar/series/api/series?ids=t_snic_1_victimas_42&start_date=2024-01-01&limit=10,62.7,19.6,63.5,20.4,81.3,99.3,https://www.argentina.gob.ar/sites/default/files/2025/07/la_pampa_2024.pdf,6.9,9.0,6.6,7.5,375873,https://www.argentina.gob.ar/sites/default/files/serie_5_nro_68_anuario_vitales_v4_revisada_ok.pdf,3.8,2.6,0.8,0.2,1.2,194070.09882133725,624704.9082121884,671691.2383212569,449115.5540459869,True,https://www.indec.gob.ar/ftp/cuadros/sociedad/serie_nbi_2022.xlsx,https://www.argentina.gob.ar/sites/default/files/gfyf_apnf_2024_-_trim._iv_1.xlsx
La Rioja,0.995413631691979,2.72562608870178,173.81844109054737,https://apis.datos.gob.ar/series/api/series?ids=t_snic_1_victimas_46&start_date=2024-01-01&limit=10,49.6,9.2,49.1,8.9,85.9,100.0,https://www.argentina.gob.ar/sites/default/files/2025/07/la_rioja_2024.pdf,10.7,10.3,11.7,10.9,401843,https://www.argentina.gob.ar/sites/default/files/serie_5_nro_68_anuario_vitales_v4_revisada_ok.pdf,12.3,8.0,3.5,0.9,3.1,167182.29607456143,349310.37254243554,540044.0386916541,130237.53297608768,True,https://www.indec.gob.ar/ftp/cuadros/sociedad/serie_nbi_2022.xlsx,https://www.argentina.gob.ar/sites/default/files/gfyf_apnf_2024_-_trim._iv_1.xlsx
Mendoza,3.47657303912712,3.17509785407348,-8.671619484494785,https://apis.datos.gob.ar/series/api/series?ids=t_snic_1_victimas_50&start_date=2024-01-01&limit=10,55.8,17.3,56.5,16.9,81.0,97.7,https://www.argentina.gob.ar/sites/default/files/2025/07/mendoza_2024.pdf,6.7,5.8,7.6,6.7,2042241,https://www.argentina.gob.ar/sites/default/files/serie_5_nro_68_anuario_vitales_v4_revisada_ok.pdf,7.7,6.4,1.5,0.9,3.0,120804.90550123635,157980.88620566824,368221.374579769,61531.63072174634,True,https://www.indec.gob.ar/ftp/cuadros/sociedad/serie_nbi_2022.xlsx,https://www.argentina.gob.ar/sites/default/files/gfyf_apnf_2024_-_trim._iv_1.xlsx
Misiones,3.44922478672918,3.34729776370756,-2.9550704672476558,https://apis.datos.gob.ar/series/api/series?ids=t_snic_1_victimas_54&start_date=2024-01-01&limit=10,51.6,10.8,50.6,9.5,75.7,96.7,https://www.argentina.gob.ar/sites/default/files/2025/07/misiones_2024.pdf,8.2,8.8,9.5,8.833333333333334,1333633,https://www.argentina.gob.ar/sites/default/files/serie_5_nro_68_anuario_vitales_v4_revisada_ok.pdf,15.7,8.7,3.6,1.3,2.5,139542.33935483,351992.58232163574,442330.6365279204,207893.51985608484,True,https://www.indec.gob.ar/ftp/cuadros/sociedad/serie_nbi_2022.xlsx,https://www.argentina.gob.ar/sites/default/files/gfyf_apnf_2024_-_trim._iv_1.xlsx
Neuquén,4.29547114159305,5.6913900651095,32.49745784577076,https://apis.datos.gob.ar/series/api/series?ids=t_snic_1_victimas_58&start_date=2024-01-01&limit=10,58.0,17.8,63.2,22.4,42.5,62.3,https://www.argentina.gob.ar/sites/default/files/2025/07/neuquen_2024.pdf,4.4,7.0,7.1,6.166666666666667,698410,https://www.argentina.gob.ar/sites/default/files/serie_5_nro_68_anuario_vitales_v4_revisada_ok.pdf,10.4,6.6,3.0,0.6,2.8,356468.6931744964,820710.9004739338,1564651.9952463454,146823.78545553473,False,https://www.indec.gob.ar/ftp/cuadros/sociedad/serie_nbi_2022.xlsx,https://www.argentina.gob.ar/sites/default/files/gfyf_apnf_2024_-_trim._iv_1.xlsx
Río Negro,4.46092295221332,3.16994185058669,-28.939775814466827,https://apis.datos.gob.ar/series/api/series?ids=t_snic_1_victimas_62&start_date=2024-01-01&limit=10,58.7,19.6,59.5,19.5,65.4,98.0,https://www.argentina.gob.ar/sites/default/files/2025/07/rio_negro_2024.pdf,8.2,7.1,8.3,7.866666666666667,784591,https://www.argentina.gob.ar/sites/default/files/serie_5_nro_68_anuario_vitales_v4_revisada_ok.pdf,9.5,5.9,2.4,0.6,2.6,257610.11092403557,294921.30242381064,706179.2651708055,55565.5623375746,True,https://www.indec.gob.ar/ftp/cuadros/sociedad/serie_nbi_2022.xlsx,https://www.argentina.gob.ar/sites/default/files/gfyf_apnf_2024_-_trim._iv_1.xlsx
Salta,4.59357966179094,3.16175327964631,-31.170165482367864,https://apis.datos.gob.ar/series/api/series?ids=t_snic_1_victimas_66&start_date=2024-01-01&limit=10,55.8,16.6,55.4,14.3,86.5,98.6,https://www.argentina.gob.ar/sites/default/files/2025/07/salta_2024.pdf,8.9,9.8,10.1,9.6,1480327,https://www.argentina.gob.ar/sites/default/files/serie_5_nro_68_anuario_vitales_v4_revisada_ok.pdf,19.5,14.2,6.8,2.4,4.7,205528.1680896653,310740.1281402757,477521.41662190855,50178.52046888964,True,https://www.indec.gob.ar/ftp/cuadros/sociedad/serie_nbi_2022.xlsx,https://www.argentina.gob.ar/sites/default/files/gfyf_apnf_2024_-_trim._iv_1.xlsx
San Juan,1.1831505168593,1.41323280537311,19.446578033416138,https://apis.datos.gob.ar/series/api/series?ids=t_snic_1_victimas_70&start_date=2024-01-01&limit=10,49.8,11.2,53.5,11.4,84.3,97.7,https://www.argentina.gob.ar/sites/default/files/2025/07/san_juan_2024.pdf,8.3,8.9,9.2,8.799999999999999,845201,https://www.argentina.gob.ar/sites/default/files/serie_5_nro_68_anuario_vitales_v4_revisada_ok.pdf,10.3,8.1,2.0,1.1,3.6,185823.77054290043,336010.6761419355,511008.3091625661,78937.61107893861,True,https://www.indec.gob.ar/ftp/cuadros/sociedad/serie_nbi_2022.xlsx,https://www.argentina.gob.ar/sites/default/files/gfyf_apnf_2024_-_trim._iv_1.xlsx
San Luis,2.99925955779667,1.30554876877426,-56.47096412911499,https://apis.datos.gob.ar/series/api/series?ids=t_snic_1_victimas_74&start_date=2024-01-01&limit=10,53.5,13.5,56.3,14.0,81.3,92.2,https://www.argentina.gob.ar/sites/default/files/2025/07/san_luis_2024.pdf,8.5,6.0,6.3,6.933333333333334,533465,https://www.argentina.gob.ar/sites/default/files/serie_5_nro_68_anuario_vitales_v4_revisada_ok.pdf,7.9,6.5,2.1,1.0,2.7,183332.13590207417,436544.3438819791,600340.1458071289,13974.513160188579,True,https://www.indec.gob.ar/ftp/cuadros/sociedad/serie_nbi_2022.xlsx,https://www.argentina.gob.ar/sites/default/files/gfyf_apnf_2024_-_trim._iv_1.xlsx
Santa Cruz,1.7923716661887,4.47824023071894,149.84997895227127,https://apis.datos.gob.ar/series/api/series?ids=t_snic_1_victimas_78&start_date=2024-01-01&limit=10,55.6,12.6,58.8,12.3,49.8,97.7,https://www.argentina.gob.ar/sites/default/files/2025/07/santa_cruz_2024.pdf,9.8,11.5,7.0,9.433333333333334,334752,https://www.argentina.gob.ar/sites/default/files/serie_5_nro_68_anuario_vitales_v4_revisada_ok.pdf,8.3,6.0,2.9,0.3,2.1,435561.65681990056,510844.710982232,1093949.785465267,100057.50657256228,False,https://www.indec.gob.ar/ftp/cuadros/sociedad/serie_nbi_2022.xlsx,https://www.argentina.gob.ar/sites/default/files/gfyf_apnf_2024_-_trim._iv_1.xlsx
Santa Fe,4.86466316827631,5.64522629622402,16.045573988307304,https://apis.datos.gob.ar/series/api/series?ids=t_snic_1_victimas_82&start_date=2024-01-01&limit=10,57.0,19.6,55.8,18.2,77.0,97.4,https://www.argentina.gob.ar/sites/default/files/2025/07/santa_fe_2024.pdf,8.3,8.6,8.2,8.366666666666667,3679597,https://www.argentina.gob.ar/sites/default/files/serie_5_nro_68_anuario_vitales_v4_revisada_ok.pdf,6.5,4.9,1.4,0.5,2.2,196980.5823844296,209799.39379230933,450677.64597492875,56403.62246191635,True,https://www.indec.gob.ar/ftp/cuadros/sociedad/serie_nbi_2022.xlsx,https://www.argentina.gob.ar/sites/default/files/gfyf_apnf_2024_-_trim._iv_1.xlsx
Santiago del Estero,3.32254613355306,1.98717985113184,-40.19105314854448,https://apis.datos.gob.ar/series/api/series?ids=t_snic_1_victimas_86&start_date=2024-01-01&limit=10,43.0,8.6,43.6,8.0,82.7,98.0,https://www.argentina.gob.ar/sites/default/files/2025/07/santiago_del_estero_2024.pdf,9.0,8.3,10.7,9.333333333333334,1053409,https://www.argentina.gob.ar/sites/default/files/serie_5_nro_68_anuario_vitales_v4_revisada_ok.pdf,17.7,9.5,1.6,2.5,4.0,104013.41606431118,154424.0416473442,489388.22141038097,46775.04347431499,True,https://www.indec.gob.ar/ftp/cuadros/sociedad/serie_nbi_2022.xlsx,https://www.argentina.gob.ar/sites/default/files/gfyf_apnf_2024_-_trim._iv_1.xlsx
Tierra del Fuego,1.65505370649278,2.74720746361324,65.98902215897515,https://apis.datos.gob.ar/series/api/series?ids=t_snic_1_victimas_94&start_date=2024-01-01&limit=10,59.5,17.4,61.5,14.2,68.8,97.6,https://www.argentina.gob.ar/sites/default/files/2025/07/tierra_del_fuego_2024.pdf,3.9,8.3,5.6,5.933333333333334,181263,https://www.argentina.gob.ar/sites/default/files/serie_5_nro_68_anuario_vitales_v4_revisada_ok.pdf,14.3,13.4,10.3,0.5,2.2,302201.51146295795,572045.9371327295,1505262.801054541,268706.14936639287,True,https://www.indec.gob.ar/ftp/cuadros/sociedad/serie_nbi_2022.xlsx,https://www.argentina.gob.ar/sites/default/files/gfyf_apnf_2024_-_trim._iv_1.xlsx
Tucumán,3.78880414031469,2.65002675399351,-30.05638043423896,https://apis.datos.gob.ar/series/api/series?ids=t_snic_1_victimas_90&start_date=2024-01-01&limit=10,48.8,12.8,51.2,12.1,78.3,98.0,https://www.argentina.gob.ar/sites/default/files/2025/07/tucuman_2024.pdf,11.0,8.8,10.2,10.0,1768368,https://www.argentina.gob.ar/sites/default/files/serie_5_nro_68_anuario_vitales_v4_revisada_ok.pdf,13.4,9.5,3.6,1.7,3.2,147923.65998956098,264538.9141721096,260664.78919499932,57197.86433651794,True,https://www.indec.gob.ar/ftp/cuadros/sociedad/serie_nbi_2022.xlsx,https://www.argentina.gob.ar/sites/default/files/gfyf_apnf_2024_-_trim._iv_1.xlsx
