provincia_id,anio,habitantes,provincia,tipo
2,2022,3121189,CABA,Proyección INDEC al 1 de julio
2,2023,3107894,CABA,Proyección INDEC al 1 de julio
2,2024,3093735,CABA,Proyección INDEC al 1 de julio
2,2025,3079674,CABA,Proyección INDEC al 1 de julio
2,2026,3065991,CABA,Proyección INDEC al 1 de julio
2,2027,3052432,CABA,Proyección INDEC al 1 de julio
2,2028,3038998,CABA,Proyección INDEC al 1 de julio
2,2029,3025765,CABA,Proyección INDEC al 1 de julio
2,2030,3012826,CABA,Proyección INDEC al 1 de julio
2,2031,3000505,CABA,Proyección INDEC al 1 de julio
2,2032,2989091,CABA,Proyección INDEC al 1 de julio
2,2033,2978880,CABA,Proyección INDEC al 1 de julio
2,2034,2970026,CABA,Proyección INDEC al 1 de julio
2,2035,2961850,CABA,Proyección INDEC al 1 de julio
2,2036,2953747,CABA,Proyección INDEC al 1 de julio
2,2037,2945706,CABA,Proyección INDEC al 1 de julio
2,2038,2937720,CABA,Proyección INDEC al 1 de julio
2,2039,2929830,CABA,Proyección INDEC al 1 de julio
2,2040,2921997,CABA,Proyección INDEC al 1 de julio
6,2022,17409376,Buenos Aires,Proyección INDEC al 1 de julio
6,2023,17418577,Buenos Aires,Proyección INDEC al 1 de julio
6,2024,17431446,Buenos Aires,Proyección INDEC al 1 de julio
6,2025,17443372,Buenos Aires,Proyección INDEC al 1 de julio
6,2026,17453039,Buenos Aires,Proyección INDEC al 1 de julio
6,2027,17460685,Buenos Aires,Proyección INDEC al 1 de julio
6,2028,17466959,Buenos Aires,Proyección INDEC al 1 de julio
6,2029,17472843,Buenos Aires,Proyección INDEC al 1 de julio
6,2030,17479673,Buenos Aires,Proyección INDEC al 1 de julio
6,2031,17488310,Buenos Aires,Proyección INDEC al 1 de julio
6,2032,17498749,Buenos Aires,Proyección INDEC al 1 de julio
6,2033,17510882,Buenos Aires,Proyección INDEC al 1 de julio
6,2034,17524610,Buenos Aires,Proyección INDEC al 1 de julio
6,2035,17540026,Buenos Aires,Proyección INDEC al 1 de julio
6,2036,17557069,Buenos Aires,Proyección INDEC al 1 de julio
6,2037,17575301,Buenos Aires,Proyección INDEC al 1 de julio
6,2038,17594223,Buenos Aires,Proyección INDEC al 1 de julio
6,2039,17613248,Buenos Aires,Proyección INDEC al 1 de julio
6,2040,17631770,Buenos Aires,Proyección INDEC al 1 de julio
10,2022,434741,Catamarca,Proyección INDEC al 1 de julio
10,2023,436077,Catamarca,Proyección INDEC al 1 de julio
10,2024,437508,Catamarca,Proyección INDEC al 1 de julio
10,2025,439024,Catamarca,Proyección INDEC al 1 de julio
10,2026,440503,Catamarca,Proyección INDEC al 1 de julio
10,2027,441923,Catamarca,Proyección INDEC al 1 de julio
10,2028,443302,Catamarca,Proyección INDEC al 1 de julio
10,2029,444639,Catamarca,Proyección INDEC al 1 de julio
10,2030,445966,Catamarca,Proyección INDEC al 1 de julio
10,2031,447263,Catamarca,Proyección INDEC al 1 de julio
10,2032,448557,Catamarca,Proyección INDEC al 1 de julio
10,2033,449850,Catamarca,Proyección INDEC al 1 de julio
10,2034,451092,Catamarca,Proyección INDEC al 1 de julio
10,2035,452321,Catamarca,Proyección INDEC al 1 de julio
10,2036,453513,Catamarca,Proyección INDEC al 1 de julio
10,2037,454671,Catamarca,Proyección INDEC al 1 de julio
10,2038,455774,Catamarca,Proyección INDEC al 1 de julio
10,2039,456806,Catamarca,Proyección INDEC al 1 de julio
10,2040,457763,Catamarca,Proyección INDEC al 1 de julio
14,2022,3923244,Córdoba,Proyección INDEC al 1 de julio
14,2023,3934514,Córdoba,Proyección INDEC al 1 de julio
14,2024,3946289,Córdoba,Proyección INDEC al 1 de julio
14,2025,3957565,Córdoba,Proyección INDEC al 1 de julio
14,2026,3968336,Córdoba,Proyección INDEC al 1 de julio
14,2027,3978566,Córdoba,Proyección INDEC al 1 de julio
14,2028,3988364,Córdoba,Proyección INDEC al 1 de julio
14,2029,3997839,Córdoba,Proyección INDEC al 1 de julio
14,2030,4007292,Córdoba,Proyección INDEC al 1 de julio
14,2031,4016866,Córdoba,Proyección INDEC al 1 de julio
14,2032,4026568,Córdoba,Proyección INDEC al 1 de julio
14,2033,4036352,Córdoba,Proyección INDEC al 1 de julio
14,2034,4046192,Córdoba,Proyección INDEC al 1 de julio
14,2035,4056111,Córdoba,Proyección INDEC al 1 de julio
14,2036,4066134,Córdoba,Proyección INDEC al 1 de julio
14,2037,4076173,Córdoba,Proyección INDEC al 1 de julio
14,2038,4086175,Córdoba,Proyección INDEC al 1 de julio
14,2039,4096034,Córdoba,Proyección INDEC al 1 de julio
14,2040,4105637,Córdoba,Proyección INDEC al 1 de julio
18,2022,1189015,Corrientes,Proyección INDEC al 1 de julio
18,2023,1193970,Corrientes,Proyección INDEC al 1 de julio
18,2024,1199120,Corrientes,Proyección INDEC al 1 de julio
18,2025,1203905,Corrientes,Proyección INDEC al 1 de julio
18,2026,1208334,Corrientes,Proyección INDEC al 1 de julio
18,2027,1212387,Corrientes,Proyección INDEC al 1 de julio
18,2028,1216312,Corrientes,Proyección INDEC al 1 de julio
18,2029,1220239,Corrientes,Proyección INDEC al 1 de julio
18,2030,1224094,Corrientes,Proyección INDEC al 1 de julio
18,2031,1227937,Corrientes,Proyección INDEC al 1 de julio
18,2032,1231780,Corrientes,Proyección INDEC al 1 de julio
18,2033,1235592,Corrientes,Proyección INDEC al 1 de julio
18,2034,1239335,Corrientes,Proyección INDEC al 1 de julio
18,2035,1243054,Corrientes,Proyección INDEC al 1 de julio
18,2036,1246716,Corrientes,Proyección INDEC al 1 de julio
18,2037,1250294,Corrientes,Proyección INDEC al 1 de julio
18,2038,1253758,Corrientes,Proyección INDEC al 1 de julio
18,2039,1257074,Corrientes,Proyección INDEC al 1 de julio
18,2040,1260197,Corrientes,Proyección INDEC al 1 de julio
22,2022,1190747,Chaco,Proyección INDEC al 1 de julio
22,2023,1194631,Chaco,Proyección INDEC al 1 de julio
22,2024,1200849,Chaco,Proyección INDEC al 1 de julio
22,2025,1207608,Chaco,Proyección INDEC al 1 de julio
22,2026,1214280,Chaco,Proyección INDEC al 1 de julio
22,2027,1220810,Chaco,Proyección INDEC al 1 de julio
22,2028,1227236,Chaco,Proyección INDEC al 1 de julio
22,2029,1233474,Chaco,Proyección INDEC al 1 de julio
22,2030,1239460,Chaco,Proyección INDEC al 1 de julio
22,2031,1245335,Chaco,Proyección INDEC al 1 de julio
22,2032,1251078,Chaco,Proyección INDEC al 1 de julio
22,2033,1256661,Chaco,Proyección INDEC al 1 de julio
22,2034,1262126,Chaco,Proyección INDEC al 1 de julio
22,2035,1267470,Chaco,Proyección INDEC al 1 de julio
22,2036,1272712,Chaco,Proyección INDEC al 1 de julio
22,2037,1277838,Chaco,Proyección INDEC al 1 de julio
22,2038,1282816,Chaco,Proyección INDEC al 1 de julio
22,2039,1287635,Chaco,Proyección INDEC al 1 de julio
22,2040,1292272,Chaco,Proyección INDEC al 1 de julio
26,2022,597366,Chubut,Proyección INDEC al 1 de julio
26,2023,598946,Chubut,Proyección INDEC al 1 de julio
26,2024,600674,Chubut,Proyección INDEC al 1 de julio
26,2025,602348,Chubut,Proyección INDEC al 1 de julio
26,2026,603930,Chubut,Proyección INDEC al 1 de julio
26,2027,605453,Chubut,Proyección INDEC al 1 de julio
26,2028,606918,Chubut,Proyección INDEC al 1 de julio
26,2029,608334,Chubut,Proyección INDEC al 1 de julio
26,2030,609723,Chubut,Proyección INDEC al 1 de julio
26,2031,611108,Chubut,Proyección INDEC al 1 de julio
26,2032,612492,Chubut,Proyección INDEC al 1 de julio
26,2033,613878,Chubut,Proyección INDEC al 1 de julio
26,2034,615250,Chubut,Proyección INDEC al 1 de julio
26,2035,616643,Chubut,Proyección INDEC al 1 de julio
26,2036,618023,Chubut,Proyección INDEC al 1 de julio
26,2037,619407,Chubut,Proyección INDEC al 1 de julio
26,2038,620771,Chubut,Proyección INDEC al 1 de julio
26,2039,622103,Chubut,Proyección INDEC al 1 de julio
26,2040,623370,Chubut,Proyección INDEC al 1 de julio
30,2022,1449787,Entre Ríos,Proyección INDEC al 1 de julio
30,2023,1452721,Entre Ríos,Proyección INDEC al 1 de julio
30,2024,1456015,Entre Ríos,Proyección INDEC al 1 de julio
30,2025,1459182,Entre Ríos,Proyección INDEC al 1 de julio
30,2026,1462153,Entre Ríos,Proyección INDEC al 1 de julio
30,2027,1464903,Entre Ríos,Proyección INDEC al 1 de julio
30,2028,1467496,Entre Ríos,Proyección INDEC al 1 de julio
30,2029,1469959,Entre Ríos,Proyección INDEC al 1 de julio
30,2030,1472359,Entre Ríos,Proyección INDEC al 1 de julio
30,2031,1474819,Entre Ríos,Proyección INDEC al 1 de julio
30,2032,1477276,Entre Ríos,Proyección INDEC al 1 de julio
30,2033,1479768,Entre Ríos,Proyección INDEC al 1 de julio
30,2034,1482249,Entre Ríos,Proyección INDEC al 1 de julio
30,2035,1484741,Entre Ríos,Proyección INDEC al 1 de julio
30,2036,1487238,Entre Ríos,Proyección INDEC al 1 de julio
30,2037,1489714,Entre Ríos,Proyección INDEC al 1 de julio
30,2038,1492107,Entre Ríos,Proyección INDEC al 1 de julio
30,2039,1494406,Entre Ríos,Proyección INDEC al 1 de julio
30,2040,1496562,Entre Ríos,Proyección INDEC al 1 de julio
34,2022,620502,Formosa,Proyección INDEC al 1 de julio
34,2023,622428,Formosa,Proyección INDEC al 1 de julio
34,2024,624461,Formosa,Proyección INDEC al 1 de julio
34,2025,626649,Formosa,Proyección INDEC al 1 de julio
34,2026,628876,Formosa,Proyección INDEC al 1 de julio
34,2027,631105,Formosa,Proyección INDEC al 1 de julio
34,2028,633312,Formosa,Proyección INDEC al 1 de julio
34,2029,635477,Formosa,Proyección INDEC al 1 de julio
34,2030,637566,Formosa,Proyección INDEC al 1 de julio
34,2031,639601,Formosa,Proyección INDEC al 1 de julio
34,2032,641588,Formosa,Proyección INDEC al 1 de julio
34,2033,643500,Formosa,Proyección INDEC al 1 de julio
34,2034,645342,Formosa,Proyección INDEC al 1 de julio
34,2035,647099,Formosa,Proyección INDEC al 1 de julio
34,2036,648810,Formosa,Proyección INDEC al 1 de julio
34,2037,650415,Formosa,Proyección INDEC al 1 de julio
34,2038,651925,Formosa,Proyección INDEC al 1 de julio
34,2039,653315,Formosa,Proyección INDEC al 1 de julio
34,2040,654581,Formosa,Proyección INDEC al 1 de julio
38,2022,795372,Jujuy,Proyección INDEC al 1 de julio
38,2023,796866,Jujuy,Proyección INDEC al 1 de julio
38,2024,798673,Jujuy,Proyección INDEC al 1 de julio
38,2025,800744,Jujuy,Proyección INDEC al 1 de julio
38,2026,802922,Jujuy,Proyección INDEC al 1 de julio
38,2027,805114,Jujuy,Proyección INDEC al 1 de julio
38,2028,807293,Jujuy,Proyección INDEC al 1 de julio
38,2029,809457,Jujuy,Proyección INDEC al 1 de julio
38,2030,811608,Jujuy,Proyección INDEC al 1 de julio
38,2031,813792,Jujuy,Proyección INDEC al 1 de julio
38,2032,816009,Jujuy,Proyección INDEC al 1 de julio
38,2033,818226,Jujuy,Proyección INDEC al 1 de julio
38,2034,820427,Jujuy,Proyección INDEC al 1 de julio
38,2035,822619,Jujuy,Proyección INDEC al 1 de julio
38,2036,824798,Jujuy,Proyección INDEC al 1 de julio
38,2037,826921,Jujuy,Proyección INDEC al 1 de julio
38,2038,828966,Jujuy,Proyección INDEC al 1 de julio
38,2039,830923,Jujuy,Proyección INDEC al 1 de julio
38,2040,832736,Jujuy,Proyección INDEC al 1 de julio
42,2022,373976,La Pampa,Proyección INDEC al 1 de julio
42,2023,374945,La Pampa,Proyección INDEC al 1 de julio
42,2024,375873,La Pampa,Proyección INDEC al 1 de julio
42,2025,376794,La Pampa,Proyección INDEC al 1 de julio
42,2026,377663,La Pampa,Proyección INDEC al 1 de julio
42,2027,378481,La Pampa,Proyección INDEC al 1 de julio
42,2028,379260,La Pampa,Proyección INDEC al 1 de julio
42,2029,379981,La Pampa,Proyección INDEC al 1 de julio
42,2030,380681,La Pampa,Proyección INDEC al 1 de julio
42,2031,381357,La Pampa,Proyección INDEC al 1 de julio
42,2032,382022,La Pampa,Proyección INDEC al 1 de julio
42,2033,382659,La Pampa,Proyección INDEC al 1 de julio
42,2034,383272,La Pampa,Proyección INDEC al 1 de julio
42,2035,383871,La Pampa,Proyección INDEC al 1 de julio
42,2036,384434,La Pampa,Proyección INDEC al 1 de julio
42,2037,384974,La Pampa,Proyección INDEC al 1 de julio
42,2038,385475,La Pampa,Proyección INDEC al 1 de julio
42,2039,385927,La Pampa,Proyección INDEC al 1 de julio
42,2040,386324,La Pampa,Proyección INDEC al 1 de julio
46,2022,398518,La Rioja,Proyección INDEC al 1 de julio
46,2023,400097,La Rioja,Proyección INDEC al 1 de julio
46,2024,401843,La Rioja,Proyección INDEC al 1 de julio
46,2025,403577,La Rioja,Proyección INDEC al 1 de julio
46,2026,405241,La Rioja,Proyección INDEC al 1 de julio
46,2027,406823,La Rioja,Proyección INDEC al 1 de julio
46,2028,408351,La Rioja,Proyección INDEC al 1 de julio
46,2029,409825,La Rioja,Proyección INDEC al 1 de julio
46,2030,411256,La Rioja,Proyección INDEC al 1 de julio
46,2031,412664,La Rioja,Proyección INDEC al 1 de julio
46,2032,414059,La Rioja,Proyección INDEC al 1 de julio
46,2033,415427,La Rioja,Proyección INDEC al 1 de julio
46,2034,416752,La Rioja,Proyección INDEC al 1 de julio
46,2035,418036,La Rioja,Proyección INDEC al 1 de julio
46,2036,419305,La Rioja,Proyección INDEC al 1 de julio
46,2037,420517,La Rioja,Proyección INDEC al 1 de julio
46,2038,421687,La Rioja,Proyección INDEC al 1 de julio
46,2039,422790,La Rioja,Proyección INDEC al 1 de julio
46,2040,423835,La Rioja,Proyección INDEC al 1 de julio
50,2022,2032783,Mendoza,Proyección INDEC al 1 de julio
50,2023,2037228,Mendoza,Proyección INDEC al 1 de julio
50,2024,2042241,Mendoza,Proyección INDEC al 1 de julio
50,2025,2047181,Mendoza,Proyección INDEC al 1 de julio
50,2026,2051912,Mendoza,Proyección INDEC al 1 de julio
50,2027,2056323,Mendoza,Proyección INDEC al 1 de julio
50,2028,2060449,Mendoza,Proyección INDEC al 1 de julio
50,2029,2064401,Mendoza,Proyección INDEC al 1 de julio
50,2030,2068328,Mendoza,Proyección INDEC al 1 de julio
50,2031,2072340,Mendoza,Proyección INDEC al 1 de julio
50,2032,2076433,Mendoza,Proyección INDEC al 1 de julio
50,2033,2080625,Mendoza,Proyección INDEC al 1 de julio
50,2034,2084894,Mendoza,Proyección INDEC al 1 de julio
50,2035,2089254,Mendoza,Proyección INDEC al 1 de julio
50,2036,2093738,Mendoza,Proyección INDEC al 1 de julio
50,2037,2098296,Mendoza,Proyección INDEC al 1 de julio
50,2038,2102874,Mendoza,Proyección INDEC al 1 de julio
50,2039,2107439,Mendoza,Proyección INDEC al 1 de julio
50,2040,2111931,Mendoza,Proyección INDEC al 1 de julio
54,2022,1313583,Misiones,Proyección INDEC al 1 de julio
54,2023,1322993,Misiones,Proyección INDEC al 1 de julio
54,2024,1333633,Misiones,Proyección INDEC al 1 de julio
54,2025,1344368,Misiones,Proyección INDEC al 1 de julio
54,2026,1355029,Misiones,Proyección INDEC al 1 de julio
54,2027,1365537,Misiones,Proyección INDEC al 1 de julio
54,2028,1375915,Misiones,Proyección INDEC al 1 de julio
54,2029,1386047,Misiones,Proyección INDEC al 1 de julio
54,2030,1395890,Misiones,Proyección INDEC al 1 de julio
54,2031,1405546,Misiones,Proyección INDEC al 1 de julio
54,2032,1415010,Misiones,Proyección INDEC al 1 de julio
54,2033,1424287,Misiones,Proyección INDEC al 1 de julio
54,2034,1433364,Misiones,Proyección INDEC al 1 de julio
54,2035,1442243,Misiones,Proyección INDEC al 1 de julio
54,2036,1450940,Misiones,Proyección INDEC al 1 de julio
54,2037,1459438,Misiones,Proyección INDEC al 1 de julio
54,2038,1467708,Misiones,Proyección INDEC al 1 de julio
54,2039,1475705,Misiones,Proyección INDEC al 1 de julio
54,2040,1483409,Misiones,Proyección INDEC al 1 de julio
58,2022,689222,Neuquén,Proyección INDEC al 1 de julio
58,2023,693935,Neuquén,Proyección INDEC al 1 de julio
58,2024,698410,Neuquén,Proyección INDEC al 1 de julio
58,2025,702816,Neuquén,Proyección INDEC al 1 de julio
58,2026,707092,Neuquén,Proyección INDEC al 1 de julio
58,2027,711217,Neuquén,Proyección INDEC al 1 de julio
58,2028,715222,Neuquén,Proyección INDEC al 1 de julio
58,2029,719121,Neuquén,Proyección INDEC al 1 de julio
58,2030,722955,Neuquén,Proyección INDEC al 1 de julio
58,2031,726756,Neuquén,Proyección INDEC al 1 de julio
58,2032,730506,Neuquén,Proyección INDEC al 1 de julio
58,2033,734228,Neuquén,Proyección INDEC al 1 de julio
58,2034,737899,Neuquén,Proyección INDEC al 1 de julio
58,2035,741552,Neuquén,Proyección INDEC al 1 de julio
58,2036,745176,Neuquén,Proyección INDEC al 1 de julio
58,2037,748765,Neuquén,Proyección INDEC al 1 de julio
58,2038,752315,Neuquén,Proyección INDEC al 1 de julio
58,2039,755800,Neuquén,Proyección INDEC al 1 de julio
58,2040,759196,Neuquén,Proyección INDEC al 1 de julio
62,2022,776389,Río Negro,Proyección INDEC al 1 de julio
62,2023,780516,Río Negro,Proyección INDEC al 1 de julio
62,2024,784591,Río Negro,Proyección INDEC al 1 de julio
62,2025,788658,Río Negro,Proyección INDEC al 1 de julio
62,2026,792587,Río Negro,Proyección INDEC al 1 de julio
62,2027,796378,Río Negro,Proyección INDEC al 1 de julio
62,2028,800042,Río Negro,Proyección INDEC al 1 de julio
62,2029,803596,Río Negro,Proyección INDEC al 1 de julio
62,2030,807072,Río Negro,Proyección INDEC al 1 de julio
62,2031,810509,Río Negro,Proyección INDEC al 1 de julio
62,2032,813906,Río Negro,Proyección INDEC al 1 de julio
62,2033,817260,Río Negro,Proyección INDEC al 1 de julio
62,2034,820579,Río Negro,Proyección INDEC al 1 de julio
62,2035,823856,Río Negro,Proyección INDEC al 1 de julio
62,2036,827081,Río Negro,Proyección INDEC al 1 de julio
62,2037,830266,Río Negro,Proyección INDEC al 1 de julio
62,2038,833381,Río Negro,Proyección INDEC al 1 de julio
62,2039,836397,Río Negro,Proyección INDEC al 1 de julio
62,2040,839304,Río Negro,Proyección INDEC al 1 de julio
66,2022,1467237,Salta,Proyección INDEC al 1 de julio
66,2023,1473871,Salta,Proyección INDEC al 1 de julio
66,2024,1480327,Salta,Proyección INDEC al 1 de julio
66,2025,1486517,Salta,Proyección INDEC al 1 de julio
66,2026,1492267,Salta,Proyección INDEC al 1 de julio
66,2027,1497629,Salta,Proyección INDEC al 1 de julio
66,2028,1502892,Salta,Proyección INDEC al 1 de julio
66,2029,1508205,Salta,Proyección INDEC al 1 de julio
66,2030,1513502,Salta,Proyección INDEC al 1 de julio
66,2031,1518888,Salta,Proyección INDEC al 1 de julio
66,2032,1524299,Salta,Proyección INDEC al 1 de julio
66,2033,1529715,Salta,Proyección INDEC al 1 de julio
66,2034,1535143,Salta,Proyección INDEC al 1 de julio
66,2035,1540546,Salta,Proyección INDEC al 1 de julio
66,2036,1545928,Salta,Proyección INDEC al 1 de julio
66,2037,1551242,Salta,Proyección INDEC al 1 de julio
66,2038,1556445,Salta,Proyección INDEC al 1 de julio
66,2039,1561493,Salta,Proyección INDEC al 1 de julio
66,2040,1566347,Salta,Proyección INDEC al 1 de julio
70,2022,837233,San Juan,Proyección INDEC al 1 de julio
70,2023,841155,San Juan,Proyección INDEC al 1 de julio
70,2024,845201,San Juan,Proyección INDEC al 1 de julio
70,2025,849117,San Juan,Proyección INDEC al 1 de julio
70,2026,852747,San Juan,Proyección INDEC al 1 de julio
70,2027,856101,San Juan,Proyección INDEC al 1 de julio
70,2028,859378,San Juan,Proyección INDEC al 1 de julio
70,2029,862666,San Juan,Proyección INDEC al 1 de julio
70,2030,865955,San Juan,Proyección INDEC al 1 de julio
70,2031,869273,San Juan,Proyección INDEC al 1 de julio
70,2032,872614,San Juan,Proyección INDEC al 1 de julio
70,2033,875975,San Juan,Proyección INDEC al 1 de julio
70,2034,879323,San Juan,Proyección INDEC al 1 de julio
70,2035,882668,San Juan,Proyección INDEC al 1 de julio
70,2036,886017,San Juan,Proyección INDEC al 1 de julio
70,2037,889342,San Juan,Proyección INDEC al 1 de julio
70,2038,892623,San Juan,Proyección INDEC al 1 de julio
70,2039,895838,San Juan,Proyección INDEC al 1 de julio
70,2040,898946,San Juan,Proyección INDEC al 1 de julio
74,2022,527530,San Luis,Proyección INDEC al 1 de julio
74,2023,530792,San Luis,Proyección INDEC al 1 de julio
74,2024,533465,San Luis,Proyección INDEC al 1 de julio
74,2025,536173,San Luis,Proyección INDEC al 1 de julio
74,2026,538852,San Luis,Proyección INDEC al 1 de julio
74,2027,541490,San Luis,Proyección INDEC al 1 de julio
74,2028,544082,San Luis,Proyección INDEC al 1 de julio
74,2029,546646,San Luis,Proyección INDEC al 1 de julio
74,2030,549169,San Luis,Proyección INDEC al 1 de julio
74,2031,551693,San Luis,Proyección INDEC al 1 de julio
74,2032,554205,San Luis,Proyección INDEC al 1 de julio
74,2033,556706,San Luis,Proyección INDEC al 1 de julio
74,2034,559198,San Luis,Proyección INDEC al 1 de julio
74,2035,561658,San Luis,Proyección INDEC al 1 de julio
74,2036,564080,San Luis,Proyección INDEC al 1 de julio
74,2037,566474,San Luis,Proyección INDEC al 1 de julio
74,2038,568813,San Luis,Proyección INDEC al 1 de julio
74,2039,571072,San Luis,Proyección INDEC al 1 de julio
74,2040,573246,San Luis,Proyección INDEC al 1 de julio
78,2022,334397,Santa Cruz,Proyección INDEC al 1 de julio
78,2023,334541,Santa Cruz,Proyección INDEC al 1 de julio
78,2024,334752,Santa Cruz,Proyección INDEC al 1 de julio
78,2025,334953,Santa Cruz,Proyección INDEC al 1 de julio
78,2026,335096,Santa Cruz,Proyección INDEC al 1 de julio
78,2027,335186,Santa Cruz,Proyección INDEC al 1 de julio
78,2028,335260,Santa Cruz,Proyección INDEC al 1 de julio
78,2029,335302,Santa Cruz,Proyección INDEC al 1 de julio
78,2030,335317,Santa Cruz,Proyección INDEC al 1 de julio
78,2031,335351,Santa Cruz,Proyección INDEC al 1 de julio
78,2032,335378,Santa Cruz,Proyección INDEC al 1 de julio
78,2033,335415,Santa Cruz,Proyección INDEC al 1 de julio
78,2034,335449,Santa Cruz,Proyección INDEC al 1 de julio
78,2035,335511,Santa Cruz,Proyección INDEC al 1 de julio
78,2036,335582,Santa Cruz,Proyección INDEC al 1 de julio
78,2037,335694,Santa Cruz,Proyección INDEC al 1 de julio
78,2038,335806,Santa Cruz,Proyección INDEC al 1 de julio
78,2039,335921,Santa Cruz,Proyección INDEC al 1 de julio
78,2040,336026,Santa Cruz,Proyección INDEC al 1 de julio
82,2022,3670163,Santa Fe,Proyección INDEC al 1 de julio
82,2023,3674361,Santa Fe,Proyección INDEC al 1 de julio
82,2024,3679597,Santa Fe,Proyección INDEC al 1 de julio
82,2025,3684529,Santa Fe,Proyección INDEC al 1 de julio
82,2026,3688683,Santa Fe,Proyección INDEC al 1 de julio
82,2027,3692001,Santa Fe,Proyección INDEC al 1 de julio
82,2028,3695020,Santa Fe,Proyección INDEC al 1 de julio
82,2029,3697955,Santa Fe,Proyección INDEC al 1 de julio
82,2030,3700705,Santa Fe,Proyección INDEC al 1 de julio
82,2031,3703416,Santa Fe,Proyección INDEC al 1 de julio
82,2032,3706100,Santa Fe,Proyección INDEC al 1 de julio
82,2033,3708721,Santa Fe,Proyección INDEC al 1 de julio
82,2034,3711266,Santa Fe,Proyección INDEC al 1 de julio
82,2035,3713752,Santa Fe,Proyección INDEC al 1 de julio
82,2036,3716208,Santa Fe,Proyección INDEC al 1 de julio
82,2037,3718567,Santa Fe,Proyección INDEC al 1 de julio
82,2038,3720759,Santa Fe,Proyección INDEC al 1 de julio
82,2039,3722719,Santa Fe,Proyección INDEC al 1 de julio
82,2040,3724386,Santa Fe,Proyección INDEC al 1 de julio
86,2022,1045276,Santiago del Estero,Proyección INDEC al 1 de julio
86,2023,1049610,Santiago del Estero,Proyección INDEC al 1 de julio
86,2024,1053409,Santiago del Estero,Proyección INDEC al 1 de julio
86,2025,1056774,Santiago del Estero,Proyección INDEC al 1 de julio
86,2026,1059927,Santiago del Estero,Proyección INDEC al 1 de julio
86,2027,1062900,Santiago del Estero,Proyección INDEC al 1 de julio
86,2028,1065723,Santiago del Estero,Proyección INDEC al 1 de julio
86,2029,1068512,Santiago del Estero,Proyección INDEC al 1 de julio
86,2030,1071328,Santiago del Estero,Proyección INDEC al 1 de julio
86,2031,1074253,Santiago del Estero,Proyección INDEC al 1 de julio
86,2032,1077252,Santiago del Estero,Proyección INDEC al 1 de julio
86,2033,1080299,Santiago del Estero,Proyección INDEC al 1 de julio
86,2034,1083397,Santiago del Estero,Proyección INDEC al 1 de julio
86,2035,1086530,Santiago del Estero,Proyección INDEC al 1 de julio
86,2036,1089685,Santiago del Estero,Proyección INDEC al 1 de julio
86,2037,1092846,Santiago del Estero,Proyección INDEC al 1 de julio
86,2038,1095967,Santiago del Estero,Proyección INDEC al 1 de julio
86,2039,1099020,Santiago del Estero,Proyección INDEC al 1 de julio
86,2040,1101964,Santiago del Estero,Proyección INDEC al 1 de julio
90,2022,1758288,Tucumán,Proyección INDEC al 1 de julio
90,2023,1763239,Tucumán,Proyección INDEC al 1 de julio
90,2024,1768368,Tucumán,Proyección INDEC al 1 de julio
90,2025,1773567,Tucumán,Proyección INDEC al 1 de julio
90,2026,1778484,Tucumán,Proyección INDEC al 1 de julio
90,2027,1783139,Tucumán,Proyección INDEC al 1 de julio
90,2028,1787513,Tucumán,Proyección INDEC al 1 de julio
90,2029,1791730,Tucumán,Proyección INDEC al 1 de julio
90,2030,1795918,Tucumán,Proyección INDEC al 1 de julio
90,2031,1800167,Tucumán,Proyección INDEC al 1 de julio
90,2032,1804448,Tucumán,Proyección INDEC al 1 de julio
90,2033,1808746,Tucumán,Proyección INDEC al 1 de julio
90,2034,1813045,Tucumán,Proyección INDEC al 1 de julio
90,2035,1817352,Tucumán,Proyección INDEC al 1 de julio
90,2036,1821650,Tucumán,Proyección INDEC al 1 de julio
90,2037,1825911,Tucumán,Proyección INDEC al 1 de julio
90,2038,1830106,Tucumán,Proyección INDEC al 1 de julio
90,2039,1834161,Tucumán,Proyección INDEC al 1 de julio
90,2040,1838056,Tucumán,Proyección INDEC al 1 de julio
94,2022,179645,Tierra del Fuego,Proyección INDEC al 1 de julio
94,2023,180555,Tierra del Fuego,Proyección INDEC al 1 de julio
94,2024,181263,Tierra del Fuego,Proyección INDEC al 1 de julio
94,2025,182003,Tierra del Fuego,Proyección INDEC al 1 de julio
94,2026,182744,Tierra del Fuego,Proyección INDEC al 1 de julio
94,2027,183488,Tierra del Fuego,Proyección INDEC al 1 de julio
94,2028,184236,Tierra del Fuego,Proyección INDEC al 1 de julio
94,2029,184986,Tierra del Fuego,Proyección INDEC al 1 de julio
94,2030,185746,Tierra del Fuego,Proyección INDEC al 1 de julio
94,2031,186515,Tierra del Fuego,Proyección INDEC al 1 de julio
94,2032,187317,Tierra del Fuego,Proyección INDEC al 1 de julio
94,2033,188151,Tierra del Fuego,Proyección INDEC al 1 de julio
94,2034,189044,Tierra del Fuego,Proyección INDEC al 1 de julio
94,2035,189953,Tierra del Fuego,Proyección INDEC al 1 de julio
94,2036,190852,Tierra del Fuego,Proyección INDEC al 1 de julio
94,2037,191732,Tierra del Fuego,Proyección INDEC al 1 de julio
94,2038,192610,Tierra del Fuego,Proyección INDEC al 1 de julio
94,2039,193452,Tierra del Fuego,Proyección INDEC al 1 de julio
94,2040,194261,Tierra del Fuego,Proyección INDEC al 1 de julio
