periodo,indicador,nominal_millones,real_agosto2026,celda,archivo,comparable_2025_2026
2025-01,ingresos_totales,11100491.8,17329089.78216343,IMIG!G7,caja-2025-01.xlsx,True
2025-01,ingresos_tributarios,10441082.1,16299678.64431371,IMIG!G8,caja-2025-01.xlsx,True
2025-01,rentas_propiedad,185594.1,289732.82264303,IMIG!G18,caja-2025-01.xlsx,True
2025-01,otros_ingresos_corrientes,473755.5,739584.49249012,IMIG!G21,caja-2025-01.xlsx,True
2025-01,ingresos_capital,60.1,93.82271657,IMIG!G25,caja-2025-01.xlsx,True
2025-01,gasto_primario,8665626.5,13527996.98813296,IMIG!G27,caja-2025-01.xlsx,True
2025-01,prestaciones_sociales,5675504.3,8860087.0435087,IMIG!G29,caja-2025-01.xlsx,True
2025-01,subsidios_economicos,418328.3,653056.53116376,IMIG!G36,caja-2025-01.xlsx,True
2025-01,funcionamiento_y_otros,1784667.6,2786062.60235408,IMIG!G40,caja-2025-01.xlsx,True
2025-01,transferencias_corrientes_provincias,140697.2,219643.81892512,IMIG!G43,caja-2025-01.xlsx,False
2025-01,universidades,321169.2,501380.47956268,IMIG!G48,caja-2025-01.xlsx,True
2025-01,otros_gastos_corrientes,155591.6,242895.61708883,IMIG!G49,caja-2025-01.xlsx,False
2025-01,gasto_capital,169668.3,264870.89552979,IMIG!G51,caja-2025-01.xlsx,True
2025-01,resultado_primario,2434865.3,3801092.79403047,IMIG!G71,caja-2025-01.xlsx,True
2025-01,intereses_netos,1835112.1,2864812.02042188,IMIG!G73,caja-2025-01.xlsx,True
2025-01,resultado_financiero,599753.2,936280.77360859,IMIG!G75,caja-2025-01.xlsx,True
2025-02,ingresos_totales,9732768,14837578.9870377,IMIG!G7,caja-2025-02.xlsx,True
2025-02,ingresos_tributarios,9134600.1,13925673.61091444,IMIG!G8,caja-2025-02.xlsx,True
2025-02,rentas_propiedad,242071.5,369037.35933711,IMIG!G18,caja-2025-02.xlsx,True
2025-02,otros_ingresos_corrientes,356039.5,542781.27288716,IMIG!G21,caja-2025-02.xlsx,True
2025-02,ingresos_capital,56.9,86.743899,IMIG!G25,caja-2025-02.xlsx,True
2025-02,gasto_primario,8555852.7,13043374.73550276,IMIG!G27,caja-2025-02.xlsx,True
2025-02,prestaciones_sociales,5833982.0,8893890.0766931,IMIG!G29,caja-2025-02.xlsx,True
2025-02,subsidios_economicos,425779.8,649100.17515933,IMIG!G36,caja-2025-02.xlsx,True
2025-02,funcionamiento_y_otros,1534769.7,2339752.33465569,IMIG!G40,caja-2025-02.xlsx,True
2025-02,transferencias_corrientes_provincias,143860.6,219315.10292063,IMIG!G43,caja-2025-02.xlsx,False
2025-02,universidades,304755.4,464598.79853566,IMIG!G48,caja-2025-02.xlsx,True
2025-02,otros_gastos_corrientes,108350.8,165180.50705706,IMIG!G49,caja-2025-02.xlsx,False
2025-02,gasto_capital,204354.4,311537.7404813,IMIG!G51,caja-2025-02.xlsx,True
2025-02,resultado_primario,1176915.3,1794204.25153494,IMIG!G71,caja-2025-02.xlsx,True
2025-02,intereses_netos,866189.1,1320502.98424468,IMIG!G73,caja-2025-02.xlsx,True
2025-02,resultado_financiero,310726.2,473701.26729026,IMIG!G75,caja-2025-02.xlsx,True
2025-03,ingresos_totales,9476621.1,13927674.05194505,IMIG!G7,caja-2025-03.xlsx,True
2025-03,ingresos_tributarios,8834987.0,12984672.26775288,IMIG!G8,caja-2025-03.xlsx,True
2025-03,rentas_propiedad,251389.2,369463.63063721,IMIG!G18,caja-2025-03.xlsx,True
2025-03,otros_ingresos_corrientes,390224.1,573507.58404951,IMIG!G21,caja-2025-03.xlsx,True
2025-03,ingresos_capital,20.8,30.56950544,IMIG!G25,caja-2025-03.xlsx,True
2025-03,gasto_primario,8731281.6,12832257.71056155,IMIG!G27,caja-2025-03.xlsx,True
2025-03,prestaciones_sociales,6306204.6,9268151.72273549,IMIG!G29,caja-2025-03.xlsx,True
2025-03,subsidios_economicos,387939.6,570150.08235815,IMIG!G36,caja-2025-03.xlsx,True
2025-03,funcionamiento_y_otros,1442858.4,2120551.33219486,IMIG!G40,caja-2025-03.xlsx,True
2025-03,transferencias_corrientes_provincias,276911.2,406973.00168865,IMIG!G43,caja-2025-03.xlsx,False
2025-03,universidades,32175.6,47288.08554198,IMIG!G48,caja-2025-03.xlsx,True
2025-03,otros_gastos_corrientes,89957.8,132209.87772003,IMIG!G49,caja-2025-03.xlsx,False
2025-03,gasto_capital,195234.4,286933.60832239,IMIG!G51,caja-2025-03.xlsx,True
2025-03,resultado_primario,745339.5,1095416.3413835,IMIG!G71,caja-2025-03.xlsx,True
2025-03,intereses_netos,346430.2,509144.22518699,IMIG!G73,caja-2025-03.xlsx,True
2025-03,resultado_financiero,398909.3,586272.11619651,IMIG!G75,caja-2025-03.xlsx,True
2025-04,ingresos_totales,10346518.4,14794734.19592896,IMIG!G7,caja-2025-04.xlsx,True
2025-04,ingresos_tributarios,9482550.3,13559325.53969328,IMIG!G8,caja-2025-04.xlsx,True
2025-04,rentas_propiedad,244889.4,350173.21192804,IMIG!G18,caja-2025-04.xlsx,True
2025-04,otros_ingresos_corrientes,619023.4,885156.36951462,IMIG!G21,caja-2025-04.xlsx,True
2025-04,ingresos_capital,55.3,79.07479303,IMIG!G25,caja-2025-04.xlsx,True
2025-04,gasto_primario,9500569.3,13585091.33888969,IMIG!G27,caja-2025-04.xlsx,True
2025-04,prestaciones_sociales,6121127.4,8752746.51446207,IMIG!G29,caja-2025-04.xlsx,True
2025-04,subsidios_economicos,473255.8,676719.79085078,IMIG!G36,caja-2025-04.xlsx,True
2025-04,funcionamiento_y_otros,1717814.8,2456344.48046145,IMIG!G40,caja-2025-04.xlsx,True
2025-04,transferencias_corrientes_provincias,255318.1,365085.45955996,IMIG!G43,caja-2025-04.xlsx,False
2025-04,universidades,610292.1,872671.27475222,IMIG!G48,caja-2025-04.xlsx,True
2025-04,otros_gastos_corrientes,134293.6,192029.63155359,IMIG!G49,caja-2025-04.xlsx,False
2025-04,gasto_capital,188467.5,269494.18724962,IMIG!G51,caja-2025-04.xlsx,True
2025-04,resultado_primario,845949.1,1209642.85703927,IMIG!G71,caja-2025-04.xlsx,True
2025-04,intereses_netos,273608.1,391238.76813993,IMIG!G73,caja-2025-04.xlsx,True
2025-04,resultado_financiero,572341,818404.08889933,IMIG!G75,caja-2025-04.xlsx,True
2025-05,ingresos_totales,11374130.2,16023609.11394696,IMIG!G8,caja-2025-05.xlsx,True
2025-05,ingresos_tributarios,10407839.3,14662321.05062199,IMIG!G9,caja-2025-05.xlsx,True
2025-05,rentas_propiedad,394224.7,555374.55478248,IMIG!G19,caja-2025-05.xlsx,True
2025-05,otros_ingresos_corrientes,572052.5,805894.20830229,IMIG!G22,caja-2025-05.xlsx,True
2025-05,ingresos_capital,13.7,19.30024019,IMIG!G26,caja-2025-05.xlsx,True
2025-05,gasto_primario,9677212.8,13633031.49278915,IMIG!G28,caja-2025-05.xlsx,True
2025-05,prestaciones_sociales,6291623.1,8863491.75488419,IMIG!G30,caja-2025-05.xlsx,True
2025-05,subsidios_economicos,734076.5,1034149.83729783,IMIG!G37,caja-2025-05.xlsx,True
2025-05,funcionamiento_y_otros,1686509.1,2375914.65108378,IMIG!G41,caja-2025-05.xlsx,True
2025-05,transferencias_corrientes_provincias,200880.2,282995.3365165,IMIG!G44,caja-2025-05.xlsx,False
2025-05,universidades,328090.8,462206.66025804,IMIG!G49,caja-2025-05.xlsx,True
2025-05,otros_gastos_corrientes,245182.6,345407.52346419,IMIG!G50,caja-2025-05.xlsx,False
2025-05,gasto_capital,190850.5,268865.72928463,IMIG!G52,caja-2025-05.xlsx,True
2025-05,resultado_primario,1696917.4,2390577.62115781,IMIG!G72,caja-2025-05.xlsx,True
2025-05,intereses_netos,1034794.5,1457794.33589236,IMIG!G74,caja-2025-05.xlsx,True
2025-05,resultado_financiero,662122.9,932783.28526545,IMIG!G76,caja-2025-05.xlsx,True
2025-06,ingresos_totales,11583222.9,16058203.7722844,IMIG!G7,caja-2025-06.xlsx,True
2025-06,ingresos_tributarios,10830062.2,15014072.26430173,IMIG!G8,caja-2025-06.xlsx,True
2025-06,rentas_propiedad,325374.6,451077.53465795,IMIG!G18,caja-2025-06.xlsx,True
2025-06,otros_ingresos_corrientes,385403.3,534297.30044398,IMIG!G21,caja-2025-06.xlsx,True
2025-06,ingresos_capital,42382.8,58756.67288074,IMIG!G25,caja-2025-06.xlsx,True
2025-06,gasto_primario,10792690,14962261.95138627,IMIG!G27,caja-2025-06.xlsx,True
2025-06,prestaciones_sociales,8011434.0,11106515.06846229,IMIG!G29,caja-2025-06.xlsx,True
2025-06,subsidios_economicos,408463,566265.7227669,IMIG!G36,caja-2025-06.xlsx,True
2025-06,funcionamiento_y_otros,1674035.9,2320771.15638684,IMIG!G40,caja-2025-06.xlsx,True
2025-06,transferencias_corrientes_provincias,276044.8,382690.00665432,IMIG!G43,caja-2025-06.xlsx,False
2025-06,universidades,38040.8,52737.21513731,IMIG!G48,caja-2025-06.xlsx,True
2025-06,otros_gastos_corrientes,148459.8,205814.71503864,IMIG!G49,caja-2025-06.xlsx,False
2025-06,gasto_capital,236211.7,327468.06693996,IMIG!G51,caja-2025-06.xlsx,True
2025-06,resultado_primario,790532.9,1095941.82089813,IMIG!G71,caja-2025-06.xlsx,True
2025-06,intereses_netos,239298.7,331747.6768096,IMIG!G73,caja-2025-06.xlsx,True
2025-06,resultado_financiero,551234.2,764194.14408853,IMIG!G75,caja-2025-06.xlsx,True
2025-07,ingresos_totales,13105874.1,17830034.45945157,IMIG!G7,caja-2025-07.xlsx,True
2025-07,ingresos_tributarios,12131700.9,16504709.52553708,IMIG!G8,caja-2025-07.xlsx,True
2025-07,rentas_propiedad,404074.5,549727.71783193,IMIG!G18,caja-2025-07.xlsx,True
2025-07,otros_ingresos_corrientes,567150.1,771585.75990604,IMIG!G21,caja-2025-07.xlsx,True
2025-07,ingresos_capital,2948.6,4011.45617652,IMIG!G25,caja-2025-07.xlsx,True
2025-07,gasto_primario,11356488.6,15450063.1954315,IMIG!G27,caja-2025-07.xlsx,True
2025-07,prestaciones_sociales,7066464,9613650.76950297,IMIG!G29,caja-2025-07.xlsx,True
2025-07,subsidios_economicos,1082467.2,1472654.72947173,IMIG!G36,caja-2025-07.xlsx,True
2025-07,funcionamiento_y_otros,2154998.4,2931791.91550932,IMIG!G40,caja-2025-07.xlsx,True
2025-07,transferencias_corrientes_provincias,220660.8,300200.47787962,IMIG!G43,caja-2025-07.xlsx,False
2025-07,universidades,481412.8,654943.48165767,IMIG!G48,caja-2025-07.xlsx,True
2025-07,otros_gastos_corrientes,153279.2,208530.41903685,IMIG!G49,caja-2025-07.xlsx,False
2025-07,gasto_capital,197206.2,268291.40237334,IMIG!G51,caja-2025-07.xlsx,True
2025-07,resultado_primario,1749385.5,2379971.26402007,IMIG!G71,caja-2025-07.xlsx,True
2025-07,intereses_netos,1917900.7,2609229.6713583,IMIG!G73,caja-2025-07.xlsx,True
2025-07,resultado_financiero,-168515.2,-229258.40733823,IMIG!G75,caja-2025-07.xlsx,True
2025-08,ingresos_totales,11366068,15178380.52141877,IMIG!G7,caja-2025-08.xlsx,True
2025-08,ingresos_tributarios,10230957.4,13662540.51230603,IMIG!G8,caja-2025-08.xlsx,True
2025-08,rentas_propiedad,566743,756835.24960879,IMIG!G18,caja-2025-08.xlsx,True
2025-08,otros_ingresos_corrientes,568011.3,758528.95230486,IMIG!G21,caja-2025-08.xlsx,True
2025-08,ingresos_capital,356.3,475.80719909,IMIG!G25,caja-2025-08.xlsx,True
2025-08,gasto_primario,9809204,13099326.07514076,IMIG!G27,caja-2025-08.xlsx,True
2025-08,prestaciones_sociales,6281982.5,8389033.11276103,IMIG!G29,caja-2025-08.xlsx,True
2025-08,subsidios_economicos,929330.6,1241038.98349002,IMIG!G36,caja-2025-08.xlsx,True
2025-08,funcionamiento_y_otros,1750483.1,2337615.6634038,IMIG!G40,caja-2025-08.xlsx,True
2025-08,transferencias_corrientes_provincias,148349.2,198107.26168874,IMIG!G43,caja-2025-08.xlsx,False
2025-08,universidades,341231.2,455684.146829,IMIG!G48,caja-2025-08.xlsx,True
2025-08,otros_gastos_corrientes,145538,194353.15223578,IMIG!G49,caja-2025-08.xlsx,False
2025-08,gasto_capital,212289.4,283493.75473239,IMIG!G51,caja-2025-08.xlsx,True
2025-08,resultado_primario,1556864,2079054.446278,IMIG!G71,caja-2025-08.xlsx,True
2025-08,intereses_netos,1166563.5,1557842.58068825,IMIG!G73,caja-2025-08.xlsx,True
2025-08,resultado_financiero,390300.5,521211.86558975,IMIG!G75,caja-2025-08.xlsx,True
2025-09,ingresos_totales,11634621.2,15221027.13047078,IMIG!G7,caja-2025-09.xlsx,True
2025-09,ingresos_tributarios,10450958.4,13672496.8188755,IMIG!G8,caja-2025-09.xlsx,True
2025-09,rentas_propiedad,627461.6,820878.46890353,IMIG!G18,caja-2025-09.xlsx,True
2025-09,otros_ingresos_corrientes,527286.9,689824.62535539,IMIG!G21,caja-2025-09.xlsx,True
2025-09,ingresos_capital,28914.3,37827.21733636,IMIG!G25,caja-2025-09.xlsx,True
2025-09,gasto_primario,10937656.1,14309220.50490644,IMIG!G27,caja-2025-09.xlsx,True
2025-09,prestaciones_sociales,7050657.9,9224043.76891687,IMIG!G29,caja-2025-09.xlsx,True
2025-09,subsidios_economicos,969818.4,1268767.7513755,IMIG!G36,caja-2025-09.xlsx,True
2025-09,funcionamiento_y_otros,1728680.7,2261551.56943324,IMIG!G40,caja-2025-09.xlsx,True
2025-09,transferencias_corrientes_provincias,147821.3,193387.64701351,IMIG!G43,caja-2025-09.xlsx,False
2025-09,universidades,378302,494914.69524692,IMIG!G48,caja-2025-09.xlsx,True
2025-09,otros_gastos_corrientes,178804.5,233921.50881116,IMIG!G49,caja-2025-09.xlsx,False
2025-09,gasto_capital,483571.3,632633.56410925,IMIG!G51,caja-2025-09.xlsx,True
2025-09,resultado_primario,696965.1,911806.62556433,IMIG!G71,caja-2025-09.xlsx,True
2025-09,intereses_netos,387341.7,506740.90914646,IMIG!G73,caja-2025-09.xlsx,True
2025-09,resultado_financiero,309623.4,405065.71641788,IMIG!G75,caja-2025-09.xlsx,True
2025-10,ingresos_totales,11987193.1,15323414.69384819,IMIG!G7,caja-2025-10.xlsx,True
2025-10,ingresos_tributarios,10786369.7,13788383.53361128,IMIG!G8,caja-2025-10.xlsx,True
2025-10,rentas_propiedad,532926,681247.56404681,IMIG!G18,caja-2025-10.xlsx,True
2025-10,otros_ingresos_corrientes,667806.5,853667.3973115,IMIG!G21,caja-2025-10.xlsx,True
2025-10,ingresos_capital,90.9,116.19887859,IMIG!G25,caja-2025-10.xlsx,True
2025-10,gasto_primario,11163268.3,14270178.85443004,IMIG!G27,caja-2025-10.xlsx,True
2025-10,prestaciones_sociales,6891369.4,8809344.29301016,IMIG!G29,caja-2025-10.xlsx,True
2025-10,subsidios_economicos,1041224.7,1331013.6688778,IMIG!G36,caja-2025-10.xlsx,True
2025-10,funcionamiento_y_otros,1908362.4,2439489.22799512,IMIG!G40,caja-2025-10.xlsx,True
2025-10,transferencias_corrientes_provincias,207502.4,265253.53338712,IMIG!G43,caja-2025-10.xlsx,False
2025-10,universidades,693269,886216.50562962,IMIG!G48,caja-2025-10.xlsx,True
2025-10,otros_gastos_corrientes,125291.6,160162.19380463,IMIG!G49,caja-2025-10.xlsx,False
2025-10,gasto_capital,296248.8,378699.43172559,IMIG!G51,caja-2025-10.xlsx,True
2025-10,resultado_primario,823924.8,1053235.83941815,IMIG!G71,caja-2025-10.xlsx,True
2025-10,intereses_netos,306253.1,391488.0834427,IMIG!G73,caja-2025-10.xlsx,True
2025-10,resultado_financiero,517671.7,661747.75597545,IMIG!G75,caja-2025-10.xlsx,True
2025-11,ingresos_totales,11402650.3,14224425.94715965,IMIG!G7,caja-2025-11.xlsx,True
2025-11,ingresos_tributarios,10388181.8,12958910.32804292,IMIG!G8,caja-2025-11.xlsx,True
2025-11,rentas_propiedad,494310.8,616636.23670729,IMIG!G18,caja-2025-11.xlsx,True
2025-11,otros_ingresos_corrientes,512408.6,639212.63860804,IMIG!G21,caja-2025-11.xlsx,True
2025-11,ingresos_capital,7749.1,9666.74380141,IMIG!G25,caja-2025-11.xlsx,True
2025-11,gasto_primario,9274640.9,11569805.19419666,IMIG!G27,caja-2025-11.xlsx,True
2025-11,prestaciones_sociales,6497180.5,8105015.97927455,IMIG!G29,caja-2025-11.xlsx,True
2025-11,subsidios_economicos,700225.5,873507.95727401,IMIG!G36,caja-2025-11.xlsx,True
2025-11,funcionamiento_y_otros,1557393.1,1942795.94995274,IMIG!G40,caja-2025-11.xlsx,True
2025-11,transferencias_corrientes_provincias,138976.6,173368.6733415,IMIG!G43,caja-2025-11.xlsx,False
2025-11,universidades,18148.8,22640.02269979,IMIG!G48,caja-2025-11.xlsx,True
2025-11,otros_gastos_corrientes,142755.6,178082.84980399,IMIG!G49,caja-2025-11.xlsx,False
2025-11,gasto_capital,219960.8,274393.76185008,IMIG!G51,caja-2025-11.xlsx,True
2025-11,resultado_primario,2128009.4,2654620.75296299,IMIG!G71,caja-2025-11.xlsx,True
2025-11,intereses_netos,1528055.6,1906198.39716935,IMIG!G73,caja-2025-11.xlsx,True
2025-11,resultado_financiero,599953.8,748422.35579364,IMIG!G75,caja-2025-11.xlsx,True
2025-12,ingresos_totales,12068870.7,14638994.4750231,IMIG!G7,caja-2025-12.xlsx,True
2025-12,ingresos_tributarios,10999749.6,13342198.9201556,IMIG!G8,caja-2025-12.xlsx,True
2025-12,rentas_propiedad,471765.9,572230.70619228,IMIG!G18,caja-2025-12.xlsx,True
2025-12,otros_ingresos_corrientes,584856.6,709404.61198916,IMIG!G21,caja-2025-12.xlsx,True
2025-12,ingresos_capital,12498.6,15160.23668607,IMIG!G25,caja-2025-12.xlsx,True
2025-12,gasto_primario,14945320.3,18127997.78351677,IMIG!G27,caja-2025-12.xlsx,True
2025-12,prestaciones_sociales,10056716.9,12198342.89350464,IMIG!G29,caja-2025-12.xlsx,True
2025-12,subsidios_economicos,957212.7,1161055.7255139,IMIG!G36,caja-2025-12.xlsx,True
2025-12,funcionamiento_y_otros,2465531.7,2990578.47510905,IMIG!G40,caja-2025-12.xlsx,True
2025-12,transferencias_corrientes_provincias,278940.8,338342.57832081,IMIG!G43,caja-2025-12.xlsx,False
2025-12,universidades,499381.4,605727.05908013,IMIG!G48,caja-2025-12.xlsx,True
2025-12,otros_gastos_corrientes,223225.9,270762.92372426,IMIG!G49,caja-2025-12.xlsx,False
2025-12,gasto_capital,464310.9,563188.12826398,IMIG!G51,caja-2025-12.xlsx,True
2025-12,resultado_primario,-2876449.6,-3489003.30849368,IMIG!G71,caja-2025-12.xlsx,True
2025-12,intereses_netos,413852.3,501984.12790814,IMIG!G73,caja-2025-12.xlsx,True
2025-12,resultado_financiero,-3290301.9,-3990987.43640182,IMIG!G75,caja-2025-12.xlsx,True
2026-01,ingresos_totales,14517257.600000001,17115571.463148315,Mensualizacion!G8,imig-agosto2026.xlsx,True
2026-02,ingresos_totales,11793011.5,13512375.455475228,Mensualizacion!H8,imig-agosto2026.xlsx,True
2026-03,ingresos_totales,11841366.899999999,13123850.557130225,Mensualizacion!I8,imig-agosto2026.xlsx,True
2026-04,ingresos_totales,13411787.3,14490193.11893108,Mensualizacion!J8,imig-agosto2026.xlsx,True
2026-05,ingresos_totales,14531657.1,15369665.096216956,Mensualizacion!K8,imig-agosto2026.xlsx,True
2026-06,ingresos_totales,14160855.600000001,14700108.160545524,Mensualizacion!L8,imig-agosto2026.xlsx,True
2026-07,ingresos_totales,17092373.7,17375971.46236249,Mensualizacion!M8,imig-agosto2026.xlsx,True
2026-08,ingresos_totales,15027157.4,15027157.399999999,Mensualizacion!N8,imig-agosto2026.xlsx,True
2026-01,ingresos_tributarios,12698112.3,14970833.645449165,Mensualizacion!G9,imig-agosto2026.xlsx,True
2026-02,ingresos_tributarios,10932438.100000001,12526334.622071916,Mensualizacion!H9,imig-agosto2026.xlsx,True
2026-03,ingresos_tributarios,11051258.5,12248169.172278175,Mensualizacion!I9,imig-agosto2026.xlsx,True
2026-04,ingresos_tributarios,12037270.3,13005154.896228742,Mensualizacion!J9,imig-agosto2026.xlsx,True
2026-05,ingresos_tributarios,13534781.299999999,14315301.70991579,Mensualizacion!K9,imig-agosto2026.xlsx,True
2026-06,ingresos_tributarios,13183781.399999999,13685826.479650581,Mensualizacion!L9,imig-agosto2026.xlsx,True
2026-07,ingresos_tributarios,15726159.8,15987089.253574667,Mensualizacion!M9,imig-agosto2026.xlsx,True
2026-08,ingresos_tributarios,13821783.5,13821783.499999998,Mensualizacion!N9,imig-agosto2026.xlsx,True
2026-01,rentas_propiedad,258889.2,305225.4582599193,Mensualizacion!G19,imig-agosto2026.xlsx,True
2026-02,rentas_propiedad,346607.9,397141.6529725094,Mensualizacion!H19,imig-agosto2026.xlsx,True
2026-03,rentas_propiedad,300925.7,333517.5701379377,Mensualizacion!I19,imig-agosto2026.xlsx,True
2026-04,rentas_propiedad,458817.1,495709.351524529,Mensualizacion!J19,imig-agosto2026.xlsx,True
2026-05,rentas_propiedad,435539.8,460656.4011253275,Mensualizacion!K19,imig-agosto2026.xlsx,True
2026-06,rentas_propiedad,372988.6,387192.1949864702,Mensualizacion!L19,imig-agosto2026.xlsx,True
2026-07,rentas_propiedad,472363.80000000005,480201.29051198455,Mensualizacion!M19,imig-agosto2026.xlsx,True
2026-08,rentas_propiedad,451119.80000000005,451119.80000000005,Mensualizacion!N19,imig-agosto2026.xlsx,True
2026-01,otros_ingresos_corrientes,516376.9000000001,608798.5745922833,Mensualizacion!G22,imig-agosto2026.xlsx,True
2026-02,otros_ingresos_corrientes,511622.5,586214.5823794774,Mensualizacion!H22,imig-agosto2026.xlsx,True
2026-03,otros_ingresos_corrientes,469705.20000000007,520576.7968144764,Mensualizacion!I22,imig-agosto2026.xlsx,True
2026-04,otros_ingresos_corrientes,834691,901806.2629604707,Mensualizacion!J22,imig-agosto2026.xlsx,True
2026-05,otros_ingresos_corrientes,547515.7999999999,579089.8053111439,Mensualizacion!K22,imig-agosto2026.xlsx,True
2026-06,otros_ingresos_corrientes,604035,627036.9590348138,Mensualizacion!L22,imig-agosto2026.xlsx,True
2026-07,otros_ingresos_corrientes,814896,828416.80677701,Mensualizacion!M22,imig-agosto2026.xlsx,True
2026-08,otros_ingresos_corrientes,728545.8999999999,728545.8999999999,Mensualizacion!N22,imig-agosto2026.xlsx,True
2026-01,ingresos_capital,1043879.2000000001,1230713.784846946,Mensualizacion!G26,imig-agosto2026.xlsx,True
2026-02,ingresos_capital,2342.999999999998,2684.5980513271297,Mensualizacion!H26,imig-agosto2026.xlsx,True
2026-03,ingresos_capital,19477.499999999996,21587.017899639945,Mensualizacion!I26,imig-agosto2026.xlsx,True
2026-04,ingresos_capital,81008.9,87522.60821733848,Mensualizacion!J26,imig-agosto2026.xlsx,True
2026-05,ingresos_capital,13820.2,14617.179864692622,Mensualizacion!K26,imig-agosto2026.xlsx,True
2026-06,ingresos_capital,50.600000000000364,52.52687365328467,Mensualizacion!L26,imig-agosto2026.xlsx,True
2026-07,ingresos_capital,78954.1,80264.11149883263,Mensualizacion!M26,imig-agosto2026.xlsx,True
2026-08,ingresos_capital,25708.2,25708.200000000004,Mensualizacion!N26,imig-agosto2026.xlsx,True
2026-01,gasto_primario,11391520.3,13430386.450437767,Mensualizacion!G28,imig-agosto2026.xlsx,True
2026-02,gasto_primario,10382371.8,11896071.319860764,Mensualizacion!H28,imig-agosto2026.xlsx,True
2026-03,gasto_primario,10911082.8,12092811.690825496,Mensualizacion!I28,imig-agosto2026.xlsx,True
2026-04,gasto_primario,12778943.200000001,13806463.723433128,Mensualizacion!J28,imig-agosto2026.xlsx,True
2026-05,gasto_primario,12607290.200000003,13334324.283279305,Mensualizacion!K28,imig-agosto2026.xlsx,True
2026-06,gasto_primario,14857698.5,15423487.19146426,Mensualizacion!L28,imig-agosto2026.xlsx,True
2026-07,gasto_primario,14132041,14366520.732046522,Mensualizacion!M28,imig-agosto2026.xlsx,True
2026-08,gasto_primario,13036835.6,13036835.6,Mensualizacion!N28,imig-agosto2026.xlsx,True
2026-01,prestaciones_sociales,7400740.800000001,8725333.085130172,Mensualizacion!G30,imig-agosto2026.xlsx,True
2026-02,prestaciones_sociales,7187186.299999999,8235043.250322261,Mensualizacion!H30,imig-agosto2026.xlsx,True
2026-03,prestaciones_sociales,8054193.399999999,8926505.819174018,Mensualizacion!I30,imig-agosto2026.xlsx,True
2026-04,prestaciones_sociales,8094858.7,8745744.56108914,Mensualizacion!J30,imig-agosto2026.xlsx,True
2026-05,prestaciones_sociales,8381418.000000002,8864755.533723993,Mensualizacion!K30,imig-agosto2026.xlsx,True
2026-06,prestaciones_sociales,11063548,11484853.516858619,Mensualizacion!L30,imig-agosto2026.xlsx,True
2026-07,prestaciones_sociales,8687143.5,8831281.142972425,Mensualizacion!M30,imig-agosto2026.xlsx,True
2026-08,prestaciones_sociales,8401245.3,8401245.3,Mensualizacion!N30,imig-agosto2026.xlsx,True
2026-01,subsidios_economicos,1067174.7,1258178.7376641894,Mensualizacion!G37,imig-agosto2026.xlsx,True
2026-02,subsidios_economicos,554487.1,635328.6334383409,Mensualizacion!H37,imig-agosto2026.xlsx,True
2026-03,subsidios_economicos,258209,286174.4220176168,Mensualizacion!I37,imig-agosto2026.xlsx,True
2026-04,subsidios_economicos,1175127.7999999998,1269616.6723002396,Mensualizacion!J37,imig-agosto2026.xlsx,True
2026-05,subsidios_economicos,784177.5,829399.253508994,Mensualizacion!K37,imig-agosto2026.xlsx,True
2026-06,subsidios_economicos,1063296.4,1103787.2659840323,Mensualizacion!L37,imig-agosto2026.xlsx,True
2026-07,subsidios_economicos,1180615.3,1200204.1448946635,Mensualizacion!M37,imig-agosto2026.xlsx,True
2026-08,subsidios_economicos,1270715.2000000002,1270715.2000000002,Mensualizacion!N37,imig-agosto2026.xlsx,True
2026-01,funcionamiento_y_otros,1990312.5,2346540.701168475,Mensualizacion!G41,imig-agosto2026.xlsx,True
2026-02,funcionamiento_y_otros,1790101.4,2051089.5134946527,Mensualizacion!H41,imig-agosto2026.xlsx,True
2026-03,funcionamiento_y_otros,1735625.6,1923603.1777319126,Mensualizacion!I41,imig-agosto2026.xlsx,True
2026-04,funcionamiento_y_otros,2217476.0999999996,2395777.401391843,Mensualizacion!J41,imig-agosto2026.xlsx,True
2026-05,funcionamiento_y_otros,2089388.1000000003,2209878.4145561117,Mensualizacion!K41,imig-agosto2026.xlsx,True
2026-06,funcionamiento_y_otros,2109500.1,2189830.9332863754,Mensualizacion!L41,imig-agosto2026.xlsx,True
2026-07,funcionamiento_y_otros,2824750.4000000004,2871618.8400852154,Mensualizacion!M41,imig-agosto2026.xlsx,True
2026-08,funcionamiento_y_otros,2050462.1,2050462.1,Mensualizacion!N41,imig-agosto2026.xlsx,True
2026-01,transferencias_corrientes_provincias,246034.3,290069.7748888654,Mensualizacion!G44,imig-agosto2026.xlsx,False
2026-02,transferencias_corrientes_provincias,100603.5,115271.00301181781,Mensualizacion!H44,imig-agosto2026.xlsx,False
2026-03,transferencias_corrientes_provincias,112508.7,124693.9967021035,Mensualizacion!I44,imig-agosto2026.xlsx,False
2026-04,transferencias_corrientes_provincias,154978.00000000003,167439.36501182817,Mensualizacion!J44,imig-agosto2026.xlsx,False
2026-05,transferencias_corrientes_provincias,160298.9,169542.97719370024,Mensualizacion!K44,imig-agosto2026.xlsx,False
2026-06,transferencias_corrientes_provincias,133179,138250.52383934284,Mensualizacion!L44,imig-agosto2026.xlsx,False
2026-07,transferencias_corrientes_provincias,181356.9,184365.98533429726,Mensualizacion!M44,imig-agosto2026.xlsx,False
2026-08,transferencias_corrientes_provincias,168059.9,168059.9,Mensualizacion!N44,imig-agosto2026.xlsx,False
2026-01,universidades,387689,457077.9804152891,Mensualizacion!G49,imig-agosto2026.xlsx,True
2026-02,universidades,400465.8,458851.77392367093,Mensualizacion!H49,imig-agosto2026.xlsx,True
2026-03,universidades,369370.1,409374.86639927083,Mensualizacion!I49,imig-agosto2026.xlsx,True
2026-04,universidades,412546.19999999995,445717.93264878006,Mensualizacion!J49,imig-agosto2026.xlsx,True
2026-05,universidades,779999.9999999999,824980.8464754665,Mensualizacion!K49,imig-agosto2026.xlsx,True
2026-06,universidades,50075.3,51982.19281127089,Mensualizacion!L49,imig-agosto2026.xlsx,True
2026-07,universidades,697606,709180.723562863,Mensualizacion!M49,imig-agosto2026.xlsx,True
2026-08,universidades,499670.29999999993,499670.29999999993,Mensualizacion!N49,imig-agosto2026.xlsx,True
2026-01,otros_gastos_corrientes,155696,183562.6320033296,Mensualizacion!G50,imig-agosto2026.xlsx,False
2026-02,otros_gastos_corrientes,130426.7,149442.28111866344,Mensualizacion!H50,imig-agosto2026.xlsx,False
2026-03,otros_gastos_corrientes,184742.39999999997,204750.9945127682,Mensualizacion!I50,imig-agosto2026.xlsx,False
2026-04,otros_gastos_corrientes,303295.30000000005,327682.46101428545,Mensualizacion!J50,imig-agosto2026.xlsx,False
2026-05,otros_gastos_corrientes,228488.69999999998,241665.12966163966,Mensualizacion!K50,imig-agosto2026.xlsx,False
2026-06,otros_gastos_corrientes,213647.2,221782.99369126407,Mensualizacion!L50,imig-agosto2026.xlsx,False
2026-07,otros_gastos_corrientes,279618.4,284257.8464541447,Mensualizacion!M50,imig-agosto2026.xlsx,False
2026-08,otros_gastos_corrientes,242717,242717.00000000003,Mensualizacion!N50,imig-agosto2026.xlsx,False
2026-01,gasto_capital,143872.99999999997,169623.53916744833,Mensualizacion!G52,imig-agosto2026.xlsx,True
2026-02,gasto_capital,219100.99999999997,251044.8645513555,Mensualizacion!H52,imig-agosto2026.xlsx,True
2026-03,gasto_capital,196433.59999999998,217708.41428780457,Mensualizacion!I52,imig-agosto2026.xlsx,True
2026-04,gasto_capital,420661.1,454485.3299770105,Mensualizacion!J52,imig-agosto2026.xlsx,True
2026-05,gasto_capital,183519.00000000003,194102.12815939897,Mensualizacion!K52,imig-agosto2026.xlsx,True
2026-06,gasto_capital,224452.5,232999.76499335558,Mensualizacion!L52,imig-agosto2026.xlsx,True
2026-07,gasto_capital,280950.5,285612.04874291236,Mensualizacion!M52,imig-agosto2026.xlsx,True
2026-08,gasto_capital,403965.8,403965.8,Mensualizacion!N52,imig-agosto2026.xlsx,True
2026-01,resultado_primario,3125737.3000000007,3685185.012710546,Mensualizacion!G72,imig-agosto2026.xlsx,True
2026-02,resultado_primario,1410639.6999999993,1616304.1356144636,Mensualizacion!H72,imig-agosto2026.xlsx,True
2026-03,resultado_primario,930284.0999999978,1031038.8663047306,Mensualizacion!I72,imig-agosto2026.xlsx,True
2026-04,resultado_primario,632844.0999999996,683729.3954979533,Mensualizacion!J72,imig-agosto2026.xlsx,True
2026-05,resultado_primario,1924366.8999999966,2035340.81293765,Mensualizacion!K72,imig-agosto2026.xlsx,True
2026-06,resultado_primario,-696842.9,-723379.0309187396,Mensualizacion!L72,imig-agosto2026.xlsx,True
2026-07,resultado_primario,2960332.6999999993,3009450.7303159707,Mensualizacion!M72,imig-agosto2026.xlsx,True
2026-08,resultado_primario,1990321.8000000007,1990321.8000000007,Mensualizacion!N72,imig-agosto2026.xlsx,True
2026-01,intereses_netos,2020578.3,2382223.5055288086,Mensualizacion!G74,imig-agosto2026.xlsx,True
2026-02,intereses_netos,1266218.4,1450826.9096007508,Mensualizacion!H74,imig-agosto2026.xlsx,True
2026-03,intereses_netos,445495,493744.50207676034,Mensualizacion!I74,imig-agosto2026.xlsx,True
2026-04,intereses_netos,364741.20000000007,394069.0609096273,Mensualizacion!J74,imig-agosto2026.xlsx,True
2026-05,intereses_netos,1445753.7000000002,1529127.0656679976,Mensualizacion!K74,imig-agosto2026.xlsx,True
2026-06,intereses_netos,328048.49999999994,340540.75319465273,Mensualizacion!L74,imig-agosto2026.xlsx,True
2026-07,intereses_netos,2715435.5999999996,2760490.2819017563,Mensualizacion!M74,imig-agosto2026.xlsx,True
2026-08,intereses_netos,1354793.2,1354793.2,Mensualizacion!N74,imig-agosto2026.xlsx,True
2026-01,resultado_financiero,1105159.0000000007,1302961.5071817378,Mensualizacion!G76,imig-agosto2026.xlsx,True
2026-02,resultado_financiero,144421.3,165477.22601371366,Mensualizacion!H76,imig-agosto2026.xlsx,True
2026-03,resultado_financiero,484789.1,537294.3642279728,Mensualizacion!I76,imig-agosto2026.xlsx,True
2026-04,resultado_financiero,268102.89999999956,289660.334588326,Mensualizacion!J76,imig-agosto2026.xlsx,True
2026-05,resultado_financiero,478613.19999999646,506213.7472696525,Mensualizacion!K76,imig-agosto2026.xlsx,True
2026-06,resultado_financiero,-1024891.3999999985,-1063919.7841133908,Mensualizacion!L76,imig-agosto2026.xlsx,True
2026-07,resultado_financiero,244897.09999999963,248960.44841421454,Mensualizacion!M76,imig-agosto2026.xlsx,True
2026-08,resultado_financiero,635528.6000000008,635528.6000000008,Mensualizacion!N76,imig-agosto2026.xlsx,True
