periodo,provincia_id,provincia,coparticipacion_neta_educativo,financiamiento_educativo,coparticipacion_incluye_educativo,ron_antes_consenso,consenso_fiscal,ron_total,habitantes,ron_real_agosto2026,ron_pesos_por_habitante
2025-01,6,Buenos Aires,939983.6231,0.0,939983.6231,975020.0491,115238.396658,1090258.445758,17443372,1702013.46325055,62502.73431983
2025-01,10,Catamarca,117897.3795,0.0,117897.3795,120155.9981,634.54248,120790.54058,439024,188567.33199396,275134.25366267
2025-01,14,Córdoba,380074.7688,0.0,380074.7688,393568.7731,3701.851956,397270.625056,3957565,620183.18228131,100382.59006637
2025-01,18,Corrientes,159120.2394,0.0,159120.2394,164800.4867,4515.886716,169316.373416,1203905,264321.49938764,140639.31407877
2025-01,22,Chaco,213534.4146,0.0,213534.4146,219224.3807,5509.670232,224734.050932,1207608,350834.59506811,186098.51121556
2025-01,26,Chubut,67694.7839,0.0,67694.7839,70493.0811,1049.378484,71542.459584,602348,111685.65570833,118772.63572553
2025-01,30,Entre Ríos,208999.9,0.0,208999.9,215624.9323,2546.46194,218171.39424,1459182,340589.56547175,149516.23186141
2025-01,34,Formosa,155822.4106,0.0,155822.4106,159797.081,2717.606892,162514.687892,626649,253703.31946921,259339.25992382
2025-01,38,Jujuy,121607.4369,0.0,121607.4369,124204.2251,2628.13727,126832.36237,800744,197999.28096822,158393.14733548
2025-01,42,La Pampa,81954.2023,0.0,81954.2023,84413.7317002,0.0,84413.7317002,376794,131779.12851395,224031.51775294
2025-01,46,La Rioja,88629.1489,0.0,88629.1489,90535.576,823.270888,91358.846888,403577,142621.21792812,226372.77864695
2025-01,50,Mendoza,178494.9836,0.0,178494.9836,182327.5298,3852.322804,186179.852604,2047181,290647.24694492,90944.50007303
2025-01,54,Misiones,141394.4097,0.0,141394.4097,145743.5673,5086.44048,150830.00778,1344368,235462.24741718,112193.98838711
2025-01,58,Neuquén,74290.4415,0.0,74290.4415,77431.1721,1411.311836,78842.483936,702816,123081.7974007,112180.83244548
2025-01,62,Río Negro,108003.8931,0.0,108003.8931,111076.6959,1320.904464,112397.600364,788658,175465.02831591,142517.54291974
2025-01,66,Salta,164066.9826,0.0,164066.9826,167593.2074,7165.15668,174758.36408,1486517,272817.04593722,117562.30442033
2025-01,70,San Juan,144692.2384,0.0,144692.2384,147774.1756,1661.607926,149435.783526,849117,233285.70986287,175989.62631298
2025-01,74,San Luis,97698.1781,0.0,97698.1781,100270.5825,0.0,100270.5825,536173,156533.41833488,187011.62218165
2025-01,78,Santa Cruz,67694.7839,0.0,67694.7839,70304.187,229.503648,70533.690648,334953,110110.85634121,210577.87405397
2025-01,82,Santa Fe,390017.9474,0.0,390017.9474,403835.27830081,4219.21324,408054.49154081,3684529,637017.98508835,110748.07432397
2025-01,86,Santiago del Estero,176846.0692,0.0,176846.0692,180752.6423,4457.874146,185210.516446,1056774,289134.00648551,175260.28880915
2025-01,90,Tucumán,203640.9282,0.0,203640.9282,207610.3704,7726.88685,215337.25725,1773567,336165.16561276,121414.78571151
2025-01,94,Tierra del Fuego,52792.1172,0.0,52792.1172,54568.6551,116.646948,54685.302048,182003,85369.77694579,300463.73987242
2025-01,2,CABA,105586.2345,0.0,105586.2345,106057.9974,,106057.9974,3079674,165568.21014552,34438.05980763
2025-02,6,Buenos Aires,866688.8415,0.0,866688.8415,906329.12417391,104762.17878,1011091.30295391,17443372,1541406.00810433,57964.21144684
2025-02,10,Catamarca,108704.3867,0.0,108704.3867,112235.0196536,576.8568,112811.8764536,439024,171981.40627171,256960.61366486
2025-02,14,Córdoba,350438.6172,0.0,350438.6172,366189.33071695,3365.31996,369554.65067695,3957565,563385.08422747,93379.30032152
2025-02,18,Corrientes,146712.9135,0.0,146712.9135,153864.87918716,4105.35156,157970.23074716,1203905,240825.19755034,131214.86391963
2025-02,22,Chaco,196884.1689,0.0,196884.1689,204277.61787644,5008.79112,209286.40899644,1207608,319056.57510774,173306.57713136
2025-02,26,Chubut,62416.3149,0.0,62416.3149,66359.93629236,953.98044,67313.91673236,602348,102619.88741982,111752.53629522
2025-02,30,Entre Ríos,192703.2309,0.0,192703.2309,200843.16189166,2314.9654,203158.12729166,1459182,309714.02591212,139227.4077474
2025-02,34,Formosa,143672.2313,0.0,143672.2313,149167.83573148,2470.55172,151638.38745148,626649,231172.31924961,241982.97204891
2025-02,38,Jujuy,112125.1541,0.0,112125.1541,116016.13601686,2389.2157,118405.35171686,800744,180508.64446649,147869.17131675
2025-02,42,La Pampa,75561.3775,0.0,75561.3775,79068.47749041,0.0,79068.47749041,376794,120539.68410105,209845.37304313
2025-02,46,La Rioja,81718.3326,0.0,81718.3326,84779.02444906,748.42808,85527.45252906,403577,130386.37440655,211923.50537583
2025-02,50,Mendoza,164576.9211,0.0,164576.9211,170012.62541165,3502.11164,173514.73705165,2047181,264522.7561593,84757.8875789
2025-02,54,Misiones,130369.247,0.0,130369.247,136232.82484642,4624.0368,140856.86164642,1344368,214735.91177196,104775.5239982
2025-02,58,Neuquén,68497.6792,0.0,68497.6792,72906.09022762,1283.01076,74189.10098762,702816,113101.0875715,105559.77807508
2025-02,62,Río Negro,99582.3402,0.0,99582.3402,104006.1749011,1200.82224,105206.9971411,788658,160387.78794173,133400.02528485
2025-02,66,Salta,151273.9367,0.0,151273.9367,156418.41315146,6513.7788,162932.19195146,1486517,248389.69423816,109606.67920478
2025-02,70,San Juan,133409.9291,0.0,133409.9291,137864.57199989,1510.55266,139375.12465989,849117,212477.00766825,164141.24868526
2025-02,74,San Luis,90080.2085,0.0,90080.2085,93851.36879437,0.0,93851.36879437,536173,143076.16266288,175039.34139609
2025-02,78,Santa Cruz,62416.3149,0.0,62416.3149,66307.52783737,208.63968,66516.16751737,334953,101403.72085864,198583.584913
2025-02,82,Santa Fe,359594.6582,0.0,359594.6582,375509.723902,3835.6484,379345.372302,3684529,578311.01336209,102956.2726476
2025-02,86,Santiago del Estero,163056.58,0.0,163056.58,168676.6491562,4052.61286,172729.2620162,1056774,263325.30155225,163449.57579974
2025-02,90,Tucumán,187762.1224,0.0,187762.1224,193404.01753844,7233.5335,200637.55103844,1773567,305871.41410323,113126.56981013
2025-02,94,Tierra del Fuego,48675.7008,0.0,48675.7008,51343.40999897,106.04268,51449.45267897,182003,78434.55407177,282684.64079694
2025-02,2,CABA,97353.4017,0.0,97353.4017,97947.6777,,97947.6777,3079674,149320.97471867,31804.56038529
2025-03,6,Buenos Aires,694053.8868,90690.13827112,784744.02507112,817440.19387749,94285.960902,911726.15477949,17443372,1339952.77160569,52267.76994606
2025-03,10,Catamarca,94191.1606,4235.30323352,98426.46383352,101443.80998367,519.17112,101962.98110367,439024,149853.74546383,232249.21895767
2025-03,14,Córdoba,297822.4991,19482.39487416,317304.89397416,330369.23462874,3028.787964,333398.02259274,3957565,489990.9935446,84243.2209181
2025-03,18,Corrientes,123960.8368,8880.47452184,132841.31132184,138945.01589324,3694.816404,142639.83229724,1203905,209636.01584325,118480.97009086
2025-03,22,Chaco,168350.1031,9918.80692752,178268.91002752,184434.09118925,4507.912008,188942.00319725,1207608,277685.74975028,156459.71473959
2025-03,26,Chubut,52443.5405,4071.3560116,56514.8965116,60068.14143475,858.582396,60926.72383075,602348,89543.26036815,101148.71109517
2025-03,30,Entre Ríos,165930.6968,8552.580078,174483.276878,181302.2813018,2083.46886,183385.7501618,1459182,269519.79266375,125677.0917965
2025-03,34,Formosa,124295.3217,5792.801842,130088.123542,134743.22698922,2223.496548,136966.72353722,626649,201298.31732845,218570.08235427
2025-03,38,Jujuy,95976.9191,5546.88100904,101523.80010904,104841.46750912,2150.29413,106991.76163912,800744,157244.48267252,133615.43968999
2025-03,42,La Pampa,65519.6943,2896.40092096,68416.09522096,71532.76677406,0.0,71532.76677406,376794,105130.83188089,189845.82231687
2025-03,46,La Rioja,70685.6532,3306.26897584,73991.92217584,76692.21324109,673.585272,77365.79851309,403577,113703.56724072,191700.21709137
2025-03,50,Mendoza,136528.9763,12487.31340464,149016.28970464,153519.67448017,3151.900476,156671.57495617,2047181,230258.29630292,76530.39714425
2025-03,54,Misiones,107522.9802,10519.94674128,118042.92694128,123055.88922806,4161.63312,127217.52234806,1344368,186970.03565541,94629.98401335
2025-03,58,Neuquén,57403.4254,4617.84675136,62021.27215136,65960.68553654,1154.709684,67115.39522054,702816,98638.67497025,95494.97339351
2025-03,62,Río Negro,85166.5102,5000.39026928,90166.90046928,93980.64440178,1080.740016,95061.38441778,788658,139710.55327912,120535.62433626
2025-03,66,Salta,126478.4709,10492.62220432,136971.09310432,141319.69643107,5862.40092,147182.09735107,1486517,216311.72720278,99011.37851169
2025-03,70,San Juan,113937.656,6858.45878456,120796.11478456,124514.52468997,1359.497394,125874.02208397,849117,184995.50975958,148241.08112778
2025-03,74,San Luis,77601.1307,3962.0578636,81563.1885636,84825.58761977,0.0,84825.58761977,536173,124667.1279949,158205.63068221
2025-03,78,Santa Cruz,54383.5826,2131.31388528,56514.89648528,60120.08359371,187.775712,60307.85930571,334953,88633.72274961,180048.72118092
2025-03,82,Santa Fe,307364.977,18225.46617256,325590.44317256,338745.81242906,3452.08356,342197.89598906,3684529,502924.05977876,92874.25773798
2025-03,86,Santiago del Estero,138595.2741,9044.42174384,147639.69584384,152352.36784636,3647.351574,155999.71942036,1056774,229270.87844439,147618.8091497
2025-03,90,Tucumán,158696.9884,11312.358314,170009.346714,174633.79863413,6740.18015,181373.97878413,1773567,266563.11689087,102265.08430983
2025-03,94,Tierra del Fuego,43035.1447,1038.3324056,44073.4771056,46441.04046611,95.438412,46536.47887811,182003,68394.09347489,255690.72420843
2025-03,2,CABA,73967.5195,14181.434698,88148.954198,88691.717298,,88691.717298,3079674,130349.13146773,28799.06032197
2025-04,6,Buenos Aires,480844.1324,362760.55308448,843604.68548448,882361.39311437,113812.225717,996173.61883137,17443372,1424452.49056985,57109.00500381
2025-04,10,Catamarca,88867.8451,16941.21293408,105809.05803408,109361.08225339,381.983315,109743.06556839,439024,156924.2350094,249970.53821292
2025-04,14,Córdoba,263175.1461,77929.57949664,341104.72559664,356554.48376588,3547.442994,360101.92675988,3957565,514918.36034954,90990.78012866
2025-04,18,Corrientes,107283.3341,35521.89808736,142805.23218736,149905.63251046,6119.799053,156025.43156346,1203905,223104.49743041,129599.4547439
2025-04,22,Chaco,151964.9543,39675.22771008,191640.18201008,198943.07536938,7369.498726,206312.57409538,1207608,295011.28563392,170843.99415653
2025-04,26,Chubut,44468.4396,16285.4240464,60753.8636464,64751.23239069,1268.413115,66019.64550569,602348,94403.07059871,109603.82620294
2025-04,30,Entre Ríos,153360.2826,34210.320312,187570.602912,195600.7643668,2854.222104,198454.9864708,1459182,283775.53310031,136004.27257929
2025-04,34,Formosa,116674.3309,23171.207368,139845.538268,145309.97753991,3382.345211,148692.32275091,626649,212618.70969804,237281.6724369
2025-04,38,Jujuy,86951.1897,22187.52403616,109138.71373616,113037.40944028,3416.488857,116453.89829728,800744,166520.21528208,145432.12099907
2025-04,42,La Pampa,61959.5365,11585.60368384,73545.14018384,77098.92265553,0.0,77098.92265553,376794,110245.59406197,204618.23345259
2025-04,46,La Rioja,66316.6985,13225.07590336,79541.77440336,82666.97372406,817.424403,83484.39812706,403577,119376.33820832,206861.13957699
2025-04,50,Mendoza,110244.1804,49949.25361856,160193.43401856,165573.6749718,5006.670164,170580.3451358,2047181,243916.91656722,83324.50581351
2025-04,54,Misiones,84817.0903,42079.78696512,126896.87726512,132734.67361458,7082.225319,139816.89893358,1344368,199927.52884114,104001.95402864
2025-04,58,Neuquén,48201.8645,18471.38700544,66673.25150544,71083.62788677,1789.696735,72873.32462177,702816,104203.31033797,103687.62894096
2025-04,62,Río Negro,76928.4152,20001.56107712,96929.97627712,101348.29424891,1482.594776,102830.88902491,788658,147040.34839919,130387.17546124
2025-04,66,Salta,105274.2843,41970.48881728,147244.77311728,152393.82362524,29152.240664,181546.06428924,1486517,259597.06073459,122128.48173902
2025-04,70,San Juan,102422.7361,27433.83513824,129856.57123824,134277.48156301,1820.818716,136098.30027901,849117,194610.21565918,160282.15225818
2025-04,74,San Luis,71832.7013,15848.2314544,87680.9327544,91466.51048896,0.0,91466.51048896,536173,130790.15164302,170591.4145042
2025-04,78,Santa Cruz,52228.6081,8525.25554112,60753.86364112,64703.55552475,12.827527,64716.38305175,334953,92539.50443586,193210.34011263
2025-04,82,Santa Fe,277097.5718,72901.86469024,349999.43649024,365582.99263681,4252.427981,369835.42061781,3684529,528836.51608642,100375.2231609
2025-04,86,Santiago del Estero,122535.9001,36177.68697536,158713.58707536,164329.67199343,5942.28002,170271.95201343,1056774,243475.93786338,161124.28202571
2025-04,90,Tucumán,137511.667,45249.433256,182761.100256,188370.36509935,9592.211172,197962.57627135,1773567,283071.42397543,111618.32412948
2025-04,94,Tierra del Fuego,43225.9079,4153.3296224,47379.2375224,50072.22661726,0.0,50072.22661726,182003,71599.47479537,275117.58936531
2025-04,2,CABA,38034.7362,56725.738792,94760.474992,95363.137492,,95363.137492,3079674,136362.03181971,30965.33512703
2025-05,6,Buenos Aires,722031.6801,374096.82036837,1096128.50046837,1133359.86621645,119802.34286,1253162.20907645,17443372,1765425.66697639,71841.74075267
2025-05,10,Catamarca,120011.2138,17470.62583827,137481.83963827,141842.45953069,402.0877,142244.54723069,439024,200390.79765545,324001.7566937
2025-05,14,Córdoba,362845.8071,80364.87885591,443210.68595591,458517.10923458,3734.15052,462251.25975458,3957565,651208.78418791,116801.93749302
2025-05,18,Corrientes,148920.4556,36631.95740259,185552.41300259,193215.09386956,6441.89374,199656.98760956,1203905,281272.10345489,165841.1482713
2025-05,22,Chaco,208090.4912,40915.07857602,249005.56977602,256834.7928067,7757.36708,264592.1598867,1207608,372751.25834584,219104.34502479
2025-05,26,Chubut,62145.5232,16794.34354785,78939.86674785,83792.59609399,1335.1717,85127.76779399,602348,119926.01208959,141326.55507115
2025-05,30,Entre Ríos,208438.4139,35279.39282175,243717.80672175,252091.58694225,3004.44432,255096.03126225,1459182,359373.33401243,174821.25688382
2025-05,34,Formosa,157811.4595,23895.30759825,181706.76709825,187926.59698738,3560.36338,191486.96036738,626649,269762.359793,305572.91301412
2025-05,38,Jujuy,118927.3071,22880.88416229,141808.19126229,146407.68951349,3596.30406,150003.99357349,800744,211322.12453068,187330.77434672
2025-05,42,La Pampa,83601.1966,11947.65379896,95548.85039896,99781.70517978,0.0,99781.70517978,376794,140570.13700475,264817.65946321
2025-05,46,La Rioja,89713.3731,13638.35952534,103351.73262534,107331.41067026,860.44674,108191.85741026,403577,152418.1631448,268082.31740227
2025-05,50,Mendoza,156635.4146,51510.16779414,208145.58239414,214093.54663371,5270.17912,219363.72575371,2047181,309034.49612846,107154.04536956
2025-05,54,Misiones,121487.2862,43394.78030778,164882.06650778,171472.12895275,7454.97402,178927.10297275,1344368,252068.32588626,133093.8425883
2025-05,58,Neuquén,67582.5406,19048.61784936,86631.15844936,91859.29161506,1883.8913,93743.18291506,702816,132063.20779835,133382.25497862
2025-05,62,Río Negro,105318.2922,20626.60986078,125944.90206078,131084.61925325,1560.62608,132645.24533325,788658,186867.52522348,168191.08578529
2025-05,66,Salta,148038.8152,43282.06659282,191320.88179282,197192.78508613,20686.56912,217879.35420613,1486517,306943.34814263,146570.37504861
2025-05,70,San Juan,140436.5698,28291.14248631,168727.71228631,173736.44804247,1916.65128,175653.09932247,849117,247455.98597038,206865.60193997
2025-05,74,San Luis,97583.7701,16343.48868735,113927.25878735,118388.2846157,0.0,118388.2846157,536173,166782.65177171,220802.3988819
2025-05,78,Santa Cruz,70148.197,8791.66977678,78939.86677678,83900.75884384,13.50266,83914.26150384,334953,118216.45275548,250525.48119837
2025-05,82,Santa Fe,379534.4811,75180.04796181,454714.52906181,470021.91481861,4476.23998,474498.15479861,3684529,668461.92404075,128781.22408552
2025-05,86,Santiago del Estero,168914.5198,37308.23969334,206222.75949334,212587.25773572,6255.0316,218842.28933572,1056774,308299.90867494,207085.23235405
2025-05,90,Tucumán,190805.1541,46663.47804525,237468.63214525,243597.46382905,9976.01176,253573.47558905,1773567,357228.39312178,142973.72221577
2025-05,94,Tierra del Fuego,57278.479,4283.1211731,61561.6001731,64936.04171533,0.0,64936.04171533,182003,91480.37973518,356785.55691569
2025-05,2,CABA,64928.6509,58196.54937686,123125.20027686,123780.94087686,,123780.94087686,3079674,174379.70002905,40192.87134835
2025-06,6,Buenos Aires,566084.1489,362760.55308448,928844.70198448,1128961.23155177,113812.225717,1242773.45726877,17443372,1722897.81452865,71246.17059527
2025-06,10,Catamarca,99559.0682,16941.21293408,116500.28113408,136902.90478657,381.983315,137284.88810157,439024,190322.56626869,312704.74530224
2025-06,14,Córdoba,297641.2567,77929.57949664,375570.83619664,454552.88504333,3547.442994,458100.32803733,3957565,635079.58702701,115753.07746994
2025-06,18,Corrientes,121712.747,35521.89808736,157234.64508736,190375.90183886,6119.799053,196495.70089186,1203905,272408.46805247,163215.28766128
2025-06,22,Chaco,171328.7779,39675.22771008,211004.00561008,250990.68512264,7369.498726,258360.18384864,1207608,358173.24027204,213943.74983326
2025-06,26,Chubut,50607.1684,16285.4240464,66892.5924464,82226.66330639,1268.413115,83495.07642139,602348,115751.97703889,138616.01004966
2025-06,30,Entre Ríos,172312.9052,34210.320312,206523.225512,248532.76291202,2854.222104,251386.98501602,1459182,348506.06484379,172279.39010762
2025-06,34,Formosa,130804.6886,23171.207368,153975.895968,182802.64792784,3382.345211,186184.99313884,626649,258114.39397966,297112.08848788
2025-06,38,Jujuy,97978.8498,22187.52403616,120166.37383616,141420.19564145,3416.488857,144836.68449845,800744,200791.870575,180877.6394184
2025-06,42,La Pampa,69388.7419,11585.60368384,80974.34558384,97536.37547636,0.0,97536.37547636,376794,135217.89282061,258858.62162444
2025-06,46,La Rioja,74353.8067,13225.07590336,87578.88260336,103605.4422341,817.424403,104422.8666371,403577,144764.86254483,258743.35414827
2025-06,50,Mendoza,126430.5426,49949.25361856,176379.79621856,206861.97854173,5006.670164,211868.64870573,2047181,293720.49240933,103492.87566938
2025-06,54,Misiones,97639.0816,42079.78696512,139718.86856512,166984.58251178,7082.225319,174066.80783078,1344368,241314.55418489,129478.54146393
2025-06,58,Neuquén,54938.7037,18471.38700544,73410.09070544,89536.74619686,1789.696735,91326.44293186,702816,126608.85861031,129943.60249605
2025-06,62,Río Negro,86722.4726,20001.56107712,106724.03367712,126747.8485952,1482.594776,128230.4433712,788658,177770.0910396,162593.21958466
2025-06,66,Salta,120152.28,41970.48881728,162122.76881728,190593.81969341,10152.240664,200746.06035741,1486517,278300.88150186,135044.57759811
2025-06,70,San Juan,115543.7826,27433.83513824,142977.61773824,167819.16425523,1820.818716,169639.98297123,849117,235177.50094224,199783.9908649
2025-06,74,San Luis,80692.2113,15848.2314544,96540.4427544,114421.74833656,0.0,114421.74833656,536173,158626.64187956,213404.53237398
2025-06,78,Santa Cruz,58367.3369,8525.25554112,66892.59244112,82107.49980504,12.827527,82120.32733204,334953,113846.11705475,245169.70241211
2025-06,82,Santa Fe,312452.9697,72901.86469024,385354.83439024,466786.39359477,4252.427981,471038.82157577,3684529,653016.6471648,127842.34337029
2025-06,86,Santiago del Estero,138572.7347,36177.68697536,174750.42167536,205414.94236082,5942.28002,211357.22238082,1056774,293011.48523484,200002.29224112
2025-06,90,Tucumán,155978.325,45249.433256,201227.758256,235395.84619248,9592.211172,244988.05736448,1773567,339635.02048596,138132.95881378
2025-06,94,Tierra del Fuego,48013.1982,4153.3296224,52166.5278224,62711.47115328,0.0,62711.47115328,182003,86938.97987917,344562.8432129
2025-06,2,CABA,47307.4482,57027.60754439,104335.05574439,105043.25364439,,105043.25364439,3079674,145624.92550544,34108.56267397
2025-07,6,Buenos Aires,579529.4341,396769.35493615,976298.78903615,1024369.6178513,131076.068442,1155445.6862933,17443372,1571939.13549301,66239.81225037
2025-07,10,Catamarca,103922.7549,18529.45164665,122452.20654665,127153.29032776,1133.776578,128287.06690576,439024,174529.58926499,292209.68991618
2025-07,14,Córdoba,309523.0346,85235.47757445,394758.51217445,413955.58065122,6026.266532,419981.84718322,3957565,571369.04799206,106121.27588131
2025-07,18,Corrientes,126415.5874,38852.07603305,165267.66343305,174102.97848955,6888.040852,180991.01934155,1203905,246231.27668464,150336.62900441
2025-07,22,Chaco,178389.2862,43394.7803079,221784.0665079,231106.87395938,8437.52514,239544.39909938,1207608,325890.88357797,198362.71298251
2025-07,26,Chubut,52497.91,17812.18255075,70310.09255075,75381.72949988,1653.953136,77035.68263588,602348,104804.06461443,127892.31911765
2025-07,30,Entre Ríos,179656.8284,37417.53784125,217074.36624125,227224.86866745,4091.221948,231316.09061545,1459182,314696.58835645,158524.49565267
2025-07,34,Formosa,136498.9188,25343.50805875,161842.42685875,168857.58925911,4249.45268,173107.04193911,626649,235505.43057239,276242.4290777
2025-07,38,Jujuy,102037.9933,24267.60441455,126305.59771455,131368.08656355,4059.043076,135427.12963955,800744,184243.36826322,169126.62428884
2025-07,42,La Pampa,72447.912,12671.7540292,85119.6660292,89690.174782,0.0,89690.174782,376794,122020.01139606,238035.03978832
2025-07,46,La Rioja,77588.3055,14464.9267693,92053.2322693,96132.2279428,1359.267888,97491.4958308,403577,132633.40673833,241568.51314818
2025-07,50,Mendoza,130758.932,54631.9961453,185390.9281453,192281.74775518,5950.162108,198231.90986318,2047181,269686.84094283,96831.64794084
2025-07,54,Misiones,100832.25,46024.7669931,146857.0169931,154328.02104476,7692.59293,162020.61397476,1344368,220422.77441926,120518.05307383
2025-07,58,Neuquén,56957.4861,20203.0795372,77160.5656372,82569.84936541,2195.314154,84765.16351941,702816,115319.72419238,120607.90238043
2025-07,62,Río Negro,90299.7895,21876.7074281,112176.4969281,117795.36759967,2121.49751,119916.86510967,788658,163142.25368416,152051.79572092
2025-07,66,Salta,124500.2961,45905.2221439,170405.5182439,177024.03564574,10775.426442,187799.46208774,1486517,255493.89952486,126335.22663228
2025-07,70,San Juan,120276.4964,30005.75718245,150282.25358245,155976.696798,2684.026334,158660.723132,849117,215851.77296988,186853.78237863
2025-07,74,San Luis,84138.6296,17334.00315325,101472.63275325,106255.4770413,0.0,106255.4770413,536173,144556.46397151,198173.86746684
2025-07,78,Santa Cruz,60985.5943,9324.4982481,70310.0925481,75379.6014533,453.57499,75833.1764433,334953,103168.10148159,226399.45438106
2025-07,82,Santa Fe,325345.8935,79736.41450495,405082.30800495,424522.91773133,6768.716658,431291.63438933,3684529,586755.57574866,117054.75364404
2025-07,86,Santiago del Estero,144108.9648,39569.3451293,183678.3099293,190806.83566808,6833.884574,197640.72024208,1056774,268882.5503449,187022.69382298
2025-07,90,Tucumán,162016.7892,49491.56762375,211508.35682375,218697.1810079,10599.1392,229296.3202079,1773567,311948.76889076,129285.40066876
2025-07,94,Tierra del Fuego,50288.9626,4542.7042745,54831.6668745,58178.78351204,172.80356638,58351.58707842,182003,79385.07576323,320607.83107102
2025-07,2,CABA,47948.9406,61716.39313803,109665.33373803,110298.17083803,,110298.17083803,3079674,150056.39241236,35814.88522423
2025-08,6,Buenos Aires,766810.5244,226725.3456778,993535.8700778,1046171.96603713,119160.06222,1165332.02825713,17443372,1556198.05887871,66806.58007277
2025-08,10,Catamarca,114025.9082,10588.2580838,124614.1662838,129591.76280497,1030.70598,130622.46878497,439024,174434.77690485,297529.22114729
2025-08,14,Córdoba,353022.1991,48705.9871854,401728.1862854,422718.84964012,5478.42412,428197.27376012,3957565,571819.66176564,108197.15500822
2025-08,18,Corrientes,145984.3668,22201.1863046,168185.5531046,177748.76845818,6261.85532,184010.62377818,1203905,245729.94528001,152844.80401542
2025-08,22,Chaco,200902.7663,24797.0173188,225699.7836188,235827.17680761,7670.4774,243497.65420761,1207608,325169.62344726,201636.33746018
2025-08,26,Chubut,61373.0651,10178.390029,71551.455129,76843.96801103,1503.59376,78347.56177103,602348,104626.25293866,130070.26132904
2025-08,30,Entre Ríos,199525.4809,21381.450195,220906.931095,231872.99258341,3719.29268,235592.28526341,1459182,314612.70103598,161455.03800308
2025-08,34,Formosa,150217.8375,14482.004605,164699.842105,172255.69972765,3863.1388,176118.83852765,626649,235191.16269258,281048.62295743
2025-08,38,Jujuy,114668.3885,13867.2025226,128535.5910226,133976.84700745,3690.03916,137666.88616745,800744,183841.97450238,171923.71865096
2025-08,42,La Pampa,79373.5929,7241.0023024,86614.5952024,91405.40190894,0.0,91405.40190894,376794,122063.84581609,242587.20125306
2025-08,46,La Rioja,85412.8092,8265.6724396,93678.4816396,97944.71035996,1235.69808,99180.40843996,403577,132446.68073175,245753.37157458
2025-08,50,Mendoza,157445.8214,31218.2835116,188664.1049116,196282.29456432,5409.23828,201691.53284432,2047181,269341.23862882,98521.59278751
2025-08,54,Misiones,123149.9899,26299.8668532,149449.8567532,157380.39479998,6993.2663,164373.66109998,1344368,219506.51499482,122268.35293608
2025-08,58,Neuquén,66978.2601,11544.6168784,78522.8769784,84370.48971256,1995.74014,86366.22985256,702816,115334.47634683,122885.97563596
2025-08,62,Río Negro,101656.0578,12500.9756732,114157.0334732,120270.5802863,1928.6341,122199.2143863,788658,163186.26418333,154945.76151677
2025-08,66,Salta,147182.564,26231.5555108,173414.1195108,180615.95267972,9795.84222,190411.79489972,1486517,254278.14427595,128092.57808671
2025-08,70,San Juan,135789.4207,17146.1469614,152935.5676614,159176.01204192,2440.02394,161616.03598192,849117,215823.95006759,190334.23660334
2025-08,74,San Luis,93359.0421,9905.144659,103264.186759,108458.47516766,0.0,108458.47516766,536173,144836.71986368,202282.61245467
2025-08,78,Santa Cruz,66223.1704,5328.2847132,71551.4551132,76733.7246465,412.3409,77146.0655465,334953,103021.7607879,230319.076248
2025-08,82,Santa Fe,366632.972,45563.6654314,412196.6374314,433392.49919061,6153.37878,439545.87797061,3684529,586974.72093771,119294.99753445
2025-08,86,Santiago del Estero,164310.195,22611.0543596,186921.2493596,194762.01974186,6212.62234,200974.64208186,1056774,268383.89429611,190177.50444453
2025-08,90,Tucumán,186961.755,28280.895785,215242.650785,223208.16164235,9844.672,233052.83364235,1773567,311221.48755564,131403.4562226
2025-08,94,Tierra del Fuego,53203.913,2595.831014,55799.744014,59388.92999816,157.09415125,59546.02414941,182003,79518.45907286,327170.56394351
2025-08,2,CABA,76092.4195,35509.06854271,111601.48804271,112349.76840084,,112349.76840084,3079674,150033.1984888,36481.05883962
2025-09,6,Buenos Aires,731673.0559,249397.88024558,981070.93614558,1033706.04184243,131076.068442,1164782.11028443,17443372,1523829.59418793,66775.05417441
2025-09,10,Catamarca,111403.6689,11647.08389218,123050.75279218,128142.81602431,1133.776578,129276.59260231,439024,169126.47945381,294463.61156181
2025-09,14,Córdoba,343111.5053,53576.58590394,396688.09120394,417751.08891924,6026.266532,423777.35545124,3957565,554407.96169646,107080.32728489
2025-09,18,Corrientes,141654.1866,24421.30493506,166075.49153506,175787.57652021,6888.040852,182675.61737221,1203905,238985.90940785,151735.90721212
2025-09,22,Chaco,195591.4276,27276.71905068,222868.14665068,233081.32008093,8437.52514,241518.84522093,1207608,315967.73392397,199997.7188135
2025-09,26,Chubut,59457.5392,11196.2290319,70653.7682319,76151.3885917,1653.953136,77805.3417277,602348,101789.0653228,129170.08395097
2025-09,30,Entre Ríos,194615.8302,23519.5952145,218135.4254145,229197.00374343,4091.221948,233288.22569143,1459182,305200.00191056,159876.03033167
2025-09,34,Formosa,146703.3074,15930.2050655,162633.5124655,170311.01069664,4249.45268,174560.46337664,626649,228369.2355161,278561.78399174
2025-09,38,Jujuy,111669.0565,15253.92277486,126922.97927486,132469.97648958,4059.043076,136529.01956558,800744,178614.48818843,170502.70693953
2025-09,42,La Pampa,77583.3856,7965.10253264,85548.48813264,90491.63986004,0.0,90491.63986004,376794,118385.95186841,240162.10412065
2025-09,46,La Rioja,83410.9486,9092.23968356,92503.18828356,96910.35664402,1359.267888,98269.62453202,403577,128561.52300885,243496.59304674
2025-09,50,Mendoza,151957.0069,34340.11186276,186297.11876276,193971.35980347,5950.162108,199921.52191147,2047181,261547.91433859,97656.98387757
2025-09,54,Misiones,118645.0003,28929.85353852,147574.85383852,155647.85333109,7692.59293,163340.44626109,1344368,213690.61538878,121499.80233172
2025-09,58,Neuquén,64838.6478,12699.07856624,77537.72636624,83576.79006,2195.314154,85772.104214,702816,112211.6055896,122040.62544677
2025-09,62,Río Negro,98973.7423,13751.07324052,112724.81554052,118937.72051958,2121.49751,121059.21802958,788658,158376.07519373,153500.2726525
2025-09,66,Salta,142383.7491,28854.71106188,171238.46016188,178546.87125267,10775.426442,189322.29769467,1486517,247681.44833229,127359.65864815
2025-09,70,San Juan,132156.0713,18860.76165754,151016.83295754,157325.22526712,2684.026334,160009.25160112,849117,209332.57025566,188441.93627159
2025-09,74,San Luis,91072.9717,10895.6591249,101968.6308249,107282.44102527,0.0,107282.44102527,536173,140352.56648224,200089.22684519
2025-09,78,Santa Cruz,64792.655,5861.11318452,70653.76818452,76135.58086023,453.57499,76589.15585023,334953,100197.98660022,228656.42597688
2025-09,82,Santa Fe,357003.0293,50120.03197454,407123.06127454,428369.72364264,6768.716658,435138.44030064,3684529,569271.13409818,118098.79642707
2025-09,86,Santiago del Estero,159703.9694,24872.15979556,184576.12919556,192504.12857919,6833.884574,199338.01315319,1056774,260784.5373031,188628.8015727
2025-09,90,Tucumán,181433.224,31108.9853635,212542.2093635,220551.39825123,10599.1392,231150.53745123,1773567,302403.36503333,130330.87413739
2025-09,94,Tierra del Fuego,52244.2683,2855.4141154,55099.6824154,58816.18783723,172.80356638,58988.9914036,182003,77172.52011207,324109.99490999
2025-09,2,CABA,70930.5176,39270.84728751,110201.36488751,110975.23128751,,110975.23128751,3079674,145183.67011703,36034.73331512
2025-10,6,Buenos Aires,801126.7517,260734.14752947,1061860.89922947,1114664.22929257,132781.417758,1247445.64705057,17443372,1594629.10110221,71514.01959728
2025-10,10,Catamarca,121007.3314,12176.49679637,133183.82819637,138198.86708489,1359.675196,139558.54228089,439024,178399.84720351,317883.6288697
2025-10,14,Córdoba,373342.9735,56011.88526321,429354.85876321,450402.52584235,6993.663974,457396.18981635,3957565,584696.6372755,115575.15538377
2025-10,18,Corrientes,154220.2361,25531.36425029,179751.60035029,189390.21718429,7673.718008,197063.93519229,1203905,251909.88206847,163687.28030225
2025-10,22,Chaco,212704.4896,28516.56991662,241221.05951662,251350.9336952,9419.550932,260770.4846272,1207608,333346.95141087,215939.67962054
2025-10,26,Chubut,64766.869,11705.14853335,76472.01753335,81877.22555137,1873.662142,83750.88769337,602348,107060.0575462,139040.70021545
2025-10,30,Entre Ríos,211509.9368,24588.66772425,236098.60452425,247127.65442956,4678.45092,251806.10534956,1459182,321887.64646781,172566.61975652
2025-10,34,Formosa,159371.8733,16654.30529575,176026.17859575,183611.69396158,4794.879408,188406.57336958,626649,240843.04229561,300657.26326792
2025-10,38,Jujuy,121427.6448,15947.28290099,137374.92770099,142820.55489794,4551.351354,147371.90625194,800744,188387.79144397,184043.72215333
2025-10,42,La Pampa,84254.5662,8327.15264776,92581.71884776,97461.56828568,0.0,97461.56828568,376794,124586.63300871,258660.08557906
2025-10,46,La Rioja,90615.1867,9505.52330554,100120.71000554,104456.45407585,1574.579028,106031.03310385,403577,135541.11267862,262728.13639987
2025-10,50,Mendoza,165737.4272,35901.02603834,201638.45323834,209172.83287645,6672.081042,215844.91391845,2047181,275917.89820508,105435.1881531
2025-10,54,Misiones,129482.6114,30244.84688118,159727.45828118,167689.32966202,8531.800398,176221.13006002,1344368,225266.20128679,131081.02101509
2025-10,58,Neuquén,70646.5517,13276.30941016,83922.86111016,89834.8603926,2470.548806,92305.4091986,702816,117995.43494761,131336.5222172
2025-10,62,Río Negro,107631.4409,14376.12202418,122007.56292418,128088.55032558,2425.611958,130514.16228358,788658,166838.27610081,165488.92204679
2025-10,66,Salta,155173.4441,30166.28883742,185339.73293742,192513.95904111,11915.152942,204429.11198311,1486517,261324.90169132,137522.21601442
2025-10,70,San Juan,143734.8111,19718.06900561,163452.88010561,169648.67705618,3077.256446,172725.93350218,849117,220798.23736518,203418.29630332
2025-10,74,San Luis,98974.7035,11390.91635785,110365.61985785,115569.75194782,0.0,115569.75194782,536173,147734.60478931,215545.63909004
2025-10,78,Santa Cruz,70344.4901,6127.52742018,76472.01752018,81847.22766848,565.56643,82412.79409848,334953,105349.55176868,246042.8600385
2025-10,82,Santa Fe,388195.8107,52398.21524611,440594.02594611,461870.26289092,7814.07836,469684.34125092,3684529,600404.77167209,127474.73048819
2025-10,86,Santiago del Estero,173773.0298,26002.71251354,199775.74231354,207557.10184134,7633.368776,215190.47061734,1056774,275081.31319198,203629.60350779
2025-10,90,Tucumán,197521.764,32523.03015275,230044.79415275,237921.90353134,11558.327716,249480.23124734,1773567,318914.44556108,140665.80582935
2025-10,94,Tierra del Fuego,56651.8411,2985.2056661,59637.0467661,63273.64887755,341.614636,63615.26351355,182003,81320.37713454,349528.65344829
2025-10,2,CABA,78504.4689,40771.62475675,119276.09365675,120019.67305675,,120019.67305675,3079674,153423.00789904,38971.55122807
2025-11,6,Buenos Aires,839309.603,192716.54382613,1032026.14682613,1078517.65152613,102603.822813,1181121.47433913,17443372,1473409.64638168,67711.76320376
2025-11,10,Catamarca,120441.7871,9000.01937123,129441.80647123,133121.01557123,1050.658106,134171.67367723,439024,167374.68800812,305613.52836572
2025-11,14,Córdoba,375891.3291,41400.08910759,417291.41820759,435659.94500759,5404.194889,441064.13989659,3957565,550212.80411508,111448.36279293
2025-11,18,Corrientes,155830.1711,18871.00835891,174701.17945891,182824.96435891,5929.691188,188754.65554691,1203905,235465.13743464,156785.3406597
2025-11,22,Chaco,213366.0869,21077.46472098,234443.55162098,242807.94342098,7278.743902,250086.68732298,1207608,311974.80152454,207092.60564933
2025-11,26,Chubut,65671.7772,8651.63152465,74323.40872465,78560.42122465,1447.829837,80008.25106165,602348,99807.62475792,132827.28765041
2025-11,30,Entre Ríos,211290.788,18174.23266575,229465.02066575,238685.29266575,3615.16662,242300.45928575,1459182,302261.74173498,166052.25344457
2025-11,34,Formosa,158770.7257,12309.70391425,171080.42961425,177143.29191425,3705.134088,180848.42600225,626649,225602.37976687,288596.04978585
2025-11,38,Jujuy,121728.0279,11787.12214421,133515.15004421,137755.40554421,3516.953319,141272.35886321,800744,176232.55595502,176426.372053
2025-11,42,La Pampa,83820.9054,6154.85195704,89975.75735704,93683.41425861,0.0,93683.41425861,376794,116866.93475101,248632.97785689
2025-11,46,La Rioja,90281.8302,7025.82157366,97307.65177366,100420.95627366,1216.720158,101637.67643166,403577,126789.61152071,251842.09316106
2025-11,50,Mendoza,169437.5437,26535.54098486,195973.08468486,202231.93468486,5155.698987,207387.63367186,2047181,258709.15619696,101304.00471275
2025-11,54,Misiones,132884.7622,22354.88682522,155239.64902522,161859.68412522,6592.754853,168452.43897822,1344368,210138.79938633,125302.32717397
2025-11,58,Neuquén,71751.984,9812.92434664,81564.90834664,86510.71534664,1909.060441,88419.77578764,702816,110300.72131176,125807.85836925
2025-11,62,Río Negro,107953.7277,10625.82932222,118579.55702222,123625.45592222,1874.336513,125499.79243522,788658,156556.80538398,159130.81771214
2025-11,66,Salta,157835.482,22296.82218418,180132.30418418,185891.65858418,14207.163637,200098.82222118,1486517,249616.60700925,134609.17178961
2025-11,70,San Juan,144286.174,14574.22491719,158860.39891719,163893.37931719,2377.879981,166271.25929819,849117,207417.85048236,195816.66519242
2025-11,74,San Luis,98845.3408,8419.37296015,107264.71376015,111482.99136015,0.0,111482.99136015,536173,139071.31353228,207923.54587074
2025-11,78,Santa Cruz,69794.3667,4529.04200622,74323.40870622,78316.62860622,437.028605,78753.65721122,334953,98242.56077282,235118.53069302
2025-11,82,Santa Fe,389463.2067,38729.11561669,428192.32231669,446652.50332294,6038.15146,452690.65478294,3684529,564716.49366737,122862.55713632
2025-11,86,Santiago del Estero,174943.3136,19219.39620566,194162.70980566,200548.04700566,5898.512236,206446.55924166,1056774,257535.19723208,195355.4489812
2025-11,90,Tucumán,199542.5407,24038.76141725,223581.30211725,230050.14971725,9454.162326,239504.31204325,1773567,298773.64130729,135041.02864073
2025-11,94,Tierra del Fuego,55754.9969,2206.4563619,57961.4532619,60857.2909619,263.974946,61121.2659079,182003,76246.74069883,335825.59577534
2025-11,2,CABA,85789.3578,30135.54873325,115924.90653325,116712.40713325,,116712.40713325,3079674,145594.83529734,37897.64992439
2025-12,6,Buenos Aires,846604.573,238061.61296169,1084666.18596169,1145795.90221121,126745.898769,1272541.80098021,17443372,1543535.66765657,72952.74107439
2025-12,10,Catamarca,124926.5087,11117.67098799,136044.17968799,143129.09704901,7797.871778,150926.96882701,439024,183067.58914822,343778.40124233
2025-12,14,Córdoba,387434.7053,51141.28654467,438575.99184467,463770.96527332,6675.770157,470446.73543032,3957565,570630.6192142,118872.77541375
2025-12,18,Corrientes,160300.8291,23311.24561983,183612.07471983,196078.77663786,18324.912644,214403.68928186,1203905,260061.98101217,178090.20585666
2025-12,22,Chaco,220364.8279,26036.86818474,246401.69608474,259423.60003578,22991.389526,282414.98956178,1207608,342556.61317663,233863.13237556
2025-12,26,Chubut,67427.0759,10687.30953045,78114.38543045,85930.56762653,2288.495681,88219.06330753,602348,107005.73503954,146458.6307376
2025-12,30,Entre Ríos,218718.7049,22450.52270475,241169.22760475,254870.85691486,10465.79406,265336.65097486,1459182,321841.36065374,181839.31200827
2025-12,34,Formosa,164600.5382,15206.10483525,179806.64303525,190020.56232453,4576.930344,194597.49266853,626649,236037.96004111,310536.66832394
2025-12,38,Jujuy,125764.7276,14560.56264873,140325.29024873,147990.20690576,7441.48167698,155431.68858274,800744,188531.61053471,194109.08927539
2025-12,42,La Pampa,86956.1799,7603.05241752,94559.23231752,101412.03193216,0.0,101412.03193216,376794,123008.20947197,269144.4978746
2025-12,46,La Rioja,93592.0182,8678.95606158,102270.97426158,108603.49585791,1503.007254,110106.50311191,403577,133554.20989963,272826.50674321
2025-12,50,Mendoza,173189.7876,32779.19768718,205968.98528718,216199.79679361,19754.58008362,235954.37687723,2047181,286201.99066871,115258.19010494
2025-12,54,Misiones,135543.0196,27614.86019586,163157.87979586,173929.27449846,21143.991289,195073.26578746,1344368,236615.05132269,145104.06807322
2025-12,58,Neuquén,73603.4009,12121.84772232,85725.24862232,94280.69005533,8358.251133,102638.94118833,702816,124496.39492601,146039.56254315
2025-12,62,Río Negro,111501.8604,13126.02445686,124627.88485686,133240.88133933,2315.356869,135556.23820833,788658,164423.58788272,171882.15704187
2025-12,66,Salta,161777.0888,27543.13328634,189320.22208634,199292.41254648,27373.555081,226665.96762748,1486517,274935.57021656,152481.24819795
2025-12,70,San Juan,148959.8571,18003.45430947,166963.31140947,175465.43092602,11937.381153,187402.81207902,849117,227311.13778761,220703.1682077
2025-12,74,San Luis,102335.5092,10400.40189195,112735.91109195,120162.57619188,0.0,120162.57619188,536173,145751.77186855,224111.57628578
2025-12,78,Santa Cruz,72519.6865,5594.69894886,78114.38544886,86156.81744552,539.858865,86696.67631052,334953,105159.14844565,258832.36248227
2025-12,82,Santa Fe,402163.1134,47841.84870297,450004.96210297,475079.34582985,7458.89298,482538.23880985,3684529,585297.06610617,130963.34397418
2025-12,86,Santiago del Estero,180324.6625,23741.60707758,204066.26957758,214773.07836776,7286.397468,222059.47583576,1056774,269348.10395195,210129.5791113
2025-12,90,Tucumán,205290.4607,29694.94057425,234985.40127425,245546.97410354,11137.494638,256684.46874154,1773567,311346.65480604,144727.81053185
2025-12,94,Tierra del Fuego,58192.2256,2725.6225647,60917.8481647,66282.48569497,326.086698,66608.57239297,182003,80793.18666078,365975.13443718
2025-12,2,CABA,84611.4303,37226.26608225,121837.69638225,122957.9726769,,122957.9726769,3079674,149142.46141333,39925.64559655
2026-01,6,Buenos Aires,972488.7258,168715.92326273,1141204.64906273,1186235.4243742,173124.265083,1359359.6894572,17453039,1602659.30040587,77886.704399
2026-01,10,Catamarca,135271.6347,7863.87777918,143135.51247918,147209.11083002,928.062723,148137.17355302,440503,174650.91893771,336290.95273588
2026-01,14,Córdoba,425283.4496,36153.41212768,461436.86172768,478873.53263772,5473.94988,484347.48251772,3968336,571036.49865854,122053.04251397
2026-01,18,Corrientes,176740.2409,16442.65353829,193182.89443829,201288.7911604,6724.684428,208013.4755884,1208334,245243.94378255,172148.98826682
2026-01,22,Chaco,240351.7063,18893.73232661,259245.43862661,267572.58546173,8201.125443,275773.71090473,1214280,325131.97648621,227108.83066898
2026-01,26,Chubut,74526.4937,7659.62121349,82186.11491349,86821.24159126,1557.23127,88378.47286126,603930,104196.54384728,146338.93474617
2026-01,30,Entre Ríos,237757.1503,15983.07626549,253740.22656549,263008.98743369,3770.95047,266779.93790369,1462153,314528.48863995,182456.92338879
2026-01,34,Formosa,178404.57,10774.53384031,189179.10384031,195398.33348701,4036.244184,199434.57767101,628876,235129.58579387,317128.61942737
2026-01,38,Jujuy,137273.7561,10366.02070893,147639.77680893,152042.44063625,3908.490222,155950.93085825,802922,183863.19065171,194229.24126907
2026-01,42,La Pampa,94079.1408,5412.79899087,99491.93979087,103647.67746366,0.0,103647.67746366,377663,122198.64656935,274444.88198117
2026-01,46,La Rioja,101474.1743,6127.69697079,107601.87127079,111130.80142995,1215.434367,112346.23579695,405241,132454.0819196,277233.14224609
2026-01,50,Mendoza,193317.7872,23387.37677186,216705.16397186,222577.68707516,5729.021508,228306.70858316,2051912,269169.28072361,111265.35084505
2026-01,54,Misiones,151594.3126,20068.20757935,171662.52017935,178152.76682366,7580.97711,185733.74393366,1355029,218976.56258539,137069.94015158
2026-01,58,Neuquén,81512.792,8680.90404196,90193.69604196,95169.34439904,2097.278085,97266.62248404,707092,114675.5037332,137558.65217544
2026-01,62,Río Negro,121779.4029,9344.73788046,131124.14078046,135951.26197646,1956.144834,137907.40681046,792587,162590.21790464,173996.55408234
2026-01,66,Salta,179784.2065,19404.37374085,199188.58024085,204886.3642944,15685.344971,220571.7092654,1492267,260049.86318357,147809.81504342
2026-01,70,San Juan,162951.3395,12714.9712144,175666.3107144,180563.55785298,2459.140866,183022.69871898,852747,215780.29167871,214627.19742079
2026-01,74,San Luis,111207.9948,7404.30050638,118612.29530638,122760.01703747,0.0,122760.01703747,538852,144731.73255685,227817.68841438
2026-01,78,Santa Cruz,78305.2402,3880.87474817,82186.11494817,86878.78960742,331.247847,87210.03745442,335096,102818.98065617,260253.88979404
2026-01,82,Santa Fe,439266.6154,34212.9747536,473479.5901536,491628.22616129,6248.479965,497876.70612629,3688683,586987.19677892,134974.11030612
2026-01,86,Santiago del Estero,197647.8454,17055.42323537,214703.26863537,220752.70615283,6634.811295,227387.51744783,1059927,268085.57180292,214531.30021957
2026-01,90,Tucumán,226042.4482,21191.61869066,247234.06689066,253374.10607572,8079.081423,261453.18749872,1778484,308248.3509077,147009.01863538
2026-01,94,Tierra del Fuego,62152.7509,1940.43737408,64093.18827408,67082.70930188,165.11691,67247.82621188,182744,79283.9120848,367989.24294027
2026-01,2,CABA,102465.67,25722.70645858,128188.37645858,128756.21715858,,128756.21715858,3065991,151801.13881166,41994.97557513
2026-02,6,Buenos Aires,729010.0979,322094.03531975,1051104.13321975,1105885.75041975,148392.227214,1254277.97763375,17453039,1437145.63148873,71865.87835126
2026-02,10,Catamarca,116821.804,15012.85757844,131834.66157844,136453.33467844,4795.482334,141248.81701244,440503,161842.21037297,320653.47344387
2026-02,14,Córdoba,355985.2971,69020.15042557,425005.44752557,446166.26632557,4691.95704,450858.22336557,3968336,516591.16853266,113613.92366109
2026-02,18,Corrientes,146540.1767,31390.52039129,177930.69709129,187672.43359129,5764.015224,193436.44881529,1208334,221638.54611403,160085.24862769
2026-02,22,Chaco,202707.6114,36069.85262353,238777.46402353,248925.93552353,7029.536094,255955.47161753,1214280,293272.53962055,210787.85092197
2026-02,26,Chubut,61074.4345,14622.91322576,75697.34772576,80843.30002576,1334.76966,82178.06968576,603930,94159.2342041,136072.17671875
2026-02,30,Entre Ríos,203193.7545,30513.14559775,233706.90009775,244644.12039775,3232.24326,247876.36365775,1462153,284015.5368526,169528.3350359
2026-02,34,Formosa,153673.4497,20569.56460423,174243.01430423,181654.28740423,3459.637872,185113.92527623,628876,212102.63895437,294356.79732766
2026-02,38,Jujuy,116193.6289,19789.67589886,135983.30479886,141321.02339886,3350.134476,144671.15787486,802922,165763.5119565,180180.83683702
2026-02,42,La Pampa,81295.4744,10333.5253462,91628.9997462,96199.08994635,0.0,96199.08994635,377663,110224.45130577,254722.04040732
2026-02,46,La Rioja,87408.1458,11698.33058061,99106.47638061,102896.60338061,1041.800886,103938.40426661,405241,119092.12016738,256485.41057446
2026-02,50,Mendoza,154947.2054,44648.62838264,199595.83378264,207390.56028264,4910.589864,212301.15014664,2051912,243253.62952547,103465.03658375
2026-02,54,Misiones,119797.3692,38312.03265148,158109.40185148,166104.72635148,6497.98038,172602.70673148,1355029,197767.34534576,127379.34518854
2026-02,58,Neuquén,66500.0784,16572.63498919,83072.71338919,89204.81868919,1797.66693,91002.48561919,707092,104270.20723824,128699.63967799
2026-02,62,Río Negro,102931.6589,17839.95413542,120771.61303542,127065.56833542,1676.695572,128742.26390742,792587,147512.26240261,162432.97443362
2026-02,66,Salta,146417.5079,37044.71350525,183462.22140525,190666.22480525,18158.867118,208825.09192325,1492267,239270.77884992,139938.15578797
2026-02,70,San Juan,137523.0487,24274.03595476,161797.08465476,168102.78265476,2107.835028,170210.61768276,852747,195026.50130018,199602.71649476
2026-02,74,San Luis,95112.1214,14135.4827849,109247.6041849,114453.6534849,0.0,114453.6534849,538852,131140.44178951,212402.76269717
2026-02,78,Santa Cruz,68288.405,7408.94270105,75697.34770105,80565.51460105,283.926726,80849.44132705,335096,92636.89826611,241272.47513265
2026-02,82,Santa Fe,370744.3812,65315.67907505,436060.06027505,457820.32907563,5355.83997,463176.16904563,3688683,530705.01102904,125566.81315408
2026-02,86,Santiago del Estero,165191.639,32560.35344935,197751.99244935,205586.38414935,5686.98111,211273.36525935,1059927,242075.99857985,199328.2228487
2026-02,90,Tucumán,187257.6889,40456.72659126,227714.41549126,235846.14229126,16924.926934,252771.06922526,1778484,289623.86678361,142127.26638264
2026-02,94,Tierra del Fuego,55328.4489,3704.47135052,59032.92025052,62599.83455052,141.52878,62741.36333052,182744,71888.75020689,343329.26569696
2026-02,2,CABA,65356.0256,52711.81476757,118067.84036757,119022.33516757,,119022.33516757,3065991,136375.21513243,38820.18413217
2026-03,6,Buenos Aires,607074.3235,352769.65773115,959843.98123115,1009979.44121137,173124.265083,1183103.70629438,17453039,1311240.19432201,67787.83375745
2026-03,10,Catamarca,103945.7099,16442.65353829,120388.36343829,126193.79678318,4928.062723,131121.85950618,440503,145323.06138848,297663.94214383
2026-03,14,Córdoba,312511.6457,75593.49808515,388105.14378515,408125.22523183,5473.94988,413599.17511183,3968336,458394.1879818,104224.83759234
2026-03,18,Corrientes,128102.1031,34380.09376189,162482.19686189,172829.35120404,6724.684428,179554.03563204,1208334,199000.70240747,148596.36129749
2026-03,22,Chaco,178540.9803,39505.07668292,218046.05698292,228614.46039674,8201.125443,236815.58583974,1214280,262463.98616024,195025.51787046
2026-03,26,Chubut,53109.4953,16015.57162821,69125.06692821,75806.90435372,1557.23127,77364.13562372,603930,85743.08717749,128101.16341914
2026-03,30,Entre Ríos,179996.5758,33419.1594642,213415.7352642,224598.36385088,3770.95047,228369.31432088,1462153,253102.93805537,156187.01621573
2026-03,34,Formosa,136586.1194,22528.57075701,159114.69015701,167465.38158697,4036.244184,171501.62577097,628876,190076.17329407,272711.3544975
2026-03,38,Jujuy,102502.4016,21674.40693684,124176.80853684,130459.79452391,3908.490222,134368.28474591,802922,148921.09192421,167349.11329607
2026-03,42,La Pampa,72367.8086,11317.67061727,83685.47921727,89516.29794563,0.0,89516.29794563,377663,99211.39397057,237026.92068228
2026-03,46,La Rioja,77689.2845,12812.45730257,90501.74180257,95689.27676016,1215.434367,96904.71112716,405241,107400.01199649,239128.59539673
2026-03,50,Mendoza,133365.4199,48900.8787048,182266.2986048,190412.90281485,5729.021508,196141.92432285,2051912,217385.14856769,95589.83246984
2026-03,54,Misiones,102421.0508,41960.79766591,144381.84846591,153186.28140743,7580.97711,160767.25851743,1355029,178179.21639285,118644.8839969
2026-03,58,Neuquén,57709.0991,18150.98117864,75860.08027864,83138.36670461,2097.278085,85235.64478961,707092,94467.12307845,120543.92467968
2026-03,62,Río Negro,90746.8461,19538.99738642,110285.84348642,117441.09071142,1956.144834,119397.23554542,792587,132328.59765814,150642.43489411
2026-03,66,Salta,126960.6754,40572.78145813,167533.45685813,175558.41317865,19685.344971,195243.75814965,1492267,216389.70617222,130837.01385184
2026-03,70,San Juan,121163.5063,26585.84890283,147749.35520283,154601.67568717,2459.140866,157060.81655317,852747,174071.34684972,184182.19771301
2026-03,74,San Luis,84280.6659,15481.7192406,99762.3851406,105835.86152363,0.0,105835.86152363,538852,117298.4539666,196409.88903007
2026-03,78,Santa Cruz,61010.5107,8114.55629163,69125.06699163,75916.13257821,331.247847,76247.38042521,335096,84505.38139082,227538.91549051
2026-03,82,Santa Fe,326720.8301,71536.21993934,398257.05003934,418765.47713444,6248.479965,425013.95709944,3688683,471045.25218855,115221.0577866
2026-03,86,Santiago del Estero,144921.2057,35661.33949215,180582.54519215,189101.48876692,6634.811295,195736.30006192,1059927,216935.59301994,184669.60466326
2026-03,90,Tucumán,163633.7888,44309.74817138,207943.53697138,216520.78475574,8079.081423,224599.86617874,1778484,248925.23842676,126287.25711265
2026-03,94,Tierra del Fuego,49850.246,4057.27814581,53907.52414581,58414.64135744,165.11691,58579.75826744,182744,64924.26082792,320556.3972959
2026-03,2,CABA,51442.2361,56374.8121313,107817.0482313,108759.7743313,,108759.7743313,3065991,120539.04224107,35472.95942203
2026-04,6,Buenos Aires,706316.0861,368107.46893637,1074423.55503637,1131216.34833637,154598.36558,1285814.71391637,17453039,1389203.6238758,73672.82648692
2026-04,10,Catamarca,117601.9469,17157.55151822,134759.49841822,139464.21371822,547.39054,140011.60425822,440503,151269.56155896,317844.83705723
2026-04,14,Córdoba,355554.2951,78880.17191494,434434.46701494,456335.91971494,4894.9666,461230.88631494,3968336,498317.22391834,116227.78069068
2026-04,18,Corrientes,146003.3237,35874.88044719,181878.20414719,191997.68034719,8297.6399,200295.32024719,1208334,216400.52934629,165761.55288785
2026-04,22,Chaco,202852.2071,41222.68871261,244074.89581261,254511.52711261,9998.05154,264509.57865261,1214280,285778.08391603,217832.44280776
2026-04,26,Chubut,60664.8413,16711.90082944,77376.74212944,82759.18582944,1729.27702,84488.46284944,603930,91281.95337619,139897.77432722
2026-04,30,Entre Ríos,204019.6717,34872.16639742,238891.83809742,250184.65289742,3906.74178,254091.39467742,1462153,274522.20173029,173778.9374145
2026-04,34,Formosa,154600.6339,23508.07383341,178108.70773341,185731.26223341,4604.54268,190335.80491341,628876,205640.19611633,302660.30968491
2026-04,38,Jujuy,116383.4095,22616.77245584,139000.18195584,144469.90505584,4641.25488,149111.15993584,802922,161100.78808498,185710.64180062
2026-04,42,La Pampa,81866.0118,11809.7432528,93675.7550528,98407.48335281,0.0,98407.48335281,377663,106320.16495894,260569.56427506
2026-04,46,La Rioja,87935.6967,13369.52066355,101305.21736355,105183.97436355,1126.71122,106310.68558355,405241,114858.84246849,262339.41181556
2026-04,50,Mendoza,152996.992,51027.00386588,204023.99586588,212009.45776588,6801.57322,218811.03098588,2051912,236405.03868845,106637.62918969
2026-04,54,Misiones,117831.9805,43785.18017312,161617.16067312,169899.68587312,9590.89344,179490.57931312,1355029,193922.93503461,132462.53719524
2026-04,58,Neuquén,65975.5807,18940.15427336,84915.73497336,91344.57737336,2434.16942,93778.74679336,707092,101319.24411649,132625.94795778
2026-04,62,Río Negro,103062.49,20388.51901191,123451.00901191,129979.54671191,2029.16214,132008.70885191,792587,142623.17481317,166554.2190976
2026-04,66,Salta,145195.6334,42336.81543457,187532.44883457,194914.81093457,18737.82856,213652.63949457,1492267,230831.87478269,143173.19855935
2026-04,70,San Juan,137644.9018,27741.75537686,165386.65717686,171846.09047686,2495.36354,174341.45401686,852747,188359.78239378,204446.86878624
2026-04,74,San Luis,95516.4952,16154.83746845,111671.33266845,117052.75056845,0.0,117052.75056845,538852,126464.64806663,217226.15962909
2026-04,78,Santa Cruz,68909.379,8467.36308691,77376.74208691,82460.71468691,35.7802,82496.49488691,335096,89129.81661634,246187.64439717
2026-04,82,Santa Fe,371154.0258,74646.49037148,445800.51617148,468325.26107153,5848.68544,474173.94651153,3688683,512301.00084556,128548.30477749
2026-04,86,Santiago del Estero,164927.4151,37211.83251354,202139.24761354,210171.22941354,8063.04614,218234.27555354,1059927,235781.90789984,205895.57163233
2026-04,90,Tucumán,186530.1474,46236.25896144,232766.40636144,241058.38396144,19053.0128409,260111.39680234,1778484,281026.25606811,146254.56107693
2026-04,94,Tierra del Fuego,56108.9151,4233.68154346,60342.59664346,64060.96894346,0.0,64060.96894346,182744,69211.93951358,350550.32692432
2026-04,2,CABA,62567.3296,58119.86378274,120687.19338274,121713.76138274,,121713.76138274,3065991,131500.43825012,39698.01652475
2026-05,6,Buenos Aires,1300846.4405,291418.41290796,1592264.85340796,1646683.48042624,146868.447301,1793551.92772724,17453039,1896982.03530016,102764.44851394
2026-05,10,Catamarca,186126.645,13583.06161859,199709.70661859,205300.99858164,8520.021013,213821.01959464,440503,226151.59710184,485401.96001989
2026-05,14,Córdoba,581372.6012,62446.80276599,643819.40396599,665257.66140534,4650.21827,669907.87967534,3968336,708539.96107071,168813.29596973
2026-05,18,Corrientes,241137.3284,28400.94702069,269538.27542069,280005.03898194,7882.757905,287887.79688694,1208334,304489.63893044,238251.83838817
2026-05,22,Chaco,329077.3576,32634.62856415,361711.98616415,372627.42080012,9498.148963,382125.56976312,1214280,404161.89231166,314693.1265961
2026-05,26,Chubut,101439.8549,13230.2548233,114670.1097233,120847.29088084,1642.813169,122490.10404984,603930,129553.83297937,202821.69133814
2026-05,30,Entre Ríos,326423.7119,27607.13173129,354030.84363129,365614.60123817,3711.404691,369326.00592917,1462153,390624.20640622,252590.5332268
2026-05,34,Formosa,245341.4315,18610.55845145,263951.98995145,272282.04961572,4374.315546,276656.36516172,628876,292610.51578711,439921.96420554
2026-05,38,Jujuy,188089.333,17904.94486087,205994.27786087,212164.16874634,4409.192136,216573.36088234,802922,229062.65972404,269731.50677443
2026-05,42,La Pampa,129464.1394,9349.38007513,138813.51947513,144287.11593233,0.0,144287.11593233,377663,152607.82953507,382052.55990745
2026-05,46,La Rioja,139547.219,10584.20385864,150131.42285864,154927.25277314,1070.375659,155997.62843214,405241,164993.66096424,384950.26029483
2026-05,50,Mendoza,261961.3247,40396.37806049,302357.70276049,310805.33912631,6461.494559,317266.83368531,2051912,335562.89873372,154620.09758962
2026-05,54,Misiones,204848.7232,34663.26763705,239511.99083705,248314.43701404,12612.56717571,260927.00418975,1355029,275974.07792919,192561.93350087
2026-05,58,Neuquén,110848.3919,14994.28879974,125842.68069974,132767.6969754,2312.460949,135080.1579244,707092,142869.92695707,191036.18471769
2026-05,62,Río Negro,166809.9393,16140.91088443,182950.85018443,189977.96898267,1927.704033,191905.67301567,792587,202972.44175373,242125.68843
2026-05,66,Salta,244401.0581,33516.64555237,277917.70365237,286000.77422839,26050.937132,312051.71136039,1492267,330047.03202848,209112.51897978
2026-05,70,San Juan,223136.0534,21962.22300668,245098.27640668,252080.1709968,2370.595363,254450.7663598,852747,269124.37002287,298389.51806315
2026-05,74,San Luis,152704.4616,12789.24632919,165493.70792919,171432.35402818,0.0,171432.35402818,538852,181318.47248648,318143.67215522
2026-05,78,Santa Cruz,107966.7806,6703.32911047,114670.10971047,120771.42725784,33.99119,120805.41844784,335096,127771.99534606,360509.87910283
2026-05,82,Santa Fe,601514.8415,59095.13821076,660609.97971076,682608.1421913,5556.251168,688164.3933593,3688683,727849.2868562,186561.00113762
2026-05,86,Santiago del Estero,270105.1926,29459.36740656,299564.56000656,308235.01681872,7659.893833,315894.91065172,1059927,334111.85998301,298034.59167634
2026-05,90,Tucumán,308349.4247,36603.70501114,344953.12971114,353890.66465363,15396.552334,369287.21698763,1778484,390583.18059363,207641.5739403
2026-05,94,Tierra del Fuego,86074.1815,3351.66455524,89425.84605524,93654.61770743,0.0,93654.61770743,182744,99055.46896489,512490.79426645
2026-05,2,CABA,131577.168,47276.5241149,178853.6921149,179799.5407149,,179799.5407149,3065991,190168.17601908,58643.20564376
2026-06,6,Buenos Aires,814895.5463,322094.03531933,1136989.58161933,1434097.25907001,162328.283859,1596425.54292901,17453039,1657218.23696261,91469.77457215
2026-06,10,Catamarca,127593.9803,15012.85757844,142606.83787844,173780.56247101,4574.760067,178355.32253801,440503,185147.18364318,404890.14271869
2026-06,14,Córdoba,390712.3829,69020.15042557,459732.53332557,576816.23672616,20139.71493,596955.95165616,3968336,619688.33694109,150429.79013273
2026-06,18,Corrientes,161078.8482,31390.52039129,192469.36859129,242534.28782064,8712.521895,251246.80971564,1208334,260814.41560719,207928.27952837
2026-06,22,Chaco,222218.0566,36069.85262353,258287.90922353,318597.90918311,10497.954117,329095.86330011,1214280,341628.00062022,271021.39811255
2026-06,26,Chubut,67259.6453,14622.91322576,81882.55852576,105633.85666697,1815.740871,107449.59753797,603930,111541.33268721,177917.30422063
2026-06,30,Entre Ríos,222289.8852,30513.14559774,252803.03079774,315707.10130364,4102.078869,319809.18017264,1462153,331987.67589108,218724.83944747
2026-06,34,Formosa,167910.8016,20569.56460423,188480.36620423,232323.86392684,4834.769814,237158.63374084,628876,246189.75474882,377115.09699978
2026-06,38,Jujuy,127304.7898,19789.67589886,147094.46569886,179795.67660807,4873.317624,184668.99423207,802922,191701.28315626,229996.18173629
2026-06,42,La Pampa,88801.5593,10333.5253462,99135.0846462,124400.96601887,0.0,124400.96601887,377663,129138.21787391,329396.75323999
2026-06,46,La Rioja,95506.1105,11698.33058061,107204.44108061,131653.40901056,1183.046781,132836.45579156,405241,137894.93537378,327796.18990072
2026-06,50,Mendoza,171256.1297,44648.62838264,215904.75808264,262285.541594,7141.651881,269427.193475,2051912,279687.11759724,131305.43292061
2026-06,54,Misiones,132716.4478,38312.03265148,171028.48045148,212809.56041104,10070.438112,222879.99852304,1355029,231367.38186293,164483.56346842
2026-06,58,Neuquén,73287.9284,16572.63498919,89860.56338919,115117.7903134,2555.877891,117673.6682044,707092,122154.74114804,166419.17629446
2026-06,62,Río Negro,112799.8764,17839.95413542,130639.83053542,161624.00415847,2130.620247,163754.62440547,792587,169990.48352346,206607.75965979
2026-06,66,Salta,161408.1588,37044.71350525,198452.87230525,241792.57220022,19424.719988,261217.29218822,1492267,271164.57910719,175047.28858054
2026-06,70,San Juan,150743.4469,24274.03595476,175017.48285476,212943.09046777,2620.131717,215563.22218477,852747,223771.97897222,252786.84320762
2026-06,74,San Luis,104038.715,14135.4827849,118174.1977849,145615.21898078,0.0,145615.21898078,538852,151160.32034385,270232.3067944
2026-06,78,Santa Cruz,74473.6158,7408.94270105,81882.55850105,105495.58981541,37.56921,105533.15902541,335096,109551.9152245,314934.10552622
2026-06,82,Santa Fe,406465.6469,65315.67907505,471781.32597505,592998.38570507,6141.119712,599139.50541707,3688683,621955.04153624,162426.40135167
2026-06,86,Santiago del Estero,181349.9034,32560.35344935,213910.25684935,260318.58136283,8466.198447,268784.77980983,1059927,279020.24049401,253588.01107041
2026-06,90,Tucumán,205864.1752,40456.72659126,246320.90179126,298063.12617468,16385.663106,314448.78928068,1778484,326423.15859634,176807.20730728
2026-06,94,Tierra del Fuego,60151.9883,3704.47135052,63856.45965052,80349.56323093,0.0,80349.56323093,182744,83409.31533454,439683.72822599
2026-06,2,CABA,76844.9893,50869.92989763,127714.91919763,128888.28929763,,128888.28929763,3065991,133796.42069811,42038.05206787
2026-07,6,Buenos Aires,1081352.3255,322094.03531933,1403446.36081933,1479548.19919488,158484.169746,1638032.36894088,17453039,1665210.70722569,93853.70472964
2026-07,10,Catamarca,161014.303,15012.85757844,176027.16057844,183606.81879443,5365.488817,188972.30761143,440503,192107.74827799,428992.10132831
2026-07,14,Córdoba,498452.0246,69020.15042557,567472.17502557,597324.28560342,7267.741446,604592.02704942,3968336,614623.45679831,152354.04135371
2026-07,18,Corrientes,206184.5984,31390.52039129,237575.11879129,251641.2250599,8320.514286,259961.7393459,1208334,264275.04122382,215140.63110522
2026-07,22,Chaco,282748.5711,36069.85262353,318818.42372353,333833.18240674,10191.410355,344024.59276174,1214280,349732.67090333,283315.70376004
2026-07,26,Chubut,86449.0584,14622.91322576,101071.97162576,109021.01383533,1996.608075,111017.62191033,603930,112859.63342431,183825.31404357
2026-07,30,Entre Ríos,281535.0027,30513.14559774,312048.14829775,328080.07080423,4936.968099,333017.03890323,1462153,338542.47900413,227757.99721591
2026-07,34,Formosa,212081.7176,20569.56460423,232651.28220423,243936.44997394,5130.630057,249067.08003094,628876,253199.61702169,396051.17706979
2026-07,38,Jujuy,161776.8009,19789.67589886,181566.47679886,189841.51654099,4901.94642,194743.46296099,802922,197974.65900783,242543.43879105
2026-07,42,La Pampa,112015.5904,10333.5253462,122349.1157462,129593.71316119,0.0,129593.71316119,377663,131743.94037444,343146.43785912
2026-07,46,La Rioja,120629.7796,11698.33058061,132328.11018061,138703.80401746,1639.406118,140343.21013546,405241,142671.79369301,346320.36278526
2026-07,50,Mendoza,221854.0308,44648.62838264,266502.65918264,277916.03862425,7185.76614,285101.80476425,2051912,289832.23222247,138944.45997891
2026-07,54,Misiones,172797.4641,38312.03265148,211109.49675148,222794.38929368,9293.99835,232088.38764368,1355029,235939.21307971,171279.27715472
2026-07,58,Neuquén,94347.01,16572.63498919,110919.64498919,119775.7967013,2650.81593,122426.6126313,707092,124457.92285218,173140.99527544
2026-07,62,Río Negro,143415.6965,17839.95413542,161255.65063542,170427.89110278,2560.074573,172987.96567578,792587,175858.19311419,218257.38458463
2026-07,66,Salta,207916.1603,37044.71350525,244960.87380525,255837.22853256,17020.110733,272857.33926556,1492267,277384.6057657,182847.5328246
2026-07,70,San Juan,191759.2975,24274.03595476,216033.33345476,225453.08663346,3238.537323,228691.62395646,852747,232486.0900712,268182.2673741
2026-07,74,San Luis,131733.1783,14135.4827849,145868.6610849,153627.89877402,0.0,153627.89877402,538852,156176.9027388,285102.21503126
2026-07,78,Santa Cruz,93663.029,7408.94270105,101071.97170105,108923.31089373,545.361075,109468.67196873,335096,111284.98320578,326678.5397878
2026-07,82,Santa Fe,516940.6258,65315.67907505,582256.30487505,613022.05282188,8164.890888,621186.94370988,3688683,631493.71738199,168403.45015006
2026-07,86,Santiago del Estero,231480.3874,32560.35344935,264040.74084935,275631.30144155,8254.252335,283885.55377655,1059927,288595.80112026,267835.0054075
2026-07,90,Tucumán,263590.1871,40456.72659126,304046.91369126,316196.93680103,10024.542444,326221.47924503,1778484,331634.16698356,183426.71581247
2026-07,94,Tierra del Fuego,75116.8607,3704.47135052,78821.33205052,84198.62308016,214.13709303,84412.76017319,182744,85813.34211225,461918.09401778
2026-07,2,CABA,105885.9028,51758.76121928,157644.66401928,158700.21181928,,158700.21181928,3065991,161333.37592793,51761.47347441
2026-08,6,Buenos Aires,1023190.4251,306756.22411365,1329946.64921365,1403200.1714701,150937.30452,1554137.4759901,17453039,1554137.4759901,89046.81161774
2026-08,10,Catamarca,152510.5049,14297.95959852,166808.46449852,173081.97595551,1300.46554,174382.44149551,440503,174382.44149551,395871.17793865
2026-08,14,Córdoba,472019.685,65733.47659578,537753.16159578,566080.38354164,6921.65852,573002.04206164,3968336,573002.04206164,144393.52969649
2026-08,18,Corrientes,195237.3687,29895.73370599,225133.10240599,238002.66471715,7924.29932,245926.96403715,1208334,245926.96403715,203525.65105108
2026-08,22,Chaco,267769.3838,34352.24059384,302121.62439384,315770.91197296,9706.1051,325477.01707296,1214280,325477.01707296,268041.15778318
2026-08,26,Chubut,81852.1602,13926.58402453,95778.74422453,102440.00758635,1901.5315,104341.53908635,603930,104341.53908635,172770.91564643
2026-08,30,Entre Ríos,266645.7756,29060.13866452,295705.91426452,310377.07578985,4701.87438,315078.95016985,1462153,315078.95016985,215489.7265675
2026-08,34,Formosa,200877.0698,19590.06152784,220467.13132784,230397.87105964,4886.31434,235284.18539964,628876,235284.18539964,374134.46434534
2026-08,38,Jujuy,153210.3715,18847.31037986,172057.68187986,179219.97951389,4668.5204,183888.49991389,802922,183888.49991389,229024.11431483
2026-08,42,La Pampa,106096.6572,9841.45271067,115938.10991067,121985.40820534,0.0,121985.40820534,377663,121985.40820534,323000.6863403
2026-08,46,La Rioja,114256.7043,11141.26721962,125397.97151962,130497.26708228,1561.33916,132058.60624228,405241,132058.60624228,325876.71593517
2026-08,50,Mendoza,210023.179,42522.50322156,252545.68222156,263010.30766884,6843.5868,269853.89446884,2051912,269853.89446884,131513.38579278
2026-08,54,Misiones,163565.8579,36487.65014427,200053.50804427,210612.49018785,8851.427,219463.91718785,1355029,219463.91718785,161962.52418793
2026-08,58,Neuquén,89327.2244,15783.46189447,105110.68629447,112980.56548897,2524.5866,115505.15208897,707092,115505.15208897,163352.36728596
2026-08,62,Río Negro,135820.1188,16990.43250993,152810.55130993,161044.20092104,2438.16626,163482.36718104,792587,163482.36718104,206264.2551304
2026-08,66,Salta,196851.3794,35280.67952881,232132.05892881,241798.42324691,12400.10546,254198.52870691,1492267,254198.52870691,170343.86521106
2026-08,70,San Juan,181601.3496,23118.12948072,204719.47908072,213187.06311164,3084.32126,216271.38437164,852747,216271.38437164,253617.29137908
2026-08,74,San Luis,124767.0273,13462.36455705,138229.39185705,145089.85608258,0.0,145089.85608258,538852,145089.85608258,269257.33983093
2026-08,78,Santa Cruz,88722.6083,7056.13590576,95778.74420576,102095.50284096,519.3915,102614.89434096,335096,102614.89434096,306225.36330175
2026-08,82,Santa Fe,489541.0838,62205.4086429,551746.4924429,580914.31718986,7776.08656,588690.40374986,3688683,588690.40374986,159593.65544555
2026-08,86,Santiago del Estero,219202.8363,31009.86042795,250212.69672795,260715.76271926,7861.1927,268576.95541926,1059927,268576.95541926,253391.93682137
2026-08,90,Tucumán,249593.4955,38530.2158012,288123.7113012,299145.43659507,9547.18328,308692.61987507,1778484,308692.61987507,173570.64773991
2026-08,94,Tierra del Fuego,71165.3383,3528.06795288,74693.40625288,79312.58401272,203.9400886,79516.52410132,182744,79516.52410132,435125.22491201
2026-08,2,CABA,100382.6854,49006.12706946,149388.81246946,150539.38575386,,150539.38575386,3065991,150539.38575386,49099.74809249
