report_period,publication_date,source_sha256,province,year,source_page,tax,royalties,national_tax,social_income,other_income,income,personnel,current_transfers,capital,social_spend,other_spend,primary_spend,primary,interest_signed,financial
2022-Q3,2023-02-16,b5d0eb9f71642eaffda2b3dcae5110328873602b52417d018641c39dfd547029,Buenos Aires,2017,27,41.3,0.0,25.8,16.5,16.4,100.0,47.3,21.7,8.1,18.0,5.0,100.2,-0.2,-3.2,-3.4
2023-Q3,2024-03-05,b365e71cf4e718cdf3db07720cefc574b932debed6fe382d9628df870ccd179e,Buenos Aires,2018,27,40.1,0.0,31.2,17.0,11.7,100.0,45.8,21.2,6.3,18.7,5.2,97.3,2.7,-6.2,-3.6
2024-Q3,2025-02-19,f9b23bf348d53502965203a1abaedb853f177efaf0d69e877c26a0791986772b,Buenos Aires,2019,27,37.2,0.0,36.3,16.2,10.2,100.0,43.4,23.7,5.2,19.0,5.6,96.8,3.2,-7.3,-4.2
2025-Q3,2026-01-23,6d17557c4ff62c84619447e396e20b431be459b08e2ebadf8f775b007b26b330,Buenos Aires,2020,27,34.5,0.0,37.1,15.4,13.0,100.0,43.3,27.5,5.0,19.5,5.3,100.5,-0.5,-3.1,-3.6
2022-Q3,2023-02-16,b5d0eb9f71642eaffda2b3dcae5110328873602b52417d018641c39dfd547029,Catamarca,2017,28,9.5,0.9,70.8,0.0,18.8,100.0,48.6,25.2,16.9,0.0,6.3,97.1,2.9,-0.8,2.2
2023-Q3,2024-03-05,b365e71cf4e718cdf3db07720cefc574b932debed6fe382d9628df870ccd179e,Catamarca,2018,28,8.8,0.4,72.8,0.0,18.1,100.0,46.4,24.6,12.1,0.0,6.0,89.1,10.9,-1.0,9.9
2024-Q3,2025-02-19,f9b23bf348d53502965203a1abaedb853f177efaf0d69e877c26a0791986772b,Catamarca,2019,28,8.7,1.2,73.9,0.0,16.2,100.0,51.4,26.7,8.3,0.0,5.5,91.9,8.1,-1.0,7.1
2025-Q3,2026-01-23,6d17557c4ff62c84619447e396e20b431be459b08e2ebadf8f775b007b26b330,Catamarca,2020,28,8.3,0.5,79.0,0.0,12.2,100.0,51.4,31.8,10.9,0.0,5.3,99.4,0.6,-0.9,-0.2
2022-Q3,2023-02-16,b5d0eb9f71642eaffda2b3dcae5110328873602b52417d018641c39dfd547029,CABA,2017,29,69.7,0.0,20.6,0.0,9.8,100.0,48.2,10.0,23.2,0.0,22.6,103.9,-3.9,-3.5,-7.3
2023-Q3,2024-03-05,b365e71cf4e718cdf3db07720cefc574b932debed6fe382d9628df870ccd179e,CABA,2018,29,68.5,0.0,22.6,0.0,8.9,100.0,44.9,9.2,19.4,0.0,21.6,95.1,4.9,-5.8,-0.9
2024-Q3,2025-02-19,f9b23bf348d53502965203a1abaedb853f177efaf0d69e877c26a0791986772b,CABA,2019,29,66.1,0.0,23.8,0.0,10.1,100.0,45.8,11.4,18.1,0.0,20.4,95.7,4.3,-9.1,-4.8
2025-Q3,2026-01-23,6d17557c4ff62c84619447e396e20b431be459b08e2ebadf8f775b007b26b330,CABA,2020,29,71.3,0.0,22.2,0.0,6.5,100.0,51.2,14.3,11.7,0.0,24.1,101.3,-1.3,-7.9,-9.2
2022-Q3,2023-02-16,b5d0eb9f71642eaffda2b3dcae5110328873602b52417d018641c39dfd547029,Córdoba,2017,30,25.9,0.0,41.3,16.0,16.8,100.0,36.5,19.9,17.3,20.5,7.9,101.9,-1.9,-1.7,-3.7
2023-Q3,2024-03-05,b365e71cf4e718cdf3db07720cefc574b932debed6fe382d9628df870ccd179e,Córdoba,2018,30,26.0,0.0,42.9,15.3,15.8,100.0,36.1,20.9,21.0,20.6,8.1,106.7,-6.7,-2.5,-9.1
2024-Q3,2025-02-19,f9b23bf348d53502965203a1abaedb853f177efaf0d69e877c26a0791986772b,Córdoba,2019,30,24.5,0.0,43.9,15.6,16.1,100.0,36.2,21.1,11.0,21.3,8.1,97.7,2.3,-3.4,-1.2
2025-Q3,2026-01-23,6d17557c4ff62c84619447e396e20b431be459b08e2ebadf8f775b007b26b330,Córdoba,2020,30,28.1,0.0,45.5,14.8,11.5,100.0,36.1,20.1,6.2,20.6,8.8,91.8,8.2,-3.0,5.3
2022-Q3,2023-02-16,b5d0eb9f71642eaffda2b3dcae5110328873602b52417d018641c39dfd547029,Corrientes,2017,31,11.1,0.7,60.9,14.4,12.9,100.0,47.7,13.2,15.0,16.8,11.3,104.0,-4.0,-0.5,-4.5
2023-Q3,2024-03-05,b365e71cf4e718cdf3db07720cefc574b932debed6fe382d9628df870ccd179e,Corrientes,2018,31,11.2,0.3,64.9,13.8,9.8,100.0,46.7,14.3,13.6,17.3,11.2,103.1,-3.1,-1.5,-4.6
2024-Q3,2025-02-19,f9b23bf348d53502965203a1abaedb853f177efaf0d69e877c26a0791986772b,Corrientes,2019,31,10.4,0.0,67.1,13.1,9.3,100.0,44.5,15.1,13.0,16.6,11.9,101.1,-1.1,-2.0,-3.1
2025-Q3,2026-01-23,6d17557c4ff62c84619447e396e20b431be459b08e2ebadf8f775b007b26b330,Corrientes,2020,31,10.2,0.0,68.4,13.4,8.0,100.0,46.1,14.9,12.8,17.0,14.3,105.1,-5.1,-0.7,-5.8
2022-Q3,2023-02-16,b5d0eb9f71642eaffda2b3dcae5110328873602b52417d018641c39dfd547029,Chaco,2017,32,11.9,0.0,59.3,14.3,14.5,100.0,52.3,17.9,14.0,16.3,6.4,106.9,-6.9,-1.8,-8.6
2023-Q3,2024-03-05,b365e71cf4e718cdf3db07720cefc574b932debed6fe382d9628df870ccd179e,Chaco,2018,32,11.3,0.0,63.8,13.0,11.9,100.0,47.6,20.2,9.9,16.1,5.9,99.8,0.2,-3.7,-3.5
2024-Q3,2025-02-19,f9b23bf348d53502965203a1abaedb853f177efaf0d69e877c26a0791986772b,Chaco,2019,32,10.3,0.0,69.1,13.1,7.6,100.0,47.0,21.7,8.2,16.2,6.6,99.6,0.4,-5.5,-5.1
2025-Q3,2026-01-23,6d17557c4ff62c84619447e396e20b431be459b08e2ebadf8f775b007b26b330,Chaco,2020,32,9.9,0.0,68.5,12.7,8.9,100.0,45.0,22.2,9.0,15.3,7.0,98.5,1.5,-1.8,-0.3
2022-Q3,2023-02-16,b5d0eb9f71642eaffda2b3dcae5110328873602b52417d018641c39dfd547029,Chubut,2017,33,20.2,14.1,31.9,17.2,16.5,100.0,62.7,9.3,16.6,18.9,6.9,114.3,-14.3,-5.4,-19.7
2023-Q3,2024-03-05,b365e71cf4e718cdf3db07720cefc574b932debed6fe382d9628df870ccd179e,Chubut,2018,33,19.5,21.4,29.2,13.9,15.9,100.0,48.8,7.8,11.2,16.1,5.2,89.1,10.9,-6.5,4.3
2024-Q3,2025-02-19,f9b23bf348d53502965203a1abaedb853f177efaf0d69e877c26a0791986772b,Chubut,2019,33,18.7,21.0,29.2,18.1,12.9,100.0,60.5,8.9,8.5,20.5,5.2,103.5,-3.5,-5.7,-9.3
2025-Q3,2026-01-23,6d17557c4ff62c84619447e396e20b431be459b08e2ebadf8f775b007b26b330,Chubut,2020,33,17.2,18.6,32.3,19.7,12.2,100.0,66.0,9.9,7.9,23.2,4.7,111.7,-11.7,-5.4,-17.1
2022-Q3,2023-02-16,b5d0eb9f71642eaffda2b3dcae5110328873602b52417d018641c39dfd547029,Entre Ríos,2017,34,21.5,0.2,51.1,14.9,12.2,100.0,49.8,16.6,7.3,22.9,6.6,103.2,-3.2,-2.8,-6.0
2023-Q3,2024-03-05,b365e71cf4e718cdf3db07720cefc574b932debed6fe382d9628df870ccd179e,Entre Ríos,2018,34,20.5,0.1,52.7,14.2,12.4,100.0,47.3,16.0,5.8,22.6,5.9,97.5,2.5,-3.2,-0.7
2024-Q3,2025-02-19,f9b23bf348d53502965203a1abaedb853f177efaf0d69e877c26a0791986772b,Entre Ríos,2019,34,21.3,0.4,56.0,15.0,7.3,100.0,49.7,17.1,5.3,25.5,6.2,103.8,-3.8,-2.8,-6.6
2025-Q3,2026-01-23,6d17557c4ff62c84619447e396e20b431be459b08e2ebadf8f775b007b26b330,Entre Ríos,2020,34,19.8,0.4,55.6,13.7,10.5,100.0,45.6,16.4,3.9,24.0,5.9,95.8,4.2,-2.0,2.2
2022-Q3,2023-02-16,b5d0eb9f71642eaffda2b3dcae5110328873602b52417d018641c39dfd547029,Formosa,2017,35,5.7,0.1,66.5,12.1,15.5,100.0,41.0,12.8,18.0,16.0,11.6,99.4,0.6,-0.6,0.0
2023-Q3,2024-03-05,b365e71cf4e718cdf3db07720cefc574b932debed6fe382d9628df870ccd179e,Formosa,2018,35,5.6,0.2,70.8,11.4,12.0,100.0,37.9,13.6,18.9,16.5,11.9,98.8,1.2,-0.7,0.5
2024-Q3,2025-02-19,f9b23bf348d53502965203a1abaedb853f177efaf0d69e877c26a0791986772b,Formosa,2019,35,5.2,0.1,74.4,11.9,8.5,100.0,38.1,15.0,15.6,17.7,12.4,98.8,1.2,-0.7,0.5
2025-Q3,2026-01-23,6d17557c4ff62c84619447e396e20b431be459b08e2ebadf8f775b007b26b330,Formosa,2020,35,4.9,0.1,75.9,10.9,8.2,100.0,37.2,16.2,15.8,17.2,12.2,98.5,1.5,-0.6,0.9
2022-Q3,2023-02-16,b5d0eb9f71642eaffda2b3dcae5110328873602b52417d018641c39dfd547029,Jujuy,2017,36,11.6,0.0,63.9,0.0,24.5,100.0,61.7,29.3,17.2,0.0,5.8,114.1,-14.1,-3.0,-17.0
2023-Q3,2024-03-05,b365e71cf4e718cdf3db07720cefc574b932debed6fe382d9628df870ccd179e,Jujuy,2018,36,11.8,0.0,69.1,0.0,19.1,100.0,58.6,25.4,18.6,0.0,5.5,108.2,-8.2,-6.0,-14.2
2024-Q3,2025-02-19,f9b23bf348d53502965203a1abaedb853f177efaf0d69e877c26a0791986772b,Jujuy,2019,36,11.3,0.0,74.5,0.0,14.3,100.0,60.2,25.4,14.0,0.0,4.9,104.5,-4.5,-4.8,-9.3
2025-Q3,2026-01-23,6d17557c4ff62c84619447e396e20b431be459b08e2ebadf8f775b007b26b330,Jujuy,2020,36,9.6,0.1,74.8,0.0,15.5,100.0,55.0,22.5,12.9,0.0,6.1,96.4,3.6,-4.0,-0.4
2022-Q3,2023-02-16,b5d0eb9f71642eaffda2b3dcae5110328873602b52417d018641c39dfd547029,La Pampa,2017,37,18.1,1.0,44.1,12.4,24.3,100.0,40.3,17.1,14.4,15.1,9.9,96.8,3.2,-0.4,2.8
2023-Q3,2024-03-05,b365e71cf4e718cdf3db07720cefc574b932debed6fe382d9628df870ccd179e,La Pampa,2018,37,17.9,1.6,48.1,12.1,20.3,100.0,40.3,18.8,13.5,14.8,9.9,97.2,2.8,-0.4,2.3
2024-Q2,2024-12-10,c71ad5ebdf037d9baa031c10a313f8a3516da21ff628259f5480beea09c222ef,La Pampa,2019,37,18.1,1.6,49.4,12.3,18.6,100.0,40.9,17.4,13.6,17.0,11.3,100.2,-0.2,-0.4,-0.7
2024-Q2,2024-12-10,c71ad5ebdf037d9baa031c10a313f8a3516da21ff628259f5480beea09c222ef,La Pampa,2020,37,17.3,1.0,47.5,12.1,22.1,100.0,39.0,17.2,12.7,15.4,11.9,96.2,3.8,-0.4,3.4
2022-Q3,2023-02-16,b5d0eb9f71642eaffda2b3dcae5110328873602b52417d018641c39dfd547029,La Rioja,2017,38,7.4,0.0,67.0,0.0,25.6,100.0,50.0,24.5,22.5,0.0,11.0,107.9,-7.9,-2.1,-10.1
2023-Q3,2024-03-05,b365e71cf4e718cdf3db07720cefc574b932debed6fe382d9628df870ccd179e,La Rioja,2018,38,8.2,0.0,74.0,0.0,17.7,100.0,50.9,26.4,16.0,0.0,11.1,104.4,-4.4,-4.0,-8.4
2024-Q3,2025-02-19,f9b23bf348d53502965203a1abaedb853f177efaf0d69e877c26a0791986772b,La Rioja,2019,37,7.4,0.0,75.9,0.0,16.7,100.0,52.3,28.4,7.7,0.0,11.3,99.7,0.3,-4.9,-4.6
2025-Q3,2026-01-23,6d17557c4ff62c84619447e396e20b431be459b08e2ebadf8f775b007b26b330,La Rioja,2020,37,6.0,0.0,71.5,0.0,22.4,100.0,44.0,25.6,11.9,0.0,12.0,93.5,6.5,-3.0,3.5
2022-Q3,2023-02-16,b5d0eb9f71642eaffda2b3dcae5110328873602b52417d018641c39dfd547029,Mendoza,2017,39,32.0,4.7,42.7,0.0,20.6,100.0,52.9,23.7,11.2,0.0,11.7,99.4,0.6,-5.1,-4.5
2023-Q3,2024-03-05,b365e71cf4e718cdf3db07720cefc574b932debed6fe382d9628df870ccd179e,Mendoza,2018,39,30.9,6.8,44.6,0.0,17.8,100.0,47.5,23.0,13.4,0.0,12.0,95.9,4.1,-6.9,-2.8
2024-Q3,2025-02-19,f9b23bf348d53502965203a1abaedb853f177efaf0d69e877c26a0791986772b,Mendoza,2019,38,29.2,6.0,46.7,0.0,18.1,100.0,51.1,24.5,11.2,0.0,11.3,98.2,1.8,-6.8,-5.0
2025-Q3,2026-01-23,6d17557c4ff62c84619447e396e20b431be459b08e2ebadf8f775b007b26b330,Mendoza,2020,38,27.7,4.6,49.4,0.0,18.2,100.0,50.3,26.1,8.5,0.0,11.8,96.7,3.3,-3.4,-0.1
2022-Q3,2023-02-16,b5d0eb9f71642eaffda2b3dcae5110328873602b52417d018641c39dfd547029,Misiones,2017,40,21.0,0.3,51.9,9.7,17.1,100.0,45.2,23.1,21.3,8.9,7.0,105.5,-5.5,-0.7,-6.1
2023-Q3,2024-03-05,b365e71cf4e718cdf3db07720cefc574b932debed6fe382d9628df870ccd179e,Misiones,2018,40,20.6,0.2,53.1,9.7,16.4,100.0,38.1,27.0,17.1,9.1,6.7,98.0,2.0,-0.9,1.0
2024-Q3,2025-02-19,f9b23bf348d53502965203a1abaedb853f177efaf0d69e877c26a0791986772b,Misiones,2019,39,20.2,1.1,54.0,10.9,13.8,100.0,35.3,29.7,17.9,9.4,7.2,99.4,0.6,-0.8,-0.3
2025-Q3,2026-01-23,6d17557c4ff62c84619447e396e20b431be459b08e2ebadf8f775b007b26b330,Misiones,2020,39,24.6,0.7,51.2,11.0,12.6,100.0,34.7,33.6,15.8,8.7,6.3,99.0,1.0,-0.5,0.5
2022-Q3,2023-02-16,b5d0eb9f71642eaffda2b3dcae5110328873602b52417d018641c39dfd547029,Neuquén,2017,41,22.7,16.9,21.9,17.2,21.3,100.0,55.0,14.5,9.6,17.1,11.6,107.8,-7.8,-4.7,-12.5
2023-Q3,2024-03-05,b365e71cf4e718cdf3db07720cefc574b932debed6fe382d9628df870ccd179e,Neuquén,2018,41,25.2,23.7,19.2,15.1,16.7,100.0,46.9,13.7,9.4,15.1,9.4,94.5,5.5,-4.8,0.7
2024-Q3,2025-02-19,f9b23bf348d53502965203a1abaedb853f177efaf0d69e877c26a0791986772b,Neuquén,2019,40,26.7,23.9,19.1,15.9,14.5,100.0,50.6,13.9,8.9,17.7,10.1,101.1,-1.1,-4.8,-5.9
2025-Q1,2025-07-21,941f92d5c21e9161787de5b4e43ae05a20e4686f1ed50dca5075922018981eba,Neuquén,2020,40,22.1,20.7,21.4,17.4,18.4,100.0,54.0,13.1,7.6,19.9,9.5,104.1,-4.1,-4.3,-8.4
2022-Q3,2023-02-16,b5d0eb9f71642eaffda2b3dcae5110328873602b52417d018641c39dfd547029,Río Negro,2017,42,23.9,7.4,55.2,0.0,13.4,100.0,68.6,20.8,8.9,0.0,8.5,106.8,-6.8,-3.6,-10.4
2023-Q3,2024-03-05,b365e71cf4e718cdf3db07720cefc574b932debed6fe382d9628df870ccd179e,Río Negro,2018,42,24.2,10.5,54.1,0.0,11.2,100.0,59.2,18.2,10.4,0.0,8.3,96.1,3.9,-6.7,-2.9
2024-Q3,2025-02-19,f9b23bf348d53502965203a1abaedb853f177efaf0d69e877c26a0791986772b,Río Negro,2019,41,26.3,8.9,55.0,0.0,9.8,100.0,59.7,19.1,12.4,0.0,9.9,101.1,-1.1,-7.4,-8.5
2025-Q3,2026-01-23,6d17557c4ff62c84619447e396e20b431be459b08e2ebadf8f775b007b26b330,Río Negro,2020,40,22.1,7.0,62.2,0.0,8.7,100.0,65.6,20.8,10.9,0.0,10.0,107.4,-7.4,-4.2,-11.6
2022-Q3,2023-02-16,b5d0eb9f71642eaffda2b3dcae5110328873602b52417d018641c39dfd547029,Salta,2017,43,18.0,2.3,62.8,0.0,17.0,100.0,59.6,26.9,14.6,0.0,6.6,107.7,-7.7,-3.1,-10.8
2023-Q3,2024-03-05,b365e71cf4e718cdf3db07720cefc574b932debed6fe382d9628df870ccd179e,Salta,2018,43,21.6,2.5,63.0,0.0,12.9,100.0,52.3,22.6,9.1,0.0,7.1,91.1,8.9,-3.8,5.1
2024-Q3,2025-02-19,f9b23bf348d53502965203a1abaedb853f177efaf0d69e877c26a0791986772b,Salta,2019,42,21.0,2.5,67.5,0.0,9.0,100.0,56.8,26.5,8.3,0.0,7.9,99.4,0.6,-3.7,-3.1
2025-Q3,2026-01-23,6d17557c4ff62c84619447e396e20b431be459b08e2ebadf8f775b007b26b330,Salta,2020,41,19.8,1.8,68.7,0.0,9.8,100.0,60.4,23.9,5.3,0.0,7.0,96.7,3.3,-2.9,0.4
2022-Q3,2023-02-16,b5d0eb9f71642eaffda2b3dcae5110328873602b52417d018641c39dfd547029,San Juan,2017,44,11.6,1.6,60.7,0.0,26.1,100.0,36.4,15.8,29.0,0.0,11.6,92.7,7.3,-0.9,6.4
2023-Q3,2024-03-05,b365e71cf4e718cdf3db07720cefc574b932debed6fe382d9628df870ccd179e,San Juan,2018,44,11.5,1.6,63.6,0.0,23.4,100.0,36.3,15.2,31.5,0.0,13.5,96.4,3.6,-1.1,2.5
2024-Q3,2025-02-19,f9b23bf348d53502965203a1abaedb853f177efaf0d69e877c26a0791986772b,San Juan,2019,43,11.7,1.9,65.2,0.0,21.2,100.0,38.8,19.0,25.0,0.0,14.3,97.1,2.9,-1.4,1.5
2025-Q3,2026-01-23,6d17557c4ff62c84619447e396e20b431be459b08e2ebadf8f775b007b26b330,San Juan,2020,42,11.4,2.0,70.6,0.0,16.0,100.0,42.2,22.2,19.2,0.0,15.8,99.5,0.5,-1.2,-0.7
2022-Q3,2023-02-16,b5d0eb9f71642eaffda2b3dcae5110328873602b52417d018641c39dfd547029,San Luis,2017,45,21.5,0.0,69.1,0.0,9.4,100.0,38.3,17.0,41.6,0.0,6.2,103.0,-3.0,0.0,-3.0
2023-Q3,2024-03-05,b365e71cf4e718cdf3db07720cefc574b932debed6fe382d9628df870ccd179e,San Luis,2018,45,22.1,0.0,72.0,0.0,5.9,100.0,41.9,14.2,38.1,0.0,5.3,99.5,0.5,0.0,0.5
2024-Q3,2025-02-19,f9b23bf348d53502965203a1abaedb853f177efaf0d69e877c26a0791986772b,San Luis,2019,44,21.4,0.0,74.4,0.0,4.2,100.0,46.2,12.3,44.6,0.0,7.1,110.2,-10.2,-0.1,-10.3
2025-Q3,2026-01-23,6d17557c4ff62c84619447e396e20b431be459b08e2ebadf8f775b007b26b330,San Luis,2020,43,20.8,0.0,74.2,0.0,5.0,100.0,49.0,12.5,38.6,0.0,6.2,106.2,-6.2,-0.1,-6.3
2022-Q3,2023-02-16,b5d0eb9f71642eaffda2b3dcae5110328873602b52417d018641c39dfd547029,Santa Cruz,2017,46,19.6,16.7,36.9,13.7,13.1,100.0,54.2,21.8,2.0,28.9,3.3,110.3,-10.3,-2.1,-12.4
2023-Q3,2024-03-05,b365e71cf4e718cdf3db07720cefc574b932debed6fe382d9628df870ccd179e,Santa Cruz,2018,46,18.9,24.6,36.5,11.7,8.3,100.0,45.5,22.4,5.8,23.7,3.2,100.6,-0.6,-4.2,-4.9
2024-Q3,2025-02-19,f9b23bf348d53502965203a1abaedb853f177efaf0d69e877c26a0791986772b,Santa Cruz,2019,45,18.4,25.4,37.9,11.7,6.6,100.0,44.8,23.3,2.6,23.7,3.9,98.3,1.7,-3.4,-1.7
2025-Q3,2026-01-23,6d17557c4ff62c84619447e396e20b431be459b08e2ebadf8f775b007b26b330,Santa Cruz,2020,44,15.2,18.9,40.0,12.7,13.2,100.0,43.4,22.7,6.0,23.4,4.1,99.6,0.4,-1.0,-0.6
2022-Q3,2023-02-16,b5d0eb9f71642eaffda2b3dcae5110328873602b52417d018641c39dfd547029,Santa Fe,2017,47,27.4,0.0,48.7,14.3,9.6,100.0,44.7,20.8,13.7,17.9,7.3,104.4,-4.4,-0.4,-4.8
2023-Q3,2024-03-05,b365e71cf4e718cdf3db07720cefc574b932debed6fe382d9628df870ccd179e,Santa Fe,2018,47,27.3,0.0,49.4,12.9,10.4,100.0,41.0,20.4,13.3,17.5,7.0,99.2,0.8,-0.5,0.3
2024-Q3,2025-02-19,f9b23bf348d53502965203a1abaedb853f177efaf0d69e877c26a0791986772b,Santa Fe,2019,46,27.4,0.0,51.3,14.2,7.0,100.0,44.3,20.6,11.7,20.2,8.3,105.1,-5.1,-0.9,-6.0
2025-Q3,2026-01-23,6d17557c4ff62c84619447e396e20b431be459b08e2ebadf8f775b007b26b330,Santa Fe,2020,45,27.3,0.0,49.7,12.8,10.2,100.0,39.7,21.7,5.8,19.6,7.3,94.1,5.9,-1.2,4.7
2022-Q3,2023-02-16,b5d0eb9f71642eaffda2b3dcae5110328873602b52417d018641c39dfd547029,Santiago del Estero,2017,48,9.7,0.0,73.3,0.0,17.0,100.0,33.8,20.3,31.5,0.0,8.6,94.1,5.9,-0.7,5.2
2023-Q3,2024-03-05,b365e71cf4e718cdf3db07720cefc574b932debed6fe382d9628df870ccd179e,Santiago del Estero,2018,48,9.6,0.0,78.8,0.0,11.6,100.0,32.6,18.7,27.1,0.0,8.9,87.2,12.8,-0.7,12.0
2024-Q3,2025-02-19,f9b23bf348d53502965203a1abaedb853f177efaf0d69e877c26a0791986772b,Santiago del Estero,2019,47,9.2,0.0,80.4,0.0,10.3,100.0,32.7,17.1,27.3,0.0,7.7,84.8,15.2,-0.8,14.4
2025-Q1,2025-07-21,941f92d5c21e9161787de5b4e43ae05a20e4686f1ed50dca5075922018981eba,Santiago del Estero,2020,47,8.8,0.0,79.2,0.0,12.0,100.0,29.6,17.9,26.3,0.0,6.9,80.6,19.4,-0.6,18.7
2022-Q3,2023-02-16,b5d0eb9f71642eaffda2b3dcae5110328873602b52417d018641c39dfd547029,Tierra del Fuego,2017,49,18.2,5.9,38.9,16.3,20.6,100.0,50.3,21.0,10.6,15.4,5.5,102.8,-2.8,-1.8,-4.6
2023-Q3,2024-03-05,b365e71cf4e718cdf3db07720cefc574b932debed6fe382d9628df870ccd179e,Tierra del Fuego,2018,49,20.3,9.4,41.7,13.4,15.1,100.0,43.7,22.9,11.4,14.9,5.5,98.4,1.6,-4.2,-2.6
2024-Q3,2025-02-19,f9b23bf348d53502965203a1abaedb853f177efaf0d69e877c26a0791986772b,Tierra del Fuego,2019,48,17.8,8.4,44.0,12.2,17.6,100.0,41.4,24.7,11.5,13.6,6.7,97.9,2.1,-4.0,-1.9
2025-Q3,2026-01-23,6d17557c4ff62c84619447e396e20b431be459b08e2ebadf8f775b007b26b330,Tierra del Fuego,2020,46,17.5,6.0,48.9,13.7,13.8,100.0,45.4,24.7,4.9,14.9,6.7,96.6,3.4,-3.3,0.1
2022-Q3,2023-02-16,b5d0eb9f71642eaffda2b3dcae5110328873602b52417d018641c39dfd547029,Tucumán,2017,50,25.6,0.0,60.9,0.0,13.5,100.0,59.8,24.6,9.7,0.0,6.6,100.6,-0.6,-0.5,-1.2
2023-Q3,2024-03-05,b365e71cf4e718cdf3db07720cefc574b932debed6fe382d9628df870ccd179e,Tucumán,2018,50,25.7,0.0,62.7,0.0,11.6,100.0,57.0,25.7,8.9,0.0,6.6,98.3,1.7,-0.9,0.8
2024-Q3,2025-02-19,f9b23bf348d53502965203a1abaedb853f177efaf0d69e877c26a0791986772b,Tucumán,2019,49,25.9,0.0,68.4,0.0,5.7,100.0,68.1,27.5,7.2,0.0,8.1,110.8,-10.8,-2.1,-12.9
2025-Q3,2026-01-23,6d17557c4ff62c84619447e396e20b431be459b08e2ebadf8f775b007b26b330,Tucumán,2020,47,23.9,0.0,64.0,0.0,12.0,100.0,58.9,25.4,9.7,0.0,6.4,100.4,-0.4,-1.8,-2.3
2026-Q1,2026-08-12,df31a6fd552cb677dcb3da3cb628667273fc515b5eb9949cc38002244b325b5c,Buenos Aires,2021,27,37.2,0.0,37.8,14.4,10.6,100.0,42.7,28.7,5.4,18.3,6.1,101.2,-1.2,-2.1,-3.3
2026-Q1,2026-08-12,df31a6fd552cb677dcb3da3cb628667273fc515b5eb9949cc38002244b325b5c,Catamarca,2021,28,9.1,0.4,76.9,0.0,13.7,100.0,49.3,27.6,16.0,0.0,8.3,101.2,-1.2,-0.4,-1.6
2026-Q1,2026-08-12,df31a6fd552cb677dcb3da3cb628667273fc515b5eb9949cc38002244b325b5c,CABA,2021,29,78.3,0.0,11.1,0.0,10.6,100.0,44.9,12.5,12.2,0.0,23.6,93.2,6.8,-7.6,-0.9
2026-Q1,2026-08-12,df31a6fd552cb677dcb3da3cb628667273fc515b5eb9949cc38002244b325b5c,Córdoba,2021,30,28.1,0.0,45.4,12.9,13.5,100.0,32.0,20.5,9.1,16.8,9.9,88.3,11.7,-1.6,10.1
2026-Q1,2026-08-12,df31a6fd552cb677dcb3da3cb628667273fc515b5eb9949cc38002244b325b5c,Corrientes,2021,31,11.1,0.0,69.8,11.7,7.4,100.0,41.5,16.6,10.5,15.2,12.8,96.6,3.4,-0.6,2.8
2026-Q1,2026-08-12,df31a6fd552cb677dcb3da3cb628667273fc515b5eb9949cc38002244b325b5c,Chaco,2021,32,10.9,0.0,67.5,11.0,10.6,100.0,40.3,20.1,14.7,14.9,6.7,96.7,3.3,-2.1,1.2
2026-Q1,2026-08-12,df31a6fd552cb677dcb3da3cb628667273fc515b5eb9949cc38002244b325b5c,Chubut,2021,33,18.7,21.6,32.6,14.6,12.5,100.0,47.2,10.8,8.4,17.0,6.8,90.2,9.8,-4.2,5.5
2026-Q1,2026-08-12,df31a6fd552cb677dcb3da3cb628667273fc515b5eb9949cc38002244b325b5c,Entre Ríos,2021,34,21.2,0.3,55.9,12.7,10.0,100.0,41.6,16.3,5.5,21.3,6.3,91.0,9.0,-2.1,6.9
2026-Q1,2026-08-12,df31a6fd552cb677dcb3da3cb628667273fc515b5eb9949cc38002244b325b5c,Formosa,2021,35,5.9,0.0,74.5,10.1,9.5,100.0,34.5,15.3,18.5,15.5,15.0,98.7,1.3,-0.3,1.0
2026-Q1,2026-08-12,df31a6fd552cb677dcb3da3cb628667273fc515b5eb9949cc38002244b325b5c,Jujuy,2021,36,12.1,0.2,74.1,0.0,13.6,100.0,49.9,22.3,13.8,0.0,6.3,92.3,7.7,-3.9,3.8
2024-Q2,2024-12-10,c71ad5ebdf037d9baa031c10a313f8a3516da21ff628259f5480beea09c222ef,La Pampa,2021,37,18.9,0.9,48.6,10.4,21.3,100.0,38.0,16.6,13.0,15.0,11.6,94.1,5.9,-0.1,5.8
2026-Q1,2026-08-12,df31a6fd552cb677dcb3da3cb628667273fc515b5eb9949cc38002244b325b5c,La Rioja,2021,37,7.5,0.0,69.9,0.0,22.6,100.0,39.5,25.6,17.3,0.0,15.3,97.8,2.2,-3.0,-0.7
2026-Q1,2026-08-12,df31a6fd552cb677dcb3da3cb628667273fc515b5eb9949cc38002244b325b5c,Mendoza,2021,38,27.6,4.5,49.2,0.0,18.7,100.0,39.7,24.6,15.7,0.0,11.9,92.0,8.0,-3.2,4.8
2026-Q1,2026-08-12,df31a6fd552cb677dcb3da3cb628667273fc515b5eb9949cc38002244b325b5c,Misiones,2021,39,28.3,0.4,50.2,10.6,10.5,100.0,39.0,32.0,14.7,10.5,5.6,101.8,-1.8,-0.2,-2.0
2026-Q1,2026-08-12,df31a6fd552cb677dcb3da3cb628667273fc515b5eb9949cc38002244b325b5c,Neuquén,2021,40,23.7,25.4,20.9,14.5,15.5,100.0,47.2,13.9,7.7,16.9,8.6,94.3,5.7,-2.3,3.4
2026-Q1,2026-08-12,df31a6fd552cb677dcb3da3cb628667273fc515b5eb9949cc38002244b325b5c,Río Negro,2021,41,21.8,6.8,61.5,0.0,9.9,100.0,59.2,20.8,9.7,0.0,10.9,100.4,-0.4,-2.8,-3.3
2026-Q1,2026-08-12,df31a6fd552cb677dcb3da3cb628667273fc515b5eb9949cc38002244b325b5c,Salta,2021,42,21.1,1.6,66.6,0.0,10.7,100.0,53.9,23.6,7.2,0.0,8.4,93.2,6.8,-2.3,4.5
2026-Q1,2026-08-12,df31a6fd552cb677dcb3da3cb628667273fc515b5eb9949cc38002244b325b5c,San Juan,2021,43,12.2,1.8,72.1,0.0,14.0,100.0,39.4,22.0,20.8,0.0,15.4,97.6,2.4,-0.6,1.8
2026-Q1,2026-08-12,df31a6fd552cb677dcb3da3cb628667273fc515b5eb9949cc38002244b325b5c,San Luis,2021,44,20.4,0.0,72.0,0.0,7.5,100.0,43.5,13.0,33.3,0.0,5.5,95.3,4.7,-0.1,4.6
2026-Q1,2026-08-12,df31a6fd552cb677dcb3da3cb628667273fc515b5eb9949cc38002244b325b5c,Santa Cruz,2021,45,15.6,20.0,37.9,11.7,14.9,100.0,41.3,20.3,2.2,21.0,5.8,90.6,9.4,-1.0,8.4
2026-Q1,2026-08-12,df31a6fd552cb677dcb3da3cb628667273fc515b5eb9949cc38002244b325b5c,Santa Fe,2021,46,27.6,0.0,51.8,11.7,8.9,100.0,39.2,24.9,7.8,19.2,7.5,98.5,1.5,-1.4,0.1
2026-Q1,2026-08-12,df31a6fd552cb677dcb3da3cb628667273fc515b5eb9949cc38002244b325b5c,Santiago del Estero,2021,47,9.8,0.0,78.9,0.0,11.3,100.0,31.0,19.6,32.3,0.0,11.3,94.2,5.8,-0.2,5.5
2026-Q1,2026-08-12,df31a6fd552cb677dcb3da3cb628667273fc515b5eb9949cc38002244b325b5c,Tierra del Fuego,2021,48,17.9,6.7,47.6,12.7,15.1,100.0,47.1,25.0,6.3,13.9,6.5,98.8,1.2,-1.8,-0.6
2026-Q1,2026-08-12,df31a6fd552cb677dcb3da3cb628667273fc515b5eb9949cc38002244b325b5c,Tucumán,2021,49,25.3,0.0,66.3,0.0,8.4,100.0,53.9,26.0,10.8,0.0,7.4,98.2,1.8,-1.2,0.7
2026-Q1,2026-08-12,df31a6fd552cb677dcb3da3cb628667273fc515b5eb9949cc38002244b325b5c,Buenos Aires,2022,27,36.2,0.0,37.7,15.0,11.1,100.0,42.2,28.2,7.2,17.9,5.8,101.3,-1.3,-2.4,-3.7
2026-Q1,2026-08-12,df31a6fd552cb677dcb3da3cb628667273fc515b5eb9949cc38002244b325b5c,Catamarca,2022,28,9.9,0.9,74.3,0.0,15.0,100.0,43.2,26.6,20.6,0.0,7.4,97.8,2.2,-0.9,1.3
2026-Q1,2026-08-12,df31a6fd552cb677dcb3da3cb628667273fc515b5eb9949cc38002244b325b5c,CABA,2022,29,77.0,0.0,10.7,0.0,12.4,100.0,39.8,11.3,13.1,0.0,21.3,85.6,14.4,-4.0,10.5
2026-Q1,2026-08-12,df31a6fd552cb677dcb3da3cb628667273fc515b5eb9949cc38002244b325b5c,Córdoba,2022,30,26.9,0.0,47.0,12.7,13.5,100.0,31.8,19.7,14.0,16.5,8.1,90.0,10.0,-1.7,8.3
2026-Q1,2026-08-12,df31a6fd552cb677dcb3da3cb628667273fc515b5eb9949cc38002244b325b5c,Corrientes,2022,31,10.5,0.2,70.5,10.8,8.0,100.0,37.7,16.8,13.8,14.0,12.5,94.8,5.2,-1.0,4.2
2026-Q1,2026-08-12,df31a6fd552cb677dcb3da3cb628667273fc515b5eb9949cc38002244b325b5c,Chaco,2022,32,10.8,0.0,67.5,11.2,10.5,100.0,42.1,19.5,15.3,15.5,5.4,97.9,2.1,-1.5,0.5
2026-Q1,2026-08-12,df31a6fd552cb677dcb3da3cb628667273fc515b5eb9949cc38002244b325b5c,Chubut,2022,33,18.9,20.1,34.7,15.8,10.6,100.0,51.6,8.3,9.0,19.0,6.8,94.7,5.3,-3.9,1.4
2026-Q1,2026-08-12,df31a6fd552cb677dcb3da3cb628667273fc515b5eb9949cc38002244b325b5c,Entre Ríos,2022,34,18.6,0.4,56.7,13.1,11.2,100.0,44.3,16.2,5.8,23.0,5.9,95.2,4.8,-1.5,3.3
2026-Q1,2026-08-12,df31a6fd552cb677dcb3da3cb628667273fc515b5eb9949cc38002244b325b5c,Formosa,2022,35,6.2,0.0,73.5,9.7,10.6,100.0,33.4,14.5,23.4,15.2,11.5,98.0,2.0,-0.1,1.9
2026-Q1,2026-08-12,df31a6fd552cb677dcb3da3cb628667273fc515b5eb9949cc38002244b325b5c,Jujuy,2022,36,12.3,0.0,77.1,0.0,10.6,100.0,47.5,19.5,18.0,0.0,6.2,91.2,8.8,-3.8,5.0
2024-Q2,2024-12-10,c71ad5ebdf037d9baa031c10a313f8a3516da21ff628259f5480beea09c222ef,La Pampa,2022,37,20.2,0.8,51.2,10.7,17.1,100.0,38.8,18.5,15.2,14.6,13.6,100.7,-0.7,-0.3,-1.0
2026-Q1,2026-08-12,df31a6fd552cb677dcb3da3cb628667273fc515b5eb9949cc38002244b325b5c,La Rioja,2022,37,7.6,0.0,69.6,0.0,22.8,100.0,40.6,27.3,17.1,0.0,13.3,98.4,1.6,-1.8,-0.2
2026-Q1,2026-08-12,df31a6fd552cb677dcb3da3cb628667273fc515b5eb9949cc38002244b325b5c,Mendoza,2022,38,27.5,3.9,50.3,0.0,18.3,100.0,38.6,24.4,17.3,0.0,11.0,91.4,8.6,-2.9,5.7
2026-Q1,2026-08-12,df31a6fd552cb677dcb3da3cb628667273fc515b5eb9949cc38002244b325b5c,Misiones,2022,39,29.0,0.4,50.4,11.1,9.1,100.0,37.1,34.2,11.6,10.2,4.7,97.7,2.3,-0.6,1.7
2026-Q1,2026-08-12,df31a6fd552cb677dcb3da3cb628667273fc515b5eb9949cc38002244b325b5c,Neuquén,2022,40,22.9,28.7,20.0,15.2,13.1,100.0,48.6,14.2,8.5,17.7,10.2,99.2,0.8,-2.6,-1.8
2026-Q1,2026-08-12,df31a6fd552cb677dcb3da3cb628667273fc515b5eb9949cc38002244b325b5c,Río Negro,2022,41,21.7,5.4,63.9,0.0,9.0,100.0,61.3,20.3,6.5,0.0,8.7,96.8,3.2,-4.3,-1.0
2026-Q1,2026-08-12,df31a6fd552cb677dcb3da3cb628667273fc515b5eb9949cc38002244b325b5c,Salta,2022,42,21.0,1.4,66.6,0.0,11.0,100.0,55.7,24.8,8.0,0.0,7.2,95.7,4.3,-2.5,1.8
2026-Q1,2026-08-12,df31a6fd552cb677dcb3da3cb628667273fc515b5eb9949cc38002244b325b5c,San Juan,2022,43,12.1,1.5,74.8,0.0,11.6,100.0,44.0,23.7,15.1,0.0,13.6,96.5,3.5,-1.2,2.3
2026-Q1,2026-08-12,df31a6fd552cb677dcb3da3cb628667273fc515b5eb9949cc38002244b325b5c,San Luis,2022,44,19.2,0.0,68.9,0.0,11.9,100.0,40.6,17.8,36.3,0.0,7.1,101.8,-1.8,0.0,-1.8
2026-Q1,2026-08-12,df31a6fd552cb677dcb3da3cb628667273fc515b5eb9949cc38002244b325b5c,Santa Cruz,2022,45,16.1,19.8,39.9,12.7,11.5,100.0,45.1,22.4,2.6,21.3,5.2,96.6,3.4,-0.8,2.6
2026-Q1,2026-08-12,df31a6fd552cb677dcb3da3cb628667273fc515b5eb9949cc38002244b325b5c,Santa Fe,2022,46,25.7,0.0,50.8,11.9,11.6,100.0,38.0,24.7,8.4,18.3,6.4,95.8,4.2,-1.1,3.0
2026-Q1,2026-08-12,df31a6fd552cb677dcb3da3cb628667273fc515b5eb9949cc38002244b325b5c,Santiago del Estero,2022,47,8.9,0.0,75.5,0.0,15.6,100.0,25.6,19.5,32.3,0.0,12.3,89.7,10.3,-0.8,9.5
2026-Q1,2026-08-12,df31a6fd552cb677dcb3da3cb628667273fc515b5eb9949cc38002244b325b5c,Tierra del Fuego,2022,48,17.4,5.2,45.3,12.2,20.0,100.0,46.8,22.6,9.3,12.5,6.0,97.2,2.8,-2.4,0.3
2026-Q1,2026-08-12,df31a6fd552cb677dcb3da3cb628667273fc515b5eb9949cc38002244b325b5c,Tucumán,2022,49,23.8,0.0,67.2,0.0,9.1,100.0,51.2,25.2,11.6,0.0,6.3,94.3,5.7,-1.1,4.6
2026-Q1,2026-08-12,df31a6fd552cb677dcb3da3cb628667273fc515b5eb9949cc38002244b325b5c,Buenos Aires,2023,27,34.3,0.0,36.5,15.3,13.8,100.0,45.0,27.6,7.5,18.5,5.8,104.4,-4.4,-2.6,-7.0
2026-Q1,2026-08-12,df31a6fd552cb677dcb3da3cb628667273fc515b5eb9949cc38002244b325b5c,Catamarca,2023,28,10.1,0.7,69.7,0.0,19.5,100.0,45.3,27.2,22.8,0.0,6.8,102.1,-2.1,-0.5,-2.6
2026-Q1,2026-08-12,df31a6fd552cb677dcb3da3cb628667273fc515b5eb9949cc38002244b325b5c,CABA,2023,29,78.9,0.0,9.3,0.0,11.8,100.0,40.6,11.3,15.2,0.0,21.6,88.7,11.3,-3.0,8.3
2026-Q1,2026-08-12,df31a6fd552cb677dcb3da3cb628667273fc515b5eb9949cc38002244b325b5c,Córdoba,2023,30,24.6,0.0,43.4,13.5,18.4,100.0,34.6,19.5,14.7,17.8,8.3,94.9,5.1,-2.4,2.7
2026-Q1,2026-08-12,df31a6fd552cb677dcb3da3cb628667273fc515b5eb9949cc38002244b325b5c,Corrientes,2023,31,11.1,0.2,69.0,11.9,7.8,100.0,42.9,16.3,14.3,15.8,11.1,100.5,-0.5,-0.5,-1.0
2026-Q1,2026-08-12,df31a6fd552cb677dcb3da3cb628667273fc515b5eb9949cc38002244b325b5c,Chaco,2023,32,10.6,0.0,66.1,11.7,11.6,100.0,43.6,20.7,17.4,16.5,4.6,102.8,-2.8,-1.8,-4.6
2026-Q1,2026-08-12,df31a6fd552cb677dcb3da3cb628667273fc515b5eb9949cc38002244b325b5c,Chubut,2023,33,19.7,20.1,33.1,15.2,11.8,100.0,48.8,7.9,9.0,18.0,6.8,90.5,9.5,-3.0,6.5
2026-Q1,2026-08-12,df31a6fd552cb677dcb3da3cb628667273fc515b5eb9949cc38002244b325b5c,Entre Ríos,2023,34,18.1,0.2,56.6,14.3,10.8,100.0,49.0,17.1,6.6,25.8,5.9,104.4,-4.4,-1.5,-5.9
2026-Q1,2026-08-12,df31a6fd552cb677dcb3da3cb628667273fc515b5eb9949cc38002244b325b5c,Formosa,2023,35,6.3,0.0,73.3,10.3,10.2,100.0,36.7,14.6,19.5,15.7,12.3,98.8,1.2,-0.1,1.1
2026-Q1,2026-08-12,df31a6fd552cb677dcb3da3cb628667273fc515b5eb9949cc38002244b325b5c,Jujuy,2023,36,12.6,0.0,71.5,0.0,15.9,100.0,53.3,18.9,19.1,0.0,7.2,98.6,1.4,-2.7,-1.3
2024-Q2,2024-12-10,c71ad5ebdf037d9baa031c10a313f8a3516da21ff628259f5480beea09c222ef,La Pampa,2023,37,19.0,0.8,50.1,8.9,21.1,100.0,36.0,16.3,19.2,13.8,10.1,95.4,4.6,0.0,4.6
2026-Q1,2026-08-12,df31a6fd552cb677dcb3da3cb628667273fc515b5eb9949cc38002244b325b5c,La Rioja,2023,37,7.8,0.0,70.4,0.0,21.8,100.0,39.6,28.7,17.6,0.0,13.8,99.6,0.4,-1.9,-1.6
2026-Q1,2026-08-12,df31a6fd552cb677dcb3da3cb628667273fc515b5eb9949cc38002244b325b5c,Mendoza,2023,38,27.5,3.9,45.5,0.0,23.1,100.0,37.5,24.0,22.1,0.0,11.4,95.0,5.0,-3.2,1.8
2026-Q1,2026-08-12,df31a6fd552cb677dcb3da3cb628667273fc515b5eb9949cc38002244b325b5c,Misiones,2023,39,28.4,0.0,48.9,11.5,11.2,100.0,37.5,35.8,11.1,10.1,5.0,99.5,0.5,-0.5,0.0
2026-Q1,2026-08-12,df31a6fd552cb677dcb3da3cb628667273fc515b5eb9949cc38002244b325b5c,Neuquén,2023,40,22.9,30.8,17.3,15.0,14.0,100.0,47.6,14.4,7.7,17.6,10.0,97.4,2.6,-2.4,0.2
2026-Q1,2026-08-12,df31a6fd552cb677dcb3da3cb628667273fc515b5eb9949cc38002244b325b5c,Río Negro,2023,41,22.4,5.2,63.1,0.0,9.4,100.0,66.2,20.7,4.8,0.0,8.2,99.9,0.1,-4.2,-4.1
2026-Q1,2026-08-12,df31a6fd552cb677dcb3da3cb628667273fc515b5eb9949cc38002244b325b5c,Salta,2023,42,21.8,1.3,61.0,0.0,16.0,100.0,57.7,24.5,7.9,0.0,7.0,97.2,2.8,-2.2,0.7
2026-Q1,2026-08-12,df31a6fd552cb677dcb3da3cb628667273fc515b5eb9949cc38002244b325b5c,San Juan,2023,43,11.4,1.0,66.6,0.0,20.9,100.0,45.4,23.2,16.0,0.0,12.2,96.7,3.3,-0.9,2.4
2026-Q1,2026-08-12,df31a6fd552cb677dcb3da3cb628667273fc515b5eb9949cc38002244b325b5c,San Luis,2023,44,17.9,0.0,59.3,0.0,22.7,100.0,42.2,14.6,46.2,0.0,4.7,107.6,-7.6,0.0,-7.6
2026-Q1,2026-08-12,df31a6fd552cb677dcb3da3cb628667273fc515b5eb9949cc38002244b325b5c,Santa Cruz,2023,45,16.2,19.3,38.3,14.4,11.7,100.0,47.8,19.9,0.8,23.2,11.4,103.1,-3.1,-0.4,-3.5
2026-Q1,2026-08-12,df31a6fd552cb677dcb3da3cb628667273fc515b5eb9949cc38002244b325b5c,Santa Fe,2023,46,25.6,0.0,50.7,12.4,11.2,100.0,44.1,23.8,9.0,20.1,7.1,104.1,-4.1,-1.5,-5.6
2026-Q1,2026-08-12,df31a6fd552cb677dcb3da3cb628667273fc515b5eb9949cc38002244b325b5c,Santiago del Estero,2023,47,8.5,0.0,75.9,0.0,15.7,100.0,21.8,21.4,33.9,0.0,13.5,90.5,9.5,-0.6,8.8
2026-Q1,2026-08-12,df31a6fd552cb677dcb3da3cb628667273fc515b5eb9949cc38002244b325b5c,Tierra del Fuego,2023,48,18.9,4.6,44.5,12.9,19.1,100.0,50.2,20.4,8.2,13.9,7.5,100.2,-0.2,-4.5,-4.7
2026-Q1,2026-08-12,df31a6fd552cb677dcb3da3cb628667273fc515b5eb9949cc38002244b325b5c,Tucumán,2023,49,24.1,0.0,66.6,0.0,9.3,100.0,56.9,26.4,13.7,0.0,6.5,103.5,-3.5,-1.6,-5.1
2026-Q1,2026-08-12,df31a6fd552cb677dcb3da3cb628667273fc515b5eb9949cc38002244b325b5c,Buenos Aires,2024,27,40.1,0.0,38.7,15.5,5.6,100.0,43.0,28.5,6.4,18.9,6.0,102.9,-2.9,-3.1,-6.0
2026-Q1,2026-08-12,df31a6fd552cb677dcb3da3cb628667273fc515b5eb9949cc38002244b325b5c,Catamarca,2024,28,11.9,0.4,80.1,0.0,7.7,100.0,45.7,31.9,17.5,0.0,7.0,102.1,-2.1,-0.2,-2.3
2026-Q1,2026-08-12,df31a6fd552cb677dcb3da3cb628667273fc515b5eb9949cc38002244b325b5c,CABA,2024,29,72.7,0.0,9.7,0.0,17.6,100.0,42.4,12.0,15.7,0.0,25.3,95.4,4.6,-1.5,3.1
2026-Q1,2026-08-12,df31a6fd552cb677dcb3da3cb628667273fc515b5eb9949cc38002244b325b5c,Córdoba,2024,30,25.7,0.0,44.9,13.0,16.3,100.0,32.4,18.8,14.8,17.0,10.5,93.6,6.4,-1.6,4.8
2026-Q1,2026-08-12,df31a6fd552cb677dcb3da3cb628667273fc515b5eb9949cc38002244b325b5c,Corrientes,2024,31,11.8,0.4,71.6,11.3,4.9,100.0,41.1,14.8,14.0,14.7,14.1,98.8,1.2,-0.2,1.0
2026-Q1,2026-08-12,df31a6fd552cb677dcb3da3cb628667273fc515b5eb9949cc38002244b325b5c,Chaco,2024,32,10.5,0.0,72.4,13.9,3.2,100.0,50.1,21.5,6.9,20.6,6.2,105.2,-5.2,-2.4,-7.6
2026-Q1,2026-08-12,df31a6fd552cb677dcb3da3cb628667273fc515b5eb9949cc38002244b325b5c,Chubut,2024,33,20.8,19.8,33.8,15.8,9.8,100.0,50.0,9.9,8.6,18.7,8.1,95.4,4.6,-2.2,2.5
2026-Q1,2026-08-12,df31a6fd552cb677dcb3da3cb628667273fc515b5eb9949cc38002244b325b5c,Entre Ríos,2024,34,19.1,0.7,60.3,15.1,4.7,100.0,47.0,17.2,2.3,25.3,7.1,98.9,1.1,-2.2,-1.1
2026-Q1,2026-08-12,df31a6fd552cb677dcb3da3cb628667273fc515b5eb9949cc38002244b325b5c,Formosa,2024,35,6.0,0.1,83.7,8.9,1.3,100.0,33.4,17.6,17.5,14.2,14.4,97.2,2.8,-0.1,2.8
2026-Q1,2026-08-12,df31a6fd552cb677dcb3da3cb628667273fc515b5eb9949cc38002244b325b5c,Jujuy,2024,36,11.6,0.7,69.6,0.0,18.0,100.0,45.1,17.6,15.4,0.0,6.7,84.8,15.2,-1.9,13.3
2026-Q1,2026-08-12,df31a6fd552cb677dcb3da3cb628667273fc515b5eb9949cc38002244b325b5c,La Rioja,2024,37,10.5,0.0,86.3,0.0,3.2,100.0,47.2,27.7,7.4,0.0,13.2,95.5,4.5,-1.6,2.9
2026-Q1,2026-08-12,df31a6fd552cb677dcb3da3cb628667273fc515b5eb9949cc38002244b325b5c,Mendoza,2024,38,30.9,4.8,52.0,0.0,12.4,100.0,38.4,27.8,12.5,0.0,15.0,93.7,6.3,-1.7,4.6
2026-Q1,2026-08-12,df31a6fd552cb677dcb3da3cb628667273fc515b5eb9949cc38002244b325b5c,Misiones,2024,39,29.6,0.6,51.3,13.0,5.6,100.0,34.9,44.7,5.5,10.0,4.6,99.7,0.3,-0.2,0.2
2026-Q1,2026-08-12,df31a6fd552cb677dcb3da3cb628667273fc515b5eb9949cc38002244b325b5c,Neuquén,2024,40,24.5,32.9,15.1,16.9,10.6,100.0,45.4,12.6,5.7,16.6,10.0,90.4,9.6,-1.9,7.7
2026-Q1,2026-08-12,df31a6fd552cb677dcb3da3cb628667273fc515b5eb9949cc38002244b325b5c,Río Negro,2024,41,25.2,5.9,63.3,0.0,5.5,100.0,65.8,21.5,2.6,0.0,8.2,98.1,1.9,-2.6,-0.7
2026-Q1,2026-08-12,df31a6fd552cb677dcb3da3cb628667273fc515b5eb9949cc38002244b325b5c,Salta,2024,42,25.0,1.3,66.8,0.0,6.9,100.0,55.0,27.0,5.8,0.0,8.1,95.9,4.1,-2.2,1.9
2026-Q1,2026-08-12,df31a6fd552cb677dcb3da3cb628667273fc515b5eb9949cc38002244b325b5c,San Juan,2024,43,11.8,2.3,74.1,0.0,11.8,100.0,46.6,21.5,7.9,0.0,11.1,87.0,13.0,-0.7,12.2
2026-Q1,2026-08-12,df31a6fd552cb677dcb3da3cb628667273fc515b5eb9949cc38002244b325b5c,San Luis,2024,44,18.7,0.0,74.6,0.0,6.7,100.0,37.9,14.0,28.2,0.0,8.3,88.3,11.7,0.0,11.7
2026-Q1,2026-08-12,df31a6fd552cb677dcb3da3cb628667273fc515b5eb9949cc38002244b325b5c,Santa Cruz,2024,45,17.1,20.7,39.1,12.8,10.3,100.0,46.5,21.6,0.6,24.4,4.7,97.9,2.1,-0.1,2.0
2026-Q1,2026-08-12,df31a6fd552cb677dcb3da3cb628667273fc515b5eb9949cc38002244b325b5c,Santa Fe,2024,46,26.3,0.0,51.2,14.4,8.1,100.0,42.0,20.0,9.4,19.5,6.7,97.6,2.4,-0.7,1.7
2026-Q1,2026-08-12,df31a6fd552cb677dcb3da3cb628667273fc515b5eb9949cc38002244b325b5c,Santiago del Estero,2024,47,8.4,0.0,84.2,0.0,7.4,100.0,35.4,18.7,20.7,0.0,9.2,84.1,15.9,-0.2,15.8
2026-Q1,2026-08-12,df31a6fd552cb677dcb3da3cb628667273fc515b5eb9949cc38002244b325b5c,Tierra del Fuego,2024,48,20.4,4.6,48.2,13.2,13.6,100.0,50.2,25.0,3.5,14.3,6.1,99.0,1.0,-1.2,-0.2
2026-Q1,2026-08-12,df31a6fd552cb677dcb3da3cb628667273fc515b5eb9949cc38002244b325b5c,Tucumán,2024,49,26.5,0.0,69.9,0.0,3.6,100.0,49.8,29.8,6.1,0.0,7.2,92.9,7.1,-1.1,6.0
2026-Q1,2026-08-12,df31a6fd552cb677dcb3da3cb628667273fc515b5eb9949cc38002244b325b5c,Buenos Aires,2025,27,40.7,0.0,39.7,15.7,4.0,100.0,42.6,26.8,7.0,19.9,6.2,102.5,-2.5,-3.5,-5.9
2026-Q1,2026-08-12,df31a6fd552cb677dcb3da3cb628667273fc515b5eb9949cc38002244b325b5c,Catamarca,2025,28,11.6,0.5,79.4,0.0,8.5,100.0,50.3,30.8,13.9,0.0,6.6,101.6,-1.6,-0.1,-1.7
2026-Q1,2026-08-12,df31a6fd552cb677dcb3da3cb628667273fc515b5eb9949cc38002244b325b5c,CABA,2025,29,74.1,0.0,9.7,0.0,16.3,100.0,43.0,12.1,19.3,0.0,26.3,100.7,-0.7,-0.8,-1.5
2026-Q1,2026-08-12,df31a6fd552cb677dcb3da3cb628667273fc515b5eb9949cc38002244b325b5c,Córdoba,2025,30,26.9,0.0,42.3,13.7,17.0,100.0,34.6,20.3,10.7,19.3,13.0,97.8,2.2,-1.7,0.5
2026-Q1,2026-08-12,df31a6fd552cb677dcb3da3cb628667273fc515b5eb9949cc38002244b325b5c,Corrientes,2025,31,12.2,1.0,70.0,13.6,3.2,100.0,47.7,16.6,10.8,17.5,12.3,105.0,-5.0,-0.2,-5.2
2026-Q1,2026-08-12,df31a6fd552cb677dcb3da3cb628667273fc515b5eb9949cc38002244b325b5c,Chaco,2025,32,10.2,0.0,69.9,14.0,5.9,100.0,49.8,19.8,4.1,21.6,5.9,101.3,-1.3,-4.5,-5.8
2026-Q1,2026-08-12,df31a6fd552cb677dcb3da3cb628667273fc515b5eb9949cc38002244b325b5c,Chubut,2025,33,21.6,16.6,33.9,17.6,10.2,100.0,58.1,7.2,7.7,21.3,10.4,104.7,-4.7,-3.5,-8.2
2026-Q1,2026-08-12,df31a6fd552cb677dcb3da3cb628667273fc515b5eb9949cc38002244b325b5c,Entre Ríos,2025,34,20.3,0.6,57.5,16.0,5.7,100.0,46.2,16.8,3.8,26.1,7.1,100.0,0.0,-2.8,-2.8
2026-Q1,2026-08-12,df31a6fd552cb677dcb3da3cb628667273fc515b5eb9949cc38002244b325b5c,Formosa,2025,35,5.9,0.1,74.3,11.1,8.7,100.0,39.7,16.3,13.8,15.9,13.1,98.7,1.3,-0.1,1.2
2026-Q1,2026-08-12,df31a6fd552cb677dcb3da3cb628667273fc515b5eb9949cc38002244b325b5c,Jujuy,2025,36,12.4,1.0,70.1,0.0,16.5,100.0,49.2,28.9,11.0,0.0,7.8,96.9,3.1,-2.1,1.0
2026-Q1,2026-08-12,df31a6fd552cb677dcb3da3cb628667273fc515b5eb9949cc38002244b325b5c,La Rioja,2025,37,11.3,0.0,85.2,0.0,3.4,100.0,51.7,30.0,7.3,0.0,13.2,102.2,-2.2,-0.6,-2.8
2026-Q1,2026-08-12,df31a6fd552cb677dcb3da3cb628667273fc515b5eb9949cc38002244b325b5c,Mendoza,2025,38,30.8,3.8,52.8,0.0,12.5,100.0,44.2,28.6,13.6,0.0,16.5,102.9,-2.9,-2.8,-5.7
2026-Q1,2026-08-12,df31a6fd552cb677dcb3da3cb628667273fc515b5eb9949cc38002244b325b5c,Misiones,2025,39,27.1,0.7,52.7,14.1,5.3,100.0,37.6,41.4,5.8,11.4,5.1,101.3,-1.3,-0.1,-1.4
2026-Q1,2026-08-12,df31a6fd552cb677dcb3da3cb628667273fc515b5eb9949cc38002244b325b5c,Neuquén,2025,40,23.5,31.1,13.8,18.8,12.8,100.0,49.9,12.4,7.6,18.6,9.3,97.9,2.1,-1.2,0.9
2026-Q1,2026-08-12,df31a6fd552cb677dcb3da3cb628667273fc515b5eb9949cc38002244b325b5c,Río Negro,2025,41,28.5,5.2,58.5,0.0,7.8,100.0,66.9,21.4,4.7,0.0,10.1,103.0,-3.0,-1.4,-4.5
2026-Q1,2026-08-12,df31a6fd552cb677dcb3da3cb628667273fc515b5eb9949cc38002244b325b5c,Salta,2025,42,23.2,1.3,69.3,0.0,6.2,100.0,55.5,26.0,5.8,0.0,8.5,95.8,4.2,-2.2,2.0
2026-Q1,2026-08-12,df31a6fd552cb677dcb3da3cb628667273fc515b5eb9949cc38002244b325b5c,San Juan,2025,43,12.6,2.4,74.4,0.0,10.6,100.0,50.5,21.5,13.8,0.0,12.2,97.9,2.1,-0.6,1.5
2026-Q1,2026-08-12,df31a6fd552cb677dcb3da3cb628667273fc515b5eb9949cc38002244b325b5c,San Luis,2025,44,19.2,0.0,72.8,0.0,8.0,100.0,39.7,32.4,14.2,0.0,11.6,97.9,2.1,0.0,2.1
2026-Q1,2026-08-12,df31a6fd552cb677dcb3da3cb628667273fc515b5eb9949cc38002244b325b5c,Santa Cruz,2025,45,16.1,17.3,38.9,14.4,13.2,100.0,52.9,18.5,1.1,29.2,4.4,106.3,-6.3,-0.1,-6.3
2026-Q1,2026-08-12,df31a6fd552cb677dcb3da3cb628667273fc515b5eb9949cc38002244b325b5c,Santa Fe,2025,46,26.9,0.0,48.1,15.7,9.4,100.0,42.1,19.4,11.0,19.0,7.8,99.4,0.6,-0.8,-0.2
2026-Q1,2026-08-12,df31a6fd552cb677dcb3da3cb628667273fc515b5eb9949cc38002244b325b5c,Santiago del Estero,2025,47,7.5,0.0,65.1,0.0,27.4,100.0,30.7,16.5,22.6,0.0,8.7,78.5,21.5,0.0,21.4
2026-Q1,2026-08-12,df31a6fd552cb677dcb3da3cb628667273fc515b5eb9949cc38002244b325b5c,Tierra del Fuego,2025,48,21.6,2.8,49.5,12.9,13.2,100.0,61.5,25.1,3.3,18.6,6.9,115.4,-15.4,-1.0,-16.3
2026-Q1,2026-08-12,df31a6fd552cb677dcb3da3cb628667273fc515b5eb9949cc38002244b325b5c,Tucumán,2025,49,27.5,0.0,67.4,0.0,5.1,100.0,55.0,32.0,4.3,0.0,7.0,98.3,1.7,-1.2,0.5
