provincia,area,indicador,valor_base,unidad_y_lectura,periodo_base,fuente,nota_cobertura,meta,fecha_objetivo,responsable,frecuencia_seguimiento,fuente_seguimiento
Buenos Aires,Seguridad,Víctimas de homicidio doloso,4.44294830150959,"4,4 cada 100.000",2025,https://apis.datos.gob.ar/series/api/series?ids=t_snic_1_victimas_06&start_date=2024-01-01&limit=10,,,,,,
Buenos Aires,Educación,Lengua · satisfactorio o avanzado,57.2,"57,2%",Aprender Secundaria 2024,https://www.argentina.gob.ar/sites/default/files/2025/07/buenos_aires_2024.pdf,"La participación estudiantil fue 61,1%. El ranking conserva esta cobertura visible.",,,,,
Buenos Aires,Educación,Matemática · satisfactorio o avanzado,16.9,"16,9%",Aprender Secundaria 2024,https://www.argentina.gob.ar/sites/default/files/2025/07/buenos_aires_2024.pdf,"La participación estudiantil fue 61,1%. El ranking conserva esta cobertura visible.",,,,,
Buenos Aires,Salud,Mortalidad infantil,8.4,"8,4 cada 1.000",2024,https://www.argentina.gob.ar/sites/default/files/serie_5_nro_68_anuario_vitales_v4_revisada_ok.pdf,,,,,,
CABA,Seguridad,Víctimas de homicidio doloso,2.53273560772991,"2,5 cada 100.000",2025,https://apis.datos.gob.ar/series/api/series?ids=t_snic_1_victimas_02&start_date=2024-01-01&limit=10,,,,,,
CABA,Educación,Lengua · satisfactorio o avanzado,71.2,"71,2%",Aprender Secundaria 2024,https://www.argentina.gob.ar/sites/default/files/2025/07/ciudad_autonoma_de_buenos_aires_2024.pdf,"La participación estudiantil fue 67,9%. El ranking conserva esta cobertura visible.",,,,,
CABA,Educación,Matemática · satisfactorio o avanzado,34.8,"34,8%",Aprender Secundaria 2024,https://www.argentina.gob.ar/sites/default/files/2025/07/ciudad_autonoma_de_buenos_aires_2024.pdf,"La participación estudiantil fue 67,9%. El ranking conserva esta cobertura visible.",,,,,
CABA,Salud,Mortalidad infantil,4.9,"4,9 cada 1.000",2024,https://www.argentina.gob.ar/sites/default/files/serie_5_nro_68_anuario_vitales_v4_revisada_ok.pdf,,,,,,
Catamarca,Seguridad,Víctimas de homicidio doloso,1.36666788148256,"1,4 cada 100.000",2025,https://apis.datos.gob.ar/series/api/series?ids=t_snic_1_victimas_10&start_date=2024-01-01&limit=10,,,,,,
Catamarca,Educación,Lengua · satisfactorio o avanzado,45.4,"45,4%",Aprender Secundaria 2024,https://www.argentina.gob.ar/sites/default/files/2025/07/catamarca_2024.pdf,"La participación estudiantil fue 70,5%. El ranking conserva esta cobertura visible.",,,,,
Catamarca,Educación,Matemática · satisfactorio o avanzado,8.6,"8,6%",Aprender Secundaria 2024,https://www.argentina.gob.ar/sites/default/files/2025/07/catamarca_2024.pdf,"La participación estudiantil fue 70,5%. El ranking conserva esta cobertura visible.",,,,,
Catamarca,Salud,Mortalidad infantil,8.0,"8,0 cada 1.000",2024,https://www.argentina.gob.ar/sites/default/files/serie_5_nro_68_anuario_vitales_v4_revisada_ok.pdf,,,,,,
Chaco,Seguridad,Víctimas de homicidio doloso,4.30603308358341,"4,3 cada 100.000",2025,https://apis.datos.gob.ar/series/api/series?ids=t_snic_1_victimas_22&start_date=2024-01-01&limit=10,,,,,,
Chaco,Educación,Lengua · satisfactorio o avanzado,43.9,"43,9%",Aprender Secundaria 2024,https://www.argentina.gob.ar/sites/default/files/2025/07/chaco_2024.pdf,"La participación estudiantil fue 67,6%. El ranking conserva esta cobertura visible.",,,,,
Chaco,Educación,Matemática · satisfactorio o avanzado,8.2,"8,2%",Aprender Secundaria 2024,https://www.argentina.gob.ar/sites/default/files/2025/07/chaco_2024.pdf,"La participación estudiantil fue 67,6%. El ranking conserva esta cobertura visible.",,,,,
Chaco,Salud,Mortalidad infantil,11.8,"11,8 cada 1.000",2024,https://www.argentina.gob.ar/sites/default/files/serie_5_nro_68_anuario_vitales_v4_revisada_ok.pdf,,,,,,
Chubut,Seguridad,Víctimas de homicidio doloso,3.48635672402,"3,5 cada 100.000",2025,https://apis.datos.gob.ar/series/api/series?ids=t_snic_1_victimas_26&start_date=2024-01-01&limit=10,,,,,,
Chubut,Educación,Lengua · satisfactorio o avanzado,60.2,"60,2%",Aprender Secundaria 2024,https://www.argentina.gob.ar/sites/default/files/2025/07/chubut_2024.pdf,"La participación estudiantil fue 64,2%. El ranking conserva esta cobertura visible.",,,,,
Chubut,Educación,Matemática · satisfactorio o avanzado,17.6,"17,6%",Aprender Secundaria 2024,https://www.argentina.gob.ar/sites/default/files/2025/07/chubut_2024.pdf,"La participación estudiantil fue 64,2%. El ranking conserva esta cobertura visible.",,,,,
Chubut,Salud,Mortalidad infantil,5.3,"5,3 cada 1.000",2024,https://www.argentina.gob.ar/sites/default/files/serie_5_nro_68_anuario_vitales_v4_revisada_ok.pdf,,,,,,
Corrientes,Seguridad,Víctimas de homicidio doloso,0.913693356203355,"0,9 cada 100.000",2025,https://apis.datos.gob.ar/series/api/series?ids=t_snic_1_victimas_18&start_date=2024-01-01&limit=10,,,,,,
Corrientes,Educación,Lengua · satisfactorio o avanzado,51.3,"51,3%",Aprender Secundaria 2024,https://www.argentina.gob.ar/sites/default/files/2025/07/corrientes_2024.pdf,"La participación estudiantil fue 79,7%. El ranking conserva esta cobertura visible.",,,,,
Corrientes,Educación,Matemática · satisfactorio o avanzado,10.7,"10,7%",Aprender Secundaria 2024,https://www.argentina.gob.ar/sites/default/files/2025/07/corrientes_2024.pdf,"La participación estudiantil fue 79,7%. El ranking conserva esta cobertura visible.",,,,,
Corrientes,Salud,Mortalidad infantil,14.0,"14,0 cada 1.000",2024,https://www.argentina.gob.ar/sites/default/files/serie_5_nro_68_anuario_vitales_v4_revisada_ok.pdf,,,,,,
Córdoba,Seguridad,Víctimas de homicidio doloso,2.42573400563225,"2,4 cada 100.000",2025,https://apis.datos.gob.ar/series/api/series?ids=t_snic_1_victimas_14&start_date=2024-01-01&limit=10,,,,,,
Córdoba,Educación,Lengua · satisfactorio o avanzado,63.7,"63,7%",Aprender Secundaria 2024,https://www.argentina.gob.ar/sites/default/files/2025/07/cordoba_2024.pdf,"La participación estudiantil fue 88,8%. El ranking conserva esta cobertura visible.",,,,,
Córdoba,Educación,Matemática · satisfactorio o avanzado,24.1,"24,1%",Aprender Secundaria 2024,https://www.argentina.gob.ar/sites/default/files/2025/07/cordoba_2024.pdf,"La participación estudiantil fue 88,8%. El ranking conserva esta cobertura visible.",,,,,
Córdoba,Salud,Mortalidad infantil,6.8,"6,8 cada 1.000",2024,https://www.argentina.gob.ar/sites/default/files/serie_5_nro_68_anuario_vitales_v4_revisada_ok.pdf,,,,,,
Entre Ríos,Seguridad,Víctimas de homicidio doloso,2.33007260232103,"2,3 cada 100.000",2025,https://apis.datos.gob.ar/series/api/series?ids=t_snic_1_victimas_30&start_date=2024-01-01&limit=10,,,,,,
Entre Ríos,Educación,Lengua · satisfactorio o avanzado,61.3,"61,3%",Aprender Secundaria 2024,https://www.argentina.gob.ar/sites/default/files/2025/07/entre_rios_2024.pdf,"La participación estudiantil fue 73,2%. El ranking conserva esta cobertura visible.",,,,,
Entre Ríos,Educación,Matemática · satisfactorio o avanzado,18.2,"18,2%",Aprender Secundaria 2024,https://www.argentina.gob.ar/sites/default/files/2025/07/entre_rios_2024.pdf,"La participación estudiantil fue 73,2%. El ranking conserva esta cobertura visible.",,,,,
Entre Ríos,Salud,Mortalidad infantil,8.8,"8,8 cada 1.000",2024,https://www.argentina.gob.ar/sites/default/files/serie_5_nro_68_anuario_vitales_v4_revisada_ok.pdf,,,,,,
Formosa,Seguridad,Víctimas de homicidio doloso,3.0320003702232,"3,0 cada 100.000",2025,https://apis.datos.gob.ar/series/api/series?ids=t_snic_1_victimas_34&start_date=2024-01-01&limit=10,,,,,,
Formosa,Educación,Lengua · satisfactorio o avanzado,46.2,"46,2%",Aprender Secundaria 2024,https://www.argentina.gob.ar/sites/default/files/2025/07/formosa_2024.pdf,"La participación estudiantil fue 77,5%. El ranking conserva esta cobertura visible.",,,,,
Formosa,Educación,Matemática · satisfactorio o avanzado,11.4,"11,4%",Aprender Secundaria 2024,https://www.argentina.gob.ar/sites/default/files/2025/07/formosa_2024.pdf,"La participación estudiantil fue 77,5%. El ranking conserva esta cobertura visible.",,,,,
Formosa,Salud,Mortalidad infantil,10.7,"10,7 cada 1.000",2024,https://www.argentina.gob.ar/sites/default/files/serie_5_nro_68_anuario_vitales_v4_revisada_ok.pdf,,,,,,
Jujuy,Seguridad,Víctimas de homicidio doloso,3.74651574036146,"3,7 cada 100.000",2025,https://apis.datos.gob.ar/series/api/series?ids=t_snic_1_victimas_38&start_date=2024-01-01&limit=10,,,,,,
Jujuy,Educación,Lengua · satisfactorio o avanzado,52.7,"52,7%",Aprender Secundaria 2024,https://www.argentina.gob.ar/sites/default/files/2025/07/jujuy_2024.pdf,"La participación estudiantil fue 76,8%. El ranking conserva esta cobertura visible.",,,,,
Jujuy,Educación,Matemática · satisfactorio o avanzado,15.9,"15,9%",Aprender Secundaria 2024,https://www.argentina.gob.ar/sites/default/files/2025/07/jujuy_2024.pdf,"La participación estudiantil fue 76,8%. El ranking conserva esta cobertura visible.",,,,,
Jujuy,Salud,Mortalidad infantil,6.0,"6,0 cada 1.000",2024,https://www.argentina.gob.ar/sites/default/files/serie_5_nro_68_anuario_vitales_v4_revisada_ok.pdf,,,,,,
La Pampa,Seguridad,Víctimas de homicidio doloso,1.59238204430007,"1,6 cada 100.000",2025,https://apis.datos.gob.ar/series/api/series?ids=t_snic_1_victimas_42&start_date=2024-01-01&limit=10,,,,,,
La Pampa,Educación,Lengua · satisfactorio o avanzado,62.7,"62,7%",Aprender Secundaria 2024,https://www.argentina.gob.ar/sites/default/files/2025/07/la_pampa_2024.pdf,"La participación estudiantil fue 81,3%. El ranking conserva esta cobertura visible.",,,,,
La Pampa,Educación,Matemática · satisfactorio o avanzado,19.6,"19,6%",Aprender Secundaria 2024,https://www.argentina.gob.ar/sites/default/files/2025/07/la_pampa_2024.pdf,"La participación estudiantil fue 81,3%. El ranking conserva esta cobertura visible.",,,,,
La Pampa,Salud,Mortalidad infantil,6.6,"6,6 cada 1.000",2024,https://www.argentina.gob.ar/sites/default/files/serie_5_nro_68_anuario_vitales_v4_revisada_ok.pdf,,,,,,
La Rioja,Seguridad,Víctimas de homicidio doloso,2.72562608870178,"2,7 cada 100.000",2025,https://apis.datos.gob.ar/series/api/series?ids=t_snic_1_victimas_46&start_date=2024-01-01&limit=10,,,,,,
La Rioja,Educación,Lengua · satisfactorio o avanzado,49.6,"49,6%",Aprender Secundaria 2024,https://www.argentina.gob.ar/sites/default/files/2025/07/la_rioja_2024.pdf,"La participación estudiantil fue 85,9%. El ranking conserva esta cobertura visible.",,,,,
La Rioja,Educación,Matemática · satisfactorio o avanzado,9.2,"9,2%",Aprender Secundaria 2024,https://www.argentina.gob.ar/sites/default/files/2025/07/la_rioja_2024.pdf,"La participación estudiantil fue 85,9%. El ranking conserva esta cobertura visible.",,,,,
La Rioja,Salud,Mortalidad infantil,11.7,"11,7 cada 1.000",2024,https://www.argentina.gob.ar/sites/default/files/serie_5_nro_68_anuario_vitales_v4_revisada_ok.pdf,,,,,,
Mendoza,Seguridad,Víctimas de homicidio doloso,3.17509785407348,"3,2 cada 100.000",2025,https://apis.datos.gob.ar/series/api/series?ids=t_snic_1_victimas_50&start_date=2024-01-01&limit=10,,,,,,
Mendoza,Educación,Lengua · satisfactorio o avanzado,55.8,"55,8%",Aprender Secundaria 2024,https://www.argentina.gob.ar/sites/default/files/2025/07/mendoza_2024.pdf,"La participación estudiantil fue 81,0%. El ranking conserva esta cobertura visible.",,,,,
Mendoza,Educación,Matemática · satisfactorio o avanzado,17.3,"17,3%",Aprender Secundaria 2024,https://www.argentina.gob.ar/sites/default/files/2025/07/mendoza_2024.pdf,"La participación estudiantil fue 81,0%. El ranking conserva esta cobertura visible.",,,,,
Mendoza,Salud,Mortalidad infantil,7.6,"7,6 cada 1.000",2024,https://www.argentina.gob.ar/sites/default/files/serie_5_nro_68_anuario_vitales_v4_revisada_ok.pdf,,,,,,
Misiones,Seguridad,Víctimas de homicidio doloso,3.34729776370756,"3,3 cada 100.000",2025,https://apis.datos.gob.ar/series/api/series?ids=t_snic_1_victimas_54&start_date=2024-01-01&limit=10,,,,,,
Misiones,Educación,Lengua · satisfactorio o avanzado,51.6,"51,6%",Aprender Secundaria 2024,https://www.argentina.gob.ar/sites/default/files/2025/07/misiones_2024.pdf,"La participación estudiantil fue 75,7%. El ranking conserva esta cobertura visible.",,,,,
Misiones,Educación,Matemática · satisfactorio o avanzado,10.8,"10,8%",Aprender Secundaria 2024,https://www.argentina.gob.ar/sites/default/files/2025/07/misiones_2024.pdf,"La participación estudiantil fue 75,7%. El ranking conserva esta cobertura visible.",,,,,
Misiones,Salud,Mortalidad infantil,9.5,"9,5 cada 1.000",2024,https://www.argentina.gob.ar/sites/default/files/serie_5_nro_68_anuario_vitales_v4_revisada_ok.pdf,,,,,,
Neuquén,Seguridad,Víctimas de homicidio doloso,5.6913900651095,"5,7 cada 100.000",2025,https://apis.datos.gob.ar/series/api/series?ids=t_snic_1_victimas_58&start_date=2024-01-01&limit=10,,,,,,
Neuquén,Educación,Lengua · satisfactorio o avanzado,58.0,"58,0%",Aprender Secundaria 2024,https://www.argentina.gob.ar/sites/default/files/2025/07/neuquen_2024.pdf,"La participación estudiantil fue 42,5%. Se muestra el dato, pero se excluye del ranking por baja participación.",,,,,
Neuquén,Educación,Matemática · satisfactorio o avanzado,17.8,"17,8%",Aprender Secundaria 2024,https://www.argentina.gob.ar/sites/default/files/2025/07/neuquen_2024.pdf,"La participación estudiantil fue 42,5%. Se muestra el dato, pero se excluye del ranking por baja participación.",,,,,
Neuquén,Salud,Mortalidad infantil,7.1,"7,1 cada 1.000",2024,https://www.argentina.gob.ar/sites/default/files/serie_5_nro_68_anuario_vitales_v4_revisada_ok.pdf,,,,,,
Río Negro,Seguridad,Víctimas de homicidio doloso,3.16994185058669,"3,2 cada 100.000",2025,https://apis.datos.gob.ar/series/api/series?ids=t_snic_1_victimas_62&start_date=2024-01-01&limit=10,,,,,,
Río Negro,Educación,Lengua · satisfactorio o avanzado,58.7,"58,7%",Aprender Secundaria 2024,https://www.argentina.gob.ar/sites/default/files/2025/07/rio_negro_2024.pdf,"La participación estudiantil fue 65,4%. El ranking conserva esta cobertura visible.",,,,,
Río Negro,Educación,Matemática · satisfactorio o avanzado,19.6,"19,6%",Aprender Secundaria 2024,https://www.argentina.gob.ar/sites/default/files/2025/07/rio_negro_2024.pdf,"La participación estudiantil fue 65,4%. El ranking conserva esta cobertura visible.",,,,,
Río Negro,Salud,Mortalidad infantil,8.3,"8,3 cada 1.000",2024,https://www.argentina.gob.ar/sites/default/files/serie_5_nro_68_anuario_vitales_v4_revisada_ok.pdf,,,,,,
Salta,Seguridad,Víctimas de homicidio doloso,3.16175327964631,"3,2 cada 100.000",2025,https://apis.datos.gob.ar/series/api/series?ids=t_snic_1_victimas_66&start_date=2024-01-01&limit=10,,,,,,
Salta,Educación,Lengua · satisfactorio o avanzado,55.8,"55,8%",Aprender Secundaria 2024,https://www.argentina.gob.ar/sites/default/files/2025/07/salta_2024.pdf,"La participación estudiantil fue 86,5%. El ranking conserva esta cobertura visible.",,,,,
Salta,Educación,Matemática · satisfactorio o avanzado,16.6,"16,6%",Aprender Secundaria 2024,https://www.argentina.gob.ar/sites/default/files/2025/07/salta_2024.pdf,"La participación estudiantil fue 86,5%. El ranking conserva esta cobertura visible.",,,,,
Salta,Salud,Mortalidad infantil,10.1,"10,1 cada 1.000",2024,https://www.argentina.gob.ar/sites/default/files/serie_5_nro_68_anuario_vitales_v4_revisada_ok.pdf,,,,,,
San Juan,Seguridad,Víctimas de homicidio doloso,1.41323280537311,"1,4 cada 100.000",2025,https://apis.datos.gob.ar/series/api/series?ids=t_snic_1_victimas_70&start_date=2024-01-01&limit=10,,,,,,
San Juan,Educación,Lengua · satisfactorio o avanzado,49.8,"49,8%",Aprender Secundaria 2024,https://www.argentina.gob.ar/sites/default/files/2025/07/san_juan_2024.pdf,"La participación estudiantil fue 84,3%. El ranking conserva esta cobertura visible.",,,,,
San Juan,Educación,Matemática · satisfactorio o avanzado,11.2,"11,2%",Aprender Secundaria 2024,https://www.argentina.gob.ar/sites/default/files/2025/07/san_juan_2024.pdf,"La participación estudiantil fue 84,3%. El ranking conserva esta cobertura visible.",,,,,
San Juan,Salud,Mortalidad infantil,9.2,"9,2 cada 1.000",2024,https://www.argentina.gob.ar/sites/default/files/serie_5_nro_68_anuario_vitales_v4_revisada_ok.pdf,,,,,,
San Luis,Seguridad,Víctimas de homicidio doloso,1.30554876877426,"1,3 cada 100.000",2025,https://apis.datos.gob.ar/series/api/series?ids=t_snic_1_victimas_74&start_date=2024-01-01&limit=10,,,,,,
San Luis,Educación,Lengua · satisfactorio o avanzado,53.5,"53,5%",Aprender Secundaria 2024,https://www.argentina.gob.ar/sites/default/files/2025/07/san_luis_2024.pdf,"La participación estudiantil fue 81,3%. El ranking conserva esta cobertura visible.",,,,,
San Luis,Educación,Matemática · satisfactorio o avanzado,13.5,"13,5%",Aprender Secundaria 2024,https://www.argentina.gob.ar/sites/default/files/2025/07/san_luis_2024.pdf,"La participación estudiantil fue 81,3%. El ranking conserva esta cobertura visible.",,,,,
San Luis,Salud,Mortalidad infantil,6.3,"6,3 cada 1.000",2024,https://www.argentina.gob.ar/sites/default/files/serie_5_nro_68_anuario_vitales_v4_revisada_ok.pdf,,,,,,
Santa Cruz,Seguridad,Víctimas de homicidio doloso,4.47824023071894,"4,5 cada 100.000",2025,https://apis.datos.gob.ar/series/api/series?ids=t_snic_1_victimas_78&start_date=2024-01-01&limit=10,,,,,,
Santa Cruz,Educación,Lengua · satisfactorio o avanzado,55.6,"55,6%",Aprender Secundaria 2024,https://www.argentina.gob.ar/sites/default/files/2025/07/santa_cruz_2024.pdf,"La participación estudiantil fue 49,8%. Se muestra el dato, pero se excluye del ranking por baja participación.",,,,,
Santa Cruz,Educación,Matemática · satisfactorio o avanzado,12.6,"12,6%",Aprender Secundaria 2024,https://www.argentina.gob.ar/sites/default/files/2025/07/santa_cruz_2024.pdf,"La participación estudiantil fue 49,8%. Se muestra el dato, pero se excluye del ranking por baja participación.",,,,,
Santa Cruz,Salud,Mortalidad infantil,7.0,"7,0 cada 1.000",2024,https://www.argentina.gob.ar/sites/default/files/serie_5_nro_68_anuario_vitales_v4_revisada_ok.pdf,,,,,,
Santa Fe,Seguridad,Víctimas de homicidio doloso,5.64522629622402,"5,6 cada 100.000",2025,https://apis.datos.gob.ar/series/api/series?ids=t_snic_1_victimas_82&start_date=2024-01-01&limit=10,,,,,,
Santa Fe,Educación,Lengua · satisfactorio o avanzado,57.0,"57,0%",Aprender Secundaria 2024,https://www.argentina.gob.ar/sites/default/files/2025/07/santa_fe_2024.pdf,"La participación estudiantil fue 77,0%. El ranking conserva esta cobertura visible.",,,,,
Santa Fe,Educación,Matemática · satisfactorio o avanzado,19.6,"19,6%",Aprender Secundaria 2024,https://www.argentina.gob.ar/sites/default/files/2025/07/santa_fe_2024.pdf,"La participación estudiantil fue 77,0%. El ranking conserva esta cobertura visible.",,,,,
Santa Fe,Salud,Mortalidad infantil,8.2,"8,2 cada 1.000",2024,https://www.argentina.gob.ar/sites/default/files/serie_5_nro_68_anuario_vitales_v4_revisada_ok.pdf,,,,,,
Santiago del Estero,Seguridad,Víctimas de homicidio doloso,1.98717985113184,"2,0 cada 100.000",2025,https://apis.datos.gob.ar/series/api/series?ids=t_snic_1_victimas_86&start_date=2024-01-01&limit=10,,,,,,
Santiago del Estero,Educación,Lengua · satisfactorio o avanzado,43.0,"43,0%",Aprender Secundaria 2024,https://www.argentina.gob.ar/sites/default/files/2025/07/santiago_del_estero_2024.pdf,"La participación estudiantil fue 82,7%. El ranking conserva esta cobertura visible.",,,,,
Santiago del Estero,Educación,Matemática · satisfactorio o avanzado,8.6,"8,6%",Aprender Secundaria 2024,https://www.argentina.gob.ar/sites/default/files/2025/07/santiago_del_estero_2024.pdf,"La participación estudiantil fue 82,7%. El ranking conserva esta cobertura visible.",,,,,
Santiago del Estero,Salud,Mortalidad infantil,10.7,"10,7 cada 1.000",2024,https://www.argentina.gob.ar/sites/default/files/serie_5_nro_68_anuario_vitales_v4_revisada_ok.pdf,,,,,,
Tierra del Fuego,Seguridad,Víctimas de homicidio doloso,2.74720746361324,"2,7 cada 100.000",2025,https://apis.datos.gob.ar/series/api/series?ids=t_snic_1_victimas_94&start_date=2024-01-01&limit=10,,,,,,
Tierra del Fuego,Educación,Lengua · satisfactorio o avanzado,59.5,"59,5%",Aprender Secundaria 2024,https://www.argentina.gob.ar/sites/default/files/2025/07/tierra_del_fuego_2024.pdf,"La participación estudiantil fue 68,8%. El ranking conserva esta cobertura visible.",,,,,
Tierra del Fuego,Educación,Matemática · satisfactorio o avanzado,17.4,"17,4%",Aprender Secundaria 2024,https://www.argentina.gob.ar/sites/default/files/2025/07/tierra_del_fuego_2024.pdf,"La participación estudiantil fue 68,8%. El ranking conserva esta cobertura visible.",,,,,
Tierra del Fuego,Salud,Mortalidad infantil,5.6,"5,6 cada 1.000",2024,https://www.argentina.gob.ar/sites/default/files/serie_5_nro_68_anuario_vitales_v4_revisada_ok.pdf,,,,,,
Tucumán,Seguridad,Víctimas de homicidio doloso,2.65002675399351,"2,7 cada 100.000",2025,https://apis.datos.gob.ar/series/api/series?ids=t_snic_1_victimas_90&start_date=2024-01-01&limit=10,,,,,,
Tucumán,Educación,Lengua · satisfactorio o avanzado,48.8,"48,8%",Aprender Secundaria 2024,https://www.argentina.gob.ar/sites/default/files/2025/07/tucuman_2024.pdf,"La participación estudiantil fue 78,3%. El ranking conserva esta cobertura visible.",,,,,
Tucumán,Educación,Matemática · satisfactorio o avanzado,12.8,"12,8%",Aprender Secundaria 2024,https://www.argentina.gob.ar/sites/default/files/2025/07/tucuman_2024.pdf,"La participación estudiantil fue 78,3%. El ranking conserva esta cobertura visible.",,,,,
Tucumán,Salud,Mortalidad infantil,10.2,"10,2 cada 1.000",2024,https://www.argentina.gob.ar/sites/default/files/serie_5_nro_68_anuario_vitales_v4_revisada_ok.pdf,,,,,,
