provincia,indicador,id,area,valor_base,periodo_base,unidad,referencia_mediana,universo_referencia,meta_propuesta,estado,criterio,horizonte,responsable_funcional,seguimiento,fuente,nota_cobertura
Buenos Aires,Víctimas de homicidio doloso,homicide_rate,Seguridad,4.44294830150959,2025,cada 100.000 habitantes,2.88960391691822,24,3.67,Propuesta para discutir; no aprobada,Cerrar la mitad de la brecha con la mediana,48 meses desde la asunción; actualizar la base al inicio,Área provincial de Seguridad,Anual; sujeto a publicación de la fuente,https://apis.datos.gob.ar/series/api/series?ids=t_snic_1_victimas_06&start_date=2024-01-01&limit=10,
Buenos Aires,Lengua · satisfactorio o avanzado,language_high,Educación,57.2,Aprender Secundaria 2024,%,54.65,22,57.2,Propuesta para discutir; no aprobada,Sostener el resultado de base,48 meses desde la asunción; actualizar la base al inicio,Área provincial de Educación,Anual; sujeto a publicación de la fuente,https://www.argentina.gob.ar/sites/default/files/2025/07/buenos_aires_2024.pdf,"La participación estudiantil fue 61,1%. El ranking conserva esta cobertura visible."
Buenos Aires,Matemática · satisfactorio o avanzado,math_high,Educación,16.9,Aprender Secundaria 2024,%,16.25,22,16.9,Propuesta para discutir; no aprobada,Sostener el resultado de base,48 meses desde la asunción; actualizar la base al inicio,Área provincial de Educación,Anual; sujeto a publicación de la fuente,https://www.argentina.gob.ar/sites/default/files/2025/07/buenos_aires_2024.pdf,"La participación estudiantil fue 61,1%. El ranking conserva esta cobertura visible."
Buenos Aires,Mortalidad infantil,infant_mortality,Salud,8.4,2024,cada 1.000 nacidos vivos,8.25,24,8.32,Propuesta para discutir; no aprobada,Cerrar la mitad de la brecha con la mediana,48 meses desde la asunción; actualizar la base al inicio,Área provincial de Salud,Anual; sujeto a publicación de la fuente,https://www.argentina.gob.ar/sites/default/files/serie_5_nro_68_anuario_vitales_v4_revisada_ok.pdf,
CABA,Víctimas de homicidio doloso,homicide_rate,Seguridad,2.53273560772991,2025,cada 100.000 habitantes,2.88960391691822,24,2.53,Propuesta para discutir; no aprobada,Sostener el resultado de base,48 meses desde la asunción; actualizar la base al inicio,Área provincial de Seguridad,Anual; sujeto a publicación de la fuente,https://apis.datos.gob.ar/series/api/series?ids=t_snic_1_victimas_02&start_date=2024-01-01&limit=10,
CABA,Lengua · satisfactorio o avanzado,language_high,Educación,71.2,Aprender Secundaria 2024,%,54.65,22,71.2,Propuesta para discutir; no aprobada,Sostener el resultado de base,48 meses desde la asunción; actualizar la base al inicio,Área provincial de Educación,Anual; sujeto a publicación de la fuente,https://www.argentina.gob.ar/sites/default/files/2025/07/ciudad_autonoma_de_buenos_aires_2024.pdf,"La participación estudiantil fue 67,9%. El ranking conserva esta cobertura visible."
CABA,Matemática · satisfactorio o avanzado,math_high,Educación,34.8,Aprender Secundaria 2024,%,16.25,22,34.8,Propuesta para discutir; no aprobada,Sostener el resultado de base,48 meses desde la asunción; actualizar la base al inicio,Área provincial de Educación,Anual; sujeto a publicación de la fuente,https://www.argentina.gob.ar/sites/default/files/2025/07/ciudad_autonoma_de_buenos_aires_2024.pdf,"La participación estudiantil fue 67,9%. El ranking conserva esta cobertura visible."
CABA,Mortalidad infantil,infant_mortality,Salud,4.9,2024,cada 1.000 nacidos vivos,8.25,24,4.9,Propuesta para discutir; no aprobada,Sostener el resultado de base,48 meses desde la asunción; actualizar la base al inicio,Área provincial de Salud,Anual; sujeto a publicación de la fuente,https://www.argentina.gob.ar/sites/default/files/serie_5_nro_68_anuario_vitales_v4_revisada_ok.pdf,
Catamarca,Víctimas de homicidio doloso,homicide_rate,Seguridad,1.36666788148256,2025,cada 100.000 habitantes,2.88960391691822,24,1.37,Propuesta para discutir; no aprobada,Sostener el resultado de base,48 meses desde la asunción; actualizar la base al inicio,Área provincial de Seguridad,Anual; sujeto a publicación de la fuente,https://apis.datos.gob.ar/series/api/series?ids=t_snic_1_victimas_10&start_date=2024-01-01&limit=10,
Catamarca,Lengua · satisfactorio o avanzado,language_high,Educación,45.4,Aprender Secundaria 2024,%,54.65,22,50.02,Propuesta para discutir; no aprobada,Cerrar la mitad de la brecha con la mediana,48 meses desde la asunción; actualizar la base al inicio,Área provincial de Educación,Anual; sujeto a publicación de la fuente,https://www.argentina.gob.ar/sites/default/files/2025/07/catamarca_2024.pdf,"La participación estudiantil fue 70,5%. El ranking conserva esta cobertura visible."
Catamarca,Matemática · satisfactorio o avanzado,math_high,Educación,8.6,Aprender Secundaria 2024,%,16.25,22,12.43,Propuesta para discutir; no aprobada,Cerrar la mitad de la brecha con la mediana,48 meses desde la asunción; actualizar la base al inicio,Área provincial de Educación,Anual; sujeto a publicación de la fuente,https://www.argentina.gob.ar/sites/default/files/2025/07/catamarca_2024.pdf,"La participación estudiantil fue 70,5%. El ranking conserva esta cobertura visible."
Catamarca,Mortalidad infantil,infant_mortality,Salud,8.0,2024,cada 1.000 nacidos vivos,8.25,24,8.0,Propuesta para discutir; no aprobada,Sostener el resultado de base,48 meses desde la asunción; actualizar la base al inicio,Área provincial de Salud,Anual; sujeto a publicación de la fuente,https://www.argentina.gob.ar/sites/default/files/serie_5_nro_68_anuario_vitales_v4_revisada_ok.pdf,
Chaco,Víctimas de homicidio doloso,homicide_rate,Seguridad,4.30603308358341,2025,cada 100.000 habitantes,2.88960391691822,24,3.6,Propuesta para discutir; no aprobada,Cerrar la mitad de la brecha con la mediana,48 meses desde la asunción; actualizar la base al inicio,Área provincial de Seguridad,Anual; sujeto a publicación de la fuente,https://apis.datos.gob.ar/series/api/series?ids=t_snic_1_victimas_22&start_date=2024-01-01&limit=10,
Chaco,Lengua · satisfactorio o avanzado,language_high,Educación,43.9,Aprender Secundaria 2024,%,54.65,22,49.27,Propuesta para discutir; no aprobada,Cerrar la mitad de la brecha con la mediana,48 meses desde la asunción; actualizar la base al inicio,Área provincial de Educación,Anual; sujeto a publicación de la fuente,https://www.argentina.gob.ar/sites/default/files/2025/07/chaco_2024.pdf,"La participación estudiantil fue 67,6%. El ranking conserva esta cobertura visible."
Chaco,Matemática · satisfactorio o avanzado,math_high,Educación,8.2,Aprender Secundaria 2024,%,16.25,22,12.22,Propuesta para discutir; no aprobada,Cerrar la mitad de la brecha con la mediana,48 meses desde la asunción; actualizar la base al inicio,Área provincial de Educación,Anual; sujeto a publicación de la fuente,https://www.argentina.gob.ar/sites/default/files/2025/07/chaco_2024.pdf,"La participación estudiantil fue 67,6%. El ranking conserva esta cobertura visible."
Chaco,Mortalidad infantil,infant_mortality,Salud,11.8,2024,cada 1.000 nacidos vivos,8.25,24,10.03,Propuesta para discutir; no aprobada,Cerrar la mitad de la brecha con la mediana,48 meses desde la asunción; actualizar la base al inicio,Área provincial de Salud,Anual; sujeto a publicación de la fuente,https://www.argentina.gob.ar/sites/default/files/serie_5_nro_68_anuario_vitales_v4_revisada_ok.pdf,
Chubut,Víctimas de homicidio doloso,homicide_rate,Seguridad,3.48635672402,2025,cada 100.000 habitantes,2.88960391691822,24,3.19,Propuesta para discutir; no aprobada,Cerrar la mitad de la brecha con la mediana,48 meses desde la asunción; actualizar la base al inicio,Área provincial de Seguridad,Anual; sujeto a publicación de la fuente,https://apis.datos.gob.ar/series/api/series?ids=t_snic_1_victimas_26&start_date=2024-01-01&limit=10,
Chubut,Lengua · satisfactorio o avanzado,language_high,Educación,60.2,Aprender Secundaria 2024,%,54.65,22,60.2,Propuesta para discutir; no aprobada,Sostener el resultado de base,48 meses desde la asunción; actualizar la base al inicio,Área provincial de Educación,Anual; sujeto a publicación de la fuente,https://www.argentina.gob.ar/sites/default/files/2025/07/chubut_2024.pdf,"La participación estudiantil fue 64,2%. El ranking conserva esta cobertura visible."
Chubut,Matemática · satisfactorio o avanzado,math_high,Educación,17.6,Aprender Secundaria 2024,%,16.25,22,17.6,Propuesta para discutir; no aprobada,Sostener el resultado de base,48 meses desde la asunción; actualizar la base al inicio,Área provincial de Educación,Anual; sujeto a publicación de la fuente,https://www.argentina.gob.ar/sites/default/files/2025/07/chubut_2024.pdf,"La participación estudiantil fue 64,2%. El ranking conserva esta cobertura visible."
Chubut,Mortalidad infantil,infant_mortality,Salud,5.3,2024,cada 1.000 nacidos vivos,8.25,24,5.3,Propuesta para discutir; no aprobada,Sostener el resultado de base,48 meses desde la asunción; actualizar la base al inicio,Área provincial de Salud,Anual; sujeto a publicación de la fuente,https://www.argentina.gob.ar/sites/default/files/serie_5_nro_68_anuario_vitales_v4_revisada_ok.pdf,
Corrientes,Víctimas de homicidio doloso,homicide_rate,Seguridad,0.913693356203355,2025,cada 100.000 habitantes,2.88960391691822,24,0.91,Propuesta para discutir; no aprobada,Sostener el resultado de base,48 meses desde la asunción; actualizar la base al inicio,Área provincial de Seguridad,Anual; sujeto a publicación de la fuente,https://apis.datos.gob.ar/series/api/series?ids=t_snic_1_victimas_18&start_date=2024-01-01&limit=10,
Corrientes,Lengua · satisfactorio o avanzado,language_high,Educación,51.3,Aprender Secundaria 2024,%,54.65,22,52.97,Propuesta para discutir; no aprobada,Cerrar la mitad de la brecha con la mediana,48 meses desde la asunción; actualizar la base al inicio,Área provincial de Educación,Anual; sujeto a publicación de la fuente,https://www.argentina.gob.ar/sites/default/files/2025/07/corrientes_2024.pdf,"La participación estudiantil fue 79,7%. El ranking conserva esta cobertura visible."
Corrientes,Matemática · satisfactorio o avanzado,math_high,Educación,10.7,Aprender Secundaria 2024,%,16.25,22,13.47,Propuesta para discutir; no aprobada,Cerrar la mitad de la brecha con la mediana,48 meses desde la asunción; actualizar la base al inicio,Área provincial de Educación,Anual; sujeto a publicación de la fuente,https://www.argentina.gob.ar/sites/default/files/2025/07/corrientes_2024.pdf,"La participación estudiantil fue 79,7%. El ranking conserva esta cobertura visible."
Corrientes,Mortalidad infantil,infant_mortality,Salud,14.0,2024,cada 1.000 nacidos vivos,8.25,24,11.12,Propuesta para discutir; no aprobada,Cerrar la mitad de la brecha con la mediana,48 meses desde la asunción; actualizar la base al inicio,Área provincial de Salud,Anual; sujeto a publicación de la fuente,https://www.argentina.gob.ar/sites/default/files/serie_5_nro_68_anuario_vitales_v4_revisada_ok.pdf,
Córdoba,Víctimas de homicidio doloso,homicide_rate,Seguridad,2.42573400563225,2025,cada 100.000 habitantes,2.88960391691822,24,2.43,Propuesta para discutir; no aprobada,Sostener el resultado de base,48 meses desde la asunción; actualizar la base al inicio,Área provincial de Seguridad,Anual; sujeto a publicación de la fuente,https://apis.datos.gob.ar/series/api/series?ids=t_snic_1_victimas_14&start_date=2024-01-01&limit=10,
Córdoba,Lengua · satisfactorio o avanzado,language_high,Educación,63.7,Aprender Secundaria 2024,%,54.65,22,63.7,Propuesta para discutir; no aprobada,Sostener el resultado de base,48 meses desde la asunción; actualizar la base al inicio,Área provincial de Educación,Anual; sujeto a publicación de la fuente,https://www.argentina.gob.ar/sites/default/files/2025/07/cordoba_2024.pdf,"La participación estudiantil fue 88,8%. El ranking conserva esta cobertura visible."
Córdoba,Matemática · satisfactorio o avanzado,math_high,Educación,24.1,Aprender Secundaria 2024,%,16.25,22,24.1,Propuesta para discutir; no aprobada,Sostener el resultado de base,48 meses desde la asunción; actualizar la base al inicio,Área provincial de Educación,Anual; sujeto a publicación de la fuente,https://www.argentina.gob.ar/sites/default/files/2025/07/cordoba_2024.pdf,"La participación estudiantil fue 88,8%. El ranking conserva esta cobertura visible."
Córdoba,Mortalidad infantil,infant_mortality,Salud,6.8,2024,cada 1.000 nacidos vivos,8.25,24,6.8,Propuesta para discutir; no aprobada,Sostener el resultado de base,48 meses desde la asunción; actualizar la base al inicio,Área provincial de Salud,Anual; sujeto a publicación de la fuente,https://www.argentina.gob.ar/sites/default/files/serie_5_nro_68_anuario_vitales_v4_revisada_ok.pdf,
Entre Ríos,Víctimas de homicidio doloso,homicide_rate,Seguridad,2.33007260232103,2025,cada 100.000 habitantes,2.88960391691822,24,2.33,Propuesta para discutir; no aprobada,Sostener el resultado de base,48 meses desde la asunción; actualizar la base al inicio,Área provincial de Seguridad,Anual; sujeto a publicación de la fuente,https://apis.datos.gob.ar/series/api/series?ids=t_snic_1_victimas_30&start_date=2024-01-01&limit=10,
Entre Ríos,Lengua · satisfactorio o avanzado,language_high,Educación,61.3,Aprender Secundaria 2024,%,54.65,22,61.3,Propuesta para discutir; no aprobada,Sostener el resultado de base,48 meses desde la asunción; actualizar la base al inicio,Área provincial de Educación,Anual; sujeto a publicación de la fuente,https://www.argentina.gob.ar/sites/default/files/2025/07/entre_rios_2024.pdf,"La participación estudiantil fue 73,2%. El ranking conserva esta cobertura visible."
Entre Ríos,Matemática · satisfactorio o avanzado,math_high,Educación,18.2,Aprender Secundaria 2024,%,16.25,22,18.2,Propuesta para discutir; no aprobada,Sostener el resultado de base,48 meses desde la asunción; actualizar la base al inicio,Área provincial de Educación,Anual; sujeto a publicación de la fuente,https://www.argentina.gob.ar/sites/default/files/2025/07/entre_rios_2024.pdf,"La participación estudiantil fue 73,2%. El ranking conserva esta cobertura visible."
Entre Ríos,Mortalidad infantil,infant_mortality,Salud,8.8,2024,cada 1.000 nacidos vivos,8.25,24,8.53,Propuesta para discutir; no aprobada,Cerrar la mitad de la brecha con la mediana,48 meses desde la asunción; actualizar la base al inicio,Área provincial de Salud,Anual; sujeto a publicación de la fuente,https://www.argentina.gob.ar/sites/default/files/serie_5_nro_68_anuario_vitales_v4_revisada_ok.pdf,
Formosa,Víctimas de homicidio doloso,homicide_rate,Seguridad,3.0320003702232,2025,cada 100.000 habitantes,2.88960391691822,24,2.96,Propuesta para discutir; no aprobada,Cerrar la mitad de la brecha con la mediana,48 meses desde la asunción; actualizar la base al inicio,Área provincial de Seguridad,Anual; sujeto a publicación de la fuente,https://apis.datos.gob.ar/series/api/series?ids=t_snic_1_victimas_34&start_date=2024-01-01&limit=10,
Formosa,Lengua · satisfactorio o avanzado,language_high,Educación,46.2,Aprender Secundaria 2024,%,54.65,22,50.42,Propuesta para discutir; no aprobada,Cerrar la mitad de la brecha con la mediana,48 meses desde la asunción; actualizar la base al inicio,Área provincial de Educación,Anual; sujeto a publicación de la fuente,https://www.argentina.gob.ar/sites/default/files/2025/07/formosa_2024.pdf,"La participación estudiantil fue 77,5%. El ranking conserva esta cobertura visible."
Formosa,Matemática · satisfactorio o avanzado,math_high,Educación,11.4,Aprender Secundaria 2024,%,16.25,22,13.82,Propuesta para discutir; no aprobada,Cerrar la mitad de la brecha con la mediana,48 meses desde la asunción; actualizar la base al inicio,Área provincial de Educación,Anual; sujeto a publicación de la fuente,https://www.argentina.gob.ar/sites/default/files/2025/07/formosa_2024.pdf,"La participación estudiantil fue 77,5%. El ranking conserva esta cobertura visible."
Formosa,Mortalidad infantil,infant_mortality,Salud,10.7,2024,cada 1.000 nacidos vivos,8.25,24,9.47,Propuesta para discutir; no aprobada,Cerrar la mitad de la brecha con la mediana,48 meses desde la asunción; actualizar la base al inicio,Área provincial de Salud,Anual; sujeto a publicación de la fuente,https://www.argentina.gob.ar/sites/default/files/serie_5_nro_68_anuario_vitales_v4_revisada_ok.pdf,
Jujuy,Víctimas de homicidio doloso,homicide_rate,Seguridad,3.74651574036146,2025,cada 100.000 habitantes,2.88960391691822,24,3.32,Propuesta para discutir; no aprobada,Cerrar la mitad de la brecha con la mediana,48 meses desde la asunción; actualizar la base al inicio,Área provincial de Seguridad,Anual; sujeto a publicación de la fuente,https://apis.datos.gob.ar/series/api/series?ids=t_snic_1_victimas_38&start_date=2024-01-01&limit=10,
Jujuy,Lengua · satisfactorio o avanzado,language_high,Educación,52.7,Aprender Secundaria 2024,%,54.65,22,53.67,Propuesta para discutir; no aprobada,Cerrar la mitad de la brecha con la mediana,48 meses desde la asunción; actualizar la base al inicio,Área provincial de Educación,Anual; sujeto a publicación de la fuente,https://www.argentina.gob.ar/sites/default/files/2025/07/jujuy_2024.pdf,"La participación estudiantil fue 76,8%. El ranking conserva esta cobertura visible."
Jujuy,Matemática · satisfactorio o avanzado,math_high,Educación,15.9,Aprender Secundaria 2024,%,16.25,22,16.07,Propuesta para discutir; no aprobada,Cerrar la mitad de la brecha con la mediana,48 meses desde la asunción; actualizar la base al inicio,Área provincial de Educación,Anual; sujeto a publicación de la fuente,https://www.argentina.gob.ar/sites/default/files/2025/07/jujuy_2024.pdf,"La participación estudiantil fue 76,8%. El ranking conserva esta cobertura visible."
Jujuy,Mortalidad infantil,infant_mortality,Salud,6.0,2024,cada 1.000 nacidos vivos,8.25,24,6.0,Propuesta para discutir; no aprobada,Sostener el resultado de base,48 meses desde la asunción; actualizar la base al inicio,Área provincial de Salud,Anual; sujeto a publicación de la fuente,https://www.argentina.gob.ar/sites/default/files/serie_5_nro_68_anuario_vitales_v4_revisada_ok.pdf,
La Pampa,Víctimas de homicidio doloso,homicide_rate,Seguridad,1.59238204430007,2025,cada 100.000 habitantes,2.88960391691822,24,1.59,Propuesta para discutir; no aprobada,Sostener el resultado de base,48 meses desde la asunción; actualizar la base al inicio,Área provincial de Seguridad,Anual; sujeto a publicación de la fuente,https://apis.datos.gob.ar/series/api/series?ids=t_snic_1_victimas_42&start_date=2024-01-01&limit=10,
La Pampa,Lengua · satisfactorio o avanzado,language_high,Educación,62.7,Aprender Secundaria 2024,%,54.65,22,62.7,Propuesta para discutir; no aprobada,Sostener el resultado de base,48 meses desde la asunción; actualizar la base al inicio,Área provincial de Educación,Anual; sujeto a publicación de la fuente,https://www.argentina.gob.ar/sites/default/files/2025/07/la_pampa_2024.pdf,"La participación estudiantil fue 81,3%. El ranking conserva esta cobertura visible."
La Pampa,Matemática · satisfactorio o avanzado,math_high,Educación,19.6,Aprender Secundaria 2024,%,16.25,22,19.6,Propuesta para discutir; no aprobada,Sostener el resultado de base,48 meses desde la asunción; actualizar la base al inicio,Área provincial de Educación,Anual; sujeto a publicación de la fuente,https://www.argentina.gob.ar/sites/default/files/2025/07/la_pampa_2024.pdf,"La participación estudiantil fue 81,3%. El ranking conserva esta cobertura visible."
La Pampa,Mortalidad infantil,infant_mortality,Salud,6.6,2024,cada 1.000 nacidos vivos,8.25,24,6.6,Propuesta para discutir; no aprobada,Sostener el resultado de base,48 meses desde la asunción; actualizar la base al inicio,Área provincial de Salud,Anual; sujeto a publicación de la fuente,https://www.argentina.gob.ar/sites/default/files/serie_5_nro_68_anuario_vitales_v4_revisada_ok.pdf,
La Rioja,Víctimas de homicidio doloso,homicide_rate,Seguridad,2.72562608870178,2025,cada 100.000 habitantes,2.88960391691822,24,2.73,Propuesta para discutir; no aprobada,Sostener el resultado de base,48 meses desde la asunción; actualizar la base al inicio,Área provincial de Seguridad,Anual; sujeto a publicación de la fuente,https://apis.datos.gob.ar/series/api/series?ids=t_snic_1_victimas_46&start_date=2024-01-01&limit=10,
La Rioja,Lengua · satisfactorio o avanzado,language_high,Educación,49.6,Aprender Secundaria 2024,%,54.65,22,52.12,Propuesta para discutir; no aprobada,Cerrar la mitad de la brecha con la mediana,48 meses desde la asunción; actualizar la base al inicio,Área provincial de Educación,Anual; sujeto a publicación de la fuente,https://www.argentina.gob.ar/sites/default/files/2025/07/la_rioja_2024.pdf,"La participación estudiantil fue 85,9%. El ranking conserva esta cobertura visible."
La Rioja,Matemática · satisfactorio o avanzado,math_high,Educación,9.2,Aprender Secundaria 2024,%,16.25,22,12.72,Propuesta para discutir; no aprobada,Cerrar la mitad de la brecha con la mediana,48 meses desde la asunción; actualizar la base al inicio,Área provincial de Educación,Anual; sujeto a publicación de la fuente,https://www.argentina.gob.ar/sites/default/files/2025/07/la_rioja_2024.pdf,"La participación estudiantil fue 85,9%. El ranking conserva esta cobertura visible."
La Rioja,Mortalidad infantil,infant_mortality,Salud,11.7,2024,cada 1.000 nacidos vivos,8.25,24,9.97,Propuesta para discutir; no aprobada,Cerrar la mitad de la brecha con la mediana,48 meses desde la asunción; actualizar la base al inicio,Área provincial de Salud,Anual; sujeto a publicación de la fuente,https://www.argentina.gob.ar/sites/default/files/serie_5_nro_68_anuario_vitales_v4_revisada_ok.pdf,
Mendoza,Víctimas de homicidio doloso,homicide_rate,Seguridad,3.17509785407348,2025,cada 100.000 habitantes,2.88960391691822,24,3.03,Propuesta para discutir; no aprobada,Cerrar la mitad de la brecha con la mediana,48 meses desde la asunción; actualizar la base al inicio,Área provincial de Seguridad,Anual; sujeto a publicación de la fuente,https://apis.datos.gob.ar/series/api/series?ids=t_snic_1_victimas_50&start_date=2024-01-01&limit=10,
Mendoza,Lengua · satisfactorio o avanzado,language_high,Educación,55.8,Aprender Secundaria 2024,%,54.65,22,55.8,Propuesta para discutir; no aprobada,Sostener el resultado de base,48 meses desde la asunción; actualizar la base al inicio,Área provincial de Educación,Anual; sujeto a publicación de la fuente,https://www.argentina.gob.ar/sites/default/files/2025/07/mendoza_2024.pdf,"La participación estudiantil fue 81,0%. El ranking conserva esta cobertura visible."
Mendoza,Matemática · satisfactorio o avanzado,math_high,Educación,17.3,Aprender Secundaria 2024,%,16.25,22,17.3,Propuesta para discutir; no aprobada,Sostener el resultado de base,48 meses desde la asunción; actualizar la base al inicio,Área provincial de Educación,Anual; sujeto a publicación de la fuente,https://www.argentina.gob.ar/sites/default/files/2025/07/mendoza_2024.pdf,"La participación estudiantil fue 81,0%. El ranking conserva esta cobertura visible."
Mendoza,Mortalidad infantil,infant_mortality,Salud,7.6,2024,cada 1.000 nacidos vivos,8.25,24,7.6,Propuesta para discutir; no aprobada,Sostener el resultado de base,48 meses desde la asunción; actualizar la base al inicio,Área provincial de Salud,Anual; sujeto a publicación de la fuente,https://www.argentina.gob.ar/sites/default/files/serie_5_nro_68_anuario_vitales_v4_revisada_ok.pdf,
Misiones,Víctimas de homicidio doloso,homicide_rate,Seguridad,3.34729776370756,2025,cada 100.000 habitantes,2.88960391691822,24,3.12,Propuesta para discutir; no aprobada,Cerrar la mitad de la brecha con la mediana,48 meses desde la asunción; actualizar la base al inicio,Área provincial de Seguridad,Anual; sujeto a publicación de la fuente,https://apis.datos.gob.ar/series/api/series?ids=t_snic_1_victimas_54&start_date=2024-01-01&limit=10,
Misiones,Lengua · satisfactorio o avanzado,language_high,Educación,51.6,Aprender Secundaria 2024,%,54.65,22,53.12,Propuesta para discutir; no aprobada,Cerrar la mitad de la brecha con la mediana,48 meses desde la asunción; actualizar la base al inicio,Área provincial de Educación,Anual; sujeto a publicación de la fuente,https://www.argentina.gob.ar/sites/default/files/2025/07/misiones_2024.pdf,"La participación estudiantil fue 75,7%. El ranking conserva esta cobertura visible."
Misiones,Matemática · satisfactorio o avanzado,math_high,Educación,10.8,Aprender Secundaria 2024,%,16.25,22,13.53,Propuesta para discutir; no aprobada,Cerrar la mitad de la brecha con la mediana,48 meses desde la asunción; actualizar la base al inicio,Área provincial de Educación,Anual; sujeto a publicación de la fuente,https://www.argentina.gob.ar/sites/default/files/2025/07/misiones_2024.pdf,"La participación estudiantil fue 75,7%. El ranking conserva esta cobertura visible."
Misiones,Mortalidad infantil,infant_mortality,Salud,9.5,2024,cada 1.000 nacidos vivos,8.25,24,8.88,Propuesta para discutir; no aprobada,Cerrar la mitad de la brecha con la mediana,48 meses desde la asunción; actualizar la base al inicio,Área provincial de Salud,Anual; sujeto a publicación de la fuente,https://www.argentina.gob.ar/sites/default/files/serie_5_nro_68_anuario_vitales_v4_revisada_ok.pdf,
Neuquén,Víctimas de homicidio doloso,homicide_rate,Seguridad,5.6913900651095,2025,cada 100.000 habitantes,2.88960391691822,24,4.29,Propuesta para discutir; no aprobada,Cerrar la mitad de la brecha con la mediana,48 meses desde la asunción; actualizar la base al inicio,Área provincial de Seguridad,Anual; sujeto a publicación de la fuente,https://apis.datos.gob.ar/series/api/series?ids=t_snic_1_victimas_58&start_date=2024-01-01&limit=10,
Neuquén,Lengua · satisfactorio o avanzado,language_high,Educación,58.0,Aprender Secundaria 2024,%,54.65,22,,Propuesta para discutir; no aprobada,Actualizar medición con cobertura suficiente antes de fijar una meta numérica,Primeros 12 meses: acordar medición comparable,Área provincial de Educación,Anual; sujeto a publicación de la fuente,https://www.argentina.gob.ar/sites/default/files/2025/07/neuquen_2024.pdf,"La participación estudiantil fue 42,5%. Se muestra el dato, pero se excluye del ranking por baja participación."
Neuquén,Matemática · satisfactorio o avanzado,math_high,Educación,17.8,Aprender Secundaria 2024,%,16.25,22,,Propuesta para discutir; no aprobada,Actualizar medición con cobertura suficiente antes de fijar una meta numérica,Primeros 12 meses: acordar medición comparable,Área provincial de Educación,Anual; sujeto a publicación de la fuente,https://www.argentina.gob.ar/sites/default/files/2025/07/neuquen_2024.pdf,"La participación estudiantil fue 42,5%. Se muestra el dato, pero se excluye del ranking por baja participación."
Neuquén,Mortalidad infantil,infant_mortality,Salud,7.1,2024,cada 1.000 nacidos vivos,8.25,24,7.1,Propuesta para discutir; no aprobada,Sostener el resultado de base,48 meses desde la asunción; actualizar la base al inicio,Área provincial de Salud,Anual; sujeto a publicación de la fuente,https://www.argentina.gob.ar/sites/default/files/serie_5_nro_68_anuario_vitales_v4_revisada_ok.pdf,
Río Negro,Víctimas de homicidio doloso,homicide_rate,Seguridad,3.16994185058669,2025,cada 100.000 habitantes,2.88960391691822,24,3.03,Propuesta para discutir; no aprobada,Cerrar la mitad de la brecha con la mediana,48 meses desde la asunción; actualizar la base al inicio,Área provincial de Seguridad,Anual; sujeto a publicación de la fuente,https://apis.datos.gob.ar/series/api/series?ids=t_snic_1_victimas_62&start_date=2024-01-01&limit=10,
Río Negro,Lengua · satisfactorio o avanzado,language_high,Educación,58.7,Aprender Secundaria 2024,%,54.65,22,58.7,Propuesta para discutir; no aprobada,Sostener el resultado de base,48 meses desde la asunción; actualizar la base al inicio,Área provincial de Educación,Anual; sujeto a publicación de la fuente,https://www.argentina.gob.ar/sites/default/files/2025/07/rio_negro_2024.pdf,"La participación estudiantil fue 65,4%. El ranking conserva esta cobertura visible."
Río Negro,Matemática · satisfactorio o avanzado,math_high,Educación,19.6,Aprender Secundaria 2024,%,16.25,22,19.6,Propuesta para discutir; no aprobada,Sostener el resultado de base,48 meses desde la asunción; actualizar la base al inicio,Área provincial de Educación,Anual; sujeto a publicación de la fuente,https://www.argentina.gob.ar/sites/default/files/2025/07/rio_negro_2024.pdf,"La participación estudiantil fue 65,4%. El ranking conserva esta cobertura visible."
Río Negro,Mortalidad infantil,infant_mortality,Salud,8.3,2024,cada 1.000 nacidos vivos,8.25,24,8.28,Propuesta para discutir; no aprobada,Cerrar la mitad de la brecha con la mediana,48 meses desde la asunción; actualizar la base al inicio,Área provincial de Salud,Anual; sujeto a publicación de la fuente,https://www.argentina.gob.ar/sites/default/files/serie_5_nro_68_anuario_vitales_v4_revisada_ok.pdf,
Salta,Víctimas de homicidio doloso,homicide_rate,Seguridad,3.16175327964631,2025,cada 100.000 habitantes,2.88960391691822,24,3.03,Propuesta para discutir; no aprobada,Cerrar la mitad de la brecha con la mediana,48 meses desde la asunción; actualizar la base al inicio,Área provincial de Seguridad,Anual; sujeto a publicación de la fuente,https://apis.datos.gob.ar/series/api/series?ids=t_snic_1_victimas_66&start_date=2024-01-01&limit=10,
Salta,Lengua · satisfactorio o avanzado,language_high,Educación,55.8,Aprender Secundaria 2024,%,54.65,22,55.8,Propuesta para discutir; no aprobada,Sostener el resultado de base,48 meses desde la asunción; actualizar la base al inicio,Área provincial de Educación,Anual; sujeto a publicación de la fuente,https://www.argentina.gob.ar/sites/default/files/2025/07/salta_2024.pdf,"La participación estudiantil fue 86,5%. El ranking conserva esta cobertura visible."
Salta,Matemática · satisfactorio o avanzado,math_high,Educación,16.6,Aprender Secundaria 2024,%,16.25,22,16.6,Propuesta para discutir; no aprobada,Sostener el resultado de base,48 meses desde la asunción; actualizar la base al inicio,Área provincial de Educación,Anual; sujeto a publicación de la fuente,https://www.argentina.gob.ar/sites/default/files/2025/07/salta_2024.pdf,"La participación estudiantil fue 86,5%. El ranking conserva esta cobertura visible."
Salta,Mortalidad infantil,infant_mortality,Salud,10.1,2024,cada 1.000 nacidos vivos,8.25,24,9.18,Propuesta para discutir; no aprobada,Cerrar la mitad de la brecha con la mediana,48 meses desde la asunción; actualizar la base al inicio,Área provincial de Salud,Anual; sujeto a publicación de la fuente,https://www.argentina.gob.ar/sites/default/files/serie_5_nro_68_anuario_vitales_v4_revisada_ok.pdf,
San Juan,Víctimas de homicidio doloso,homicide_rate,Seguridad,1.41323280537311,2025,cada 100.000 habitantes,2.88960391691822,24,1.41,Propuesta para discutir; no aprobada,Sostener el resultado de base,48 meses desde la asunción; actualizar la base al inicio,Área provincial de Seguridad,Anual; sujeto a publicación de la fuente,https://apis.datos.gob.ar/series/api/series?ids=t_snic_1_victimas_70&start_date=2024-01-01&limit=10,
San Juan,Lengua · satisfactorio o avanzado,language_high,Educación,49.8,Aprender Secundaria 2024,%,54.65,22,52.22,Propuesta para discutir; no aprobada,Cerrar la mitad de la brecha con la mediana,48 meses desde la asunción; actualizar la base al inicio,Área provincial de Educación,Anual; sujeto a publicación de la fuente,https://www.argentina.gob.ar/sites/default/files/2025/07/san_juan_2024.pdf,"La participación estudiantil fue 84,3%. El ranking conserva esta cobertura visible."
San Juan,Matemática · satisfactorio o avanzado,math_high,Educación,11.2,Aprender Secundaria 2024,%,16.25,22,13.72,Propuesta para discutir; no aprobada,Cerrar la mitad de la brecha con la mediana,48 meses desde la asunción; actualizar la base al inicio,Área provincial de Educación,Anual; sujeto a publicación de la fuente,https://www.argentina.gob.ar/sites/default/files/2025/07/san_juan_2024.pdf,"La participación estudiantil fue 84,3%. El ranking conserva esta cobertura visible."
San Juan,Mortalidad infantil,infant_mortality,Salud,9.2,2024,cada 1.000 nacidos vivos,8.25,24,8.72,Propuesta para discutir; no aprobada,Cerrar la mitad de la brecha con la mediana,48 meses desde la asunción; actualizar la base al inicio,Área provincial de Salud,Anual; sujeto a publicación de la fuente,https://www.argentina.gob.ar/sites/default/files/serie_5_nro_68_anuario_vitales_v4_revisada_ok.pdf,
San Luis,Víctimas de homicidio doloso,homicide_rate,Seguridad,1.30554876877426,2025,cada 100.000 habitantes,2.88960391691822,24,1.31,Propuesta para discutir; no aprobada,Sostener el resultado de base,48 meses desde la asunción; actualizar la base al inicio,Área provincial de Seguridad,Anual; sujeto a publicación de la fuente,https://apis.datos.gob.ar/series/api/series?ids=t_snic_1_victimas_74&start_date=2024-01-01&limit=10,
San Luis,Lengua · satisfactorio o avanzado,language_high,Educación,53.5,Aprender Secundaria 2024,%,54.65,22,54.08,Propuesta para discutir; no aprobada,Cerrar la mitad de la brecha con la mediana,48 meses desde la asunción; actualizar la base al inicio,Área provincial de Educación,Anual; sujeto a publicación de la fuente,https://www.argentina.gob.ar/sites/default/files/2025/07/san_luis_2024.pdf,"La participación estudiantil fue 81,3%. El ranking conserva esta cobertura visible."
San Luis,Matemática · satisfactorio o avanzado,math_high,Educación,13.5,Aprender Secundaria 2024,%,16.25,22,14.88,Propuesta para discutir; no aprobada,Cerrar la mitad de la brecha con la mediana,48 meses desde la asunción; actualizar la base al inicio,Área provincial de Educación,Anual; sujeto a publicación de la fuente,https://www.argentina.gob.ar/sites/default/files/2025/07/san_luis_2024.pdf,"La participación estudiantil fue 81,3%. El ranking conserva esta cobertura visible."
San Luis,Mortalidad infantil,infant_mortality,Salud,6.3,2024,cada 1.000 nacidos vivos,8.25,24,6.3,Propuesta para discutir; no aprobada,Sostener el resultado de base,48 meses desde la asunción; actualizar la base al inicio,Área provincial de Salud,Anual; sujeto a publicación de la fuente,https://www.argentina.gob.ar/sites/default/files/serie_5_nro_68_anuario_vitales_v4_revisada_ok.pdf,
Santa Cruz,Víctimas de homicidio doloso,homicide_rate,Seguridad,4.47824023071894,2025,cada 100.000 habitantes,2.88960391691822,24,3.68,Propuesta para discutir; no aprobada,Cerrar la mitad de la brecha con la mediana,48 meses desde la asunción; actualizar la base al inicio,Área provincial de Seguridad,Anual; sujeto a publicación de la fuente,https://apis.datos.gob.ar/series/api/series?ids=t_snic_1_victimas_78&start_date=2024-01-01&limit=10,
Santa Cruz,Lengua · satisfactorio o avanzado,language_high,Educación,55.6,Aprender Secundaria 2024,%,54.65,22,,Propuesta para discutir; no aprobada,Actualizar medición con cobertura suficiente antes de fijar una meta numérica,Primeros 12 meses: acordar medición comparable,Área provincial de Educación,Anual; sujeto a publicación de la fuente,https://www.argentina.gob.ar/sites/default/files/2025/07/santa_cruz_2024.pdf,"La participación estudiantil fue 49,8%. Se muestra el dato, pero se excluye del ranking por baja participación."
Santa Cruz,Matemática · satisfactorio o avanzado,math_high,Educación,12.6,Aprender Secundaria 2024,%,16.25,22,,Propuesta para discutir; no aprobada,Actualizar medición con cobertura suficiente antes de fijar una meta numérica,Primeros 12 meses: acordar medición comparable,Área provincial de Educación,Anual; sujeto a publicación de la fuente,https://www.argentina.gob.ar/sites/default/files/2025/07/santa_cruz_2024.pdf,"La participación estudiantil fue 49,8%. Se muestra el dato, pero se excluye del ranking por baja participación."
Santa Cruz,Mortalidad infantil,infant_mortality,Salud,7.0,2024,cada 1.000 nacidos vivos,8.25,24,7.0,Propuesta para discutir; no aprobada,Sostener el resultado de base,48 meses desde la asunción; actualizar la base al inicio,Área provincial de Salud,Anual; sujeto a publicación de la fuente,https://www.argentina.gob.ar/sites/default/files/serie_5_nro_68_anuario_vitales_v4_revisada_ok.pdf,
Santa Fe,Víctimas de homicidio doloso,homicide_rate,Seguridad,5.64522629622402,2025,cada 100.000 habitantes,2.88960391691822,24,4.27,Propuesta para discutir; no aprobada,Cerrar la mitad de la brecha con la mediana,48 meses desde la asunción; actualizar la base al inicio,Área provincial de Seguridad,Anual; sujeto a publicación de la fuente,https://apis.datos.gob.ar/series/api/series?ids=t_snic_1_victimas_82&start_date=2024-01-01&limit=10,
Santa Fe,Lengua · satisfactorio o avanzado,language_high,Educación,57.0,Aprender Secundaria 2024,%,54.65,22,57.0,Propuesta para discutir; no aprobada,Sostener el resultado de base,48 meses desde la asunción; actualizar la base al inicio,Área provincial de Educación,Anual; sujeto a publicación de la fuente,https://www.argentina.gob.ar/sites/default/files/2025/07/santa_fe_2024.pdf,"La participación estudiantil fue 77,0%. El ranking conserva esta cobertura visible."
Santa Fe,Matemática · satisfactorio o avanzado,math_high,Educación,19.6,Aprender Secundaria 2024,%,16.25,22,19.6,Propuesta para discutir; no aprobada,Sostener el resultado de base,48 meses desde la asunción; actualizar la base al inicio,Área provincial de Educación,Anual; sujeto a publicación de la fuente,https://www.argentina.gob.ar/sites/default/files/2025/07/santa_fe_2024.pdf,"La participación estudiantil fue 77,0%. El ranking conserva esta cobertura visible."
Santa Fe,Mortalidad infantil,infant_mortality,Salud,8.2,2024,cada 1.000 nacidos vivos,8.25,24,8.2,Propuesta para discutir; no aprobada,Sostener el resultado de base,48 meses desde la asunción; actualizar la base al inicio,Área provincial de Salud,Anual; sujeto a publicación de la fuente,https://www.argentina.gob.ar/sites/default/files/serie_5_nro_68_anuario_vitales_v4_revisada_ok.pdf,
Santiago del Estero,Víctimas de homicidio doloso,homicide_rate,Seguridad,1.98717985113184,2025,cada 100.000 habitantes,2.88960391691822,24,1.99,Propuesta para discutir; no aprobada,Sostener el resultado de base,48 meses desde la asunción; actualizar la base al inicio,Área provincial de Seguridad,Anual; sujeto a publicación de la fuente,https://apis.datos.gob.ar/series/api/series?ids=t_snic_1_victimas_86&start_date=2024-01-01&limit=10,
Santiago del Estero,Lengua · satisfactorio o avanzado,language_high,Educación,43.0,Aprender Secundaria 2024,%,54.65,22,48.83,Propuesta para discutir; no aprobada,Cerrar la mitad de la brecha con la mediana,48 meses desde la asunción; actualizar la base al inicio,Área provincial de Educación,Anual; sujeto a publicación de la fuente,https://www.argentina.gob.ar/sites/default/files/2025/07/santiago_del_estero_2024.pdf,"La participación estudiantil fue 82,7%. El ranking conserva esta cobertura visible."
Santiago del Estero,Matemática · satisfactorio o avanzado,math_high,Educación,8.6,Aprender Secundaria 2024,%,16.25,22,12.43,Propuesta para discutir; no aprobada,Cerrar la mitad de la brecha con la mediana,48 meses desde la asunción; actualizar la base al inicio,Área provincial de Educación,Anual; sujeto a publicación de la fuente,https://www.argentina.gob.ar/sites/default/files/2025/07/santiago_del_estero_2024.pdf,"La participación estudiantil fue 82,7%. El ranking conserva esta cobertura visible."
Santiago del Estero,Mortalidad infantil,infant_mortality,Salud,10.7,2024,cada 1.000 nacidos vivos,8.25,24,9.47,Propuesta para discutir; no aprobada,Cerrar la mitad de la brecha con la mediana,48 meses desde la asunción; actualizar la base al inicio,Área provincial de Salud,Anual; sujeto a publicación de la fuente,https://www.argentina.gob.ar/sites/default/files/serie_5_nro_68_anuario_vitales_v4_revisada_ok.pdf,
Tierra del Fuego,Víctimas de homicidio doloso,homicide_rate,Seguridad,2.74720746361324,2025,cada 100.000 habitantes,2.88960391691822,24,2.75,Propuesta para discutir; no aprobada,Sostener el resultado de base,48 meses desde la asunción; actualizar la base al inicio,Área provincial de Seguridad,Anual; sujeto a publicación de la fuente,https://apis.datos.gob.ar/series/api/series?ids=t_snic_1_victimas_94&start_date=2024-01-01&limit=10,
Tierra del Fuego,Lengua · satisfactorio o avanzado,language_high,Educación,59.5,Aprender Secundaria 2024,%,54.65,22,59.5,Propuesta para discutir; no aprobada,Sostener el resultado de base,48 meses desde la asunción; actualizar la base al inicio,Área provincial de Educación,Anual; sujeto a publicación de la fuente,https://www.argentina.gob.ar/sites/default/files/2025/07/tierra_del_fuego_2024.pdf,"La participación estudiantil fue 68,8%. El ranking conserva esta cobertura visible."
Tierra del Fuego,Matemática · satisfactorio o avanzado,math_high,Educación,17.4,Aprender Secundaria 2024,%,16.25,22,17.4,Propuesta para discutir; no aprobada,Sostener el resultado de base,48 meses desde la asunción; actualizar la base al inicio,Área provincial de Educación,Anual; sujeto a publicación de la fuente,https://www.argentina.gob.ar/sites/default/files/2025/07/tierra_del_fuego_2024.pdf,"La participación estudiantil fue 68,8%. El ranking conserva esta cobertura visible."
Tierra del Fuego,Mortalidad infantil,infant_mortality,Salud,5.6,2024,cada 1.000 nacidos vivos,8.25,24,5.6,Propuesta para discutir; no aprobada,Sostener el resultado de base,48 meses desde la asunción; actualizar la base al inicio,Área provincial de Salud,Anual; sujeto a publicación de la fuente,https://www.argentina.gob.ar/sites/default/files/serie_5_nro_68_anuario_vitales_v4_revisada_ok.pdf,
Tucumán,Víctimas de homicidio doloso,homicide_rate,Seguridad,2.65002675399351,2025,cada 100.000 habitantes,2.88960391691822,24,2.65,Propuesta para discutir; no aprobada,Sostener el resultado de base,48 meses desde la asunción; actualizar la base al inicio,Área provincial de Seguridad,Anual; sujeto a publicación de la fuente,https://apis.datos.gob.ar/series/api/series?ids=t_snic_1_victimas_90&start_date=2024-01-01&limit=10,
Tucumán,Lengua · satisfactorio o avanzado,language_high,Educación,48.8,Aprender Secundaria 2024,%,54.65,22,51.72,Propuesta para discutir; no aprobada,Cerrar la mitad de la brecha con la mediana,48 meses desde la asunción; actualizar la base al inicio,Área provincial de Educación,Anual; sujeto a publicación de la fuente,https://www.argentina.gob.ar/sites/default/files/2025/07/tucuman_2024.pdf,"La participación estudiantil fue 78,3%. El ranking conserva esta cobertura visible."
Tucumán,Matemática · satisfactorio o avanzado,math_high,Educación,12.8,Aprender Secundaria 2024,%,16.25,22,14.53,Propuesta para discutir; no aprobada,Cerrar la mitad de la brecha con la mediana,48 meses desde la asunción; actualizar la base al inicio,Área provincial de Educación,Anual; sujeto a publicación de la fuente,https://www.argentina.gob.ar/sites/default/files/2025/07/tucuman_2024.pdf,"La participación estudiantil fue 78,3%. El ranking conserva esta cobertura visible."
Tucumán,Mortalidad infantil,infant_mortality,Salud,10.2,2024,cada 1.000 nacidos vivos,8.25,24,9.22,Propuesta para discutir; no aprobada,Cerrar la mitad de la brecha con la mediana,48 meses desde la asunción; actualizar la base al inicio,Área provincial de Salud,Anual; sujeto a publicación de la fuente,https://www.argentina.gob.ar/sites/default/files/serie_5_nro_68_anuario_vitales_v4_revisada_ok.pdf,
