province,period,period_type,amortization_ars_m,interest_ars_m,total_ars_m,source_url
Buenos Aires,2005,year,1752.3985829551295,490.121341006299,2242.5199239614285,https://www.argentina.gob.ar/sites/default/files/servicios_provincia_de_buenos_aires_iv_trim_25_1.xlsx
Buenos Aires,2006,year,2496.7322538926796,758.3436364354451,3255.075890328125,https://www.argentina.gob.ar/sites/default/files/servicios_provincia_de_buenos_aires_iv_trim_25_1.xlsx
Buenos Aires,2007,year,2787.464260638717,900.7457657048867,3688.2100263436037,https://www.argentina.gob.ar/sites/default/files/servicios_provincia_de_buenos_aires_iv_trim_25_1.xlsx
Buenos Aires,2008,year,2956.422239203704,1005.2787890208446,3961.7010282245487,https://www.argentina.gob.ar/sites/default/files/servicios_provincia_de_buenos_aires_iv_trim_25_1.xlsx
Buenos Aires,2009,year,2811.3921037542755,1303.6272438209517,4115.019347575228,https://www.argentina.gob.ar/sites/default/files/servicios_provincia_de_buenos_aires_iv_trim_25_1.xlsx
Buenos Aires,2010,year,2889.8504272907685,1920.799336323224,4810.649763613992,https://www.argentina.gob.ar/sites/default/files/servicios_provincia_de_buenos_aires_iv_trim_25_1.xlsx
Buenos Aires,2011,year,2352.5602464592675,2294.4334146513593,4646.993661110627,https://www.argentina.gob.ar/sites/default/files/servicios_provincia_de_buenos_aires_iv_trim_25_1.xlsx
Buenos Aires,2012,year,2982.86876021755,3582.3754269761266,6565.244187193677,https://www.argentina.gob.ar/sites/default/files/servicios_provincia_de_buenos_aires_iv_trim_25_1.xlsx
Buenos Aires,2013,year,7689.762492465587,4158.140835250952,11847.903327716538,https://www.argentina.gob.ar/sites/default/files/servicios_provincia_de_buenos_aires_iv_trim_25_1.xlsx
Buenos Aires,2014,year,6099.906571609292,6438.48597000716,12538.392541616453,https://www.argentina.gob.ar/sites/default/files/servicios_provincia_de_buenos_aires_iv_trim_25_1.xlsx
Buenos Aires,2015,year,16960.821591423402,9205.924032518038,26166.74562394144,https://www.argentina.gob.ar/sites/default/files/servicios_provincia_de_buenos_aires_iv_trim_25_1.xlsx
Buenos Aires,2016,year,11251.76367102036,14177.194788452329,25428.95845947269,https://www.argentina.gob.ar/sites/default/files/servicios_provincia_de_buenos_aires_iv_trim_25_1.xlsx
Buenos Aires,2017,year,19657.88896486282,17140.177083818962,36798.06604868178,https://www.argentina.gob.ar/sites/default/files/servicios_provincia_de_buenos_aires_iv_trim_25_1.xlsx
Buenos Aires,2018,year,55914.30135665699,42897.99413870835,98812.29549536534,https://www.argentina.gob.ar/sites/default/files/servicios_provincia_de_buenos_aires_iv_trim_25_1.xlsx
Buenos Aires,2019,year,72725.12581704212,73057.28990504355,145782.4157220857,https://www.argentina.gob.ar/sites/default/files/servicios_provincia_de_buenos_aires_iv_trim_25_1.xlsx
Buenos Aires,2020,year,37379.001379767295,41711.442425129,79090.44380489629,https://www.argentina.gob.ar/sites/default/files/servicios_provincia_de_buenos_aires_iv_trim_25_1.xlsx
Buenos Aires,2021,year,42903.10385950311,44078.60497951095,86981.70883901406,https://www.argentina.gob.ar/sites/default/files/servicios_provincia_de_buenos_aires_iv_trim_25_1.xlsx
Buenos Aires,2022,year,76267.73916018406,93558.25923200177,169825.99839218584,https://www.argentina.gob.ar/sites/default/files/servicios_provincia_de_buenos_aires_iv_trim_25_1.xlsx
Buenos Aires,2023,year,96459.24428009427,234382.2765713873,330841.5208514816,https://www.argentina.gob.ar/sites/default/files/servicios_provincia_de_buenos_aires_iv_trim_25_1.xlsx
Buenos Aires,2024,year,1023596.95,685258.5886963626,1708855.5386963626,https://www.argentina.gob.ar/sites/default/files/servicios_provincia_de_buenos_aires_iv_trim_25_1.xlsx
Buenos Aires,2025,year,1214972.6742167843,1193630.4110117864,2408603.0852285707,https://www.argentina.gob.ar/sites/default/files/servicios_provincia_de_buenos_aires_iv_trim_25_1.xlsx
CABA,2005,year,135.23476843106002,138.83166868969735,274.06643712075737,https://www.argentina.gob.ar/sites/default/files/servicios_provincia_de_ciudad_de_buenos_aires_iv_trim_25_1.xlsx
CABA,2006,year,388.2390180058696,176.68083337645584,564.9198513823254,https://www.argentina.gob.ar/sites/default/files/servicios_provincia_de_ciudad_de_buenos_aires_iv_trim_25_1.xlsx
CABA,2007,year,488.8549242100001,123.46917288,612.3240970900001,https://www.argentina.gob.ar/sites/default/files/servicios_provincia_de_ciudad_de_buenos_aires_iv_trim_25_1.xlsx
CABA,2008,year,342.196559593016,113.09752284800415,455.2940824410201,https://www.argentina.gob.ar/sites/default/files/servicios_provincia_de_ciudad_de_buenos_aires_iv_trim_25_1.xlsx
CABA,2009,year,458.7555086875901,103.16607797313904,561.9215866607292,https://www.argentina.gob.ar/sites/default/files/servicios_provincia_de_ciudad_de_buenos_aires_iv_trim_25_1.xlsx
CABA,2010,year,696.6135445935736,211.8422801409059,908.4558247344795,https://www.argentina.gob.ar/sites/default/files/servicios_provincia_de_ciudad_de_buenos_aires_iv_trim_25_1.xlsx
CABA,2011,year,789.4139961015031,370.7822193029771,1160.1962154044802,https://www.argentina.gob.ar/sites/default/files/servicios_provincia_de_ciudad_de_buenos_aires_iv_trim_25_1.xlsx
CABA,2012,year,978.9845541398793,489.74067126759024,1468.7252254074695,https://www.argentina.gob.ar/sites/default/files/servicios_provincia_de_ciudad_de_buenos_aires_iv_trim_25_1.xlsx
CABA,2013,year,346.8346674848463,772.3863088677668,1119.2209763526132,https://www.argentina.gob.ar/sites/default/files/servicios_provincia_de_ciudad_de_buenos_aires_iv_trim_25_1.xlsx
CABA,2014,year,1914.6410573910605,1275.6960217858193,3190.33707917688,https://www.argentina.gob.ar/sites/default/files/servicios_provincia_de_ciudad_de_buenos_aires_iv_trim_25_1.xlsx
CABA,2015,year,5006.481530696812,1728.7241677351938,6735.205698432006,https://www.argentina.gob.ar/sites/default/files/servicios_provincia_de_ciudad_de_buenos_aires_iv_trim_25_1.xlsx
CABA,2016,year,15576.581871368337,3831.2351621026282,19407.817033470965,https://www.argentina.gob.ar/sites/default/files/servicios_provincia_de_ciudad_de_buenos_aires_iv_trim_25_1.xlsx
CABA,2017,year,7285.906280081174,6285.052564081062,13570.958844162236,https://www.argentina.gob.ar/sites/default/files/servicios_provincia_de_ciudad_de_buenos_aires_iv_trim_25_1.xlsx
CABA,2018,year,8363.974926443598,14763.903727649442,23127.878654093038,https://www.argentina.gob.ar/sites/default/files/servicios_provincia_de_ciudad_de_buenos_aires_iv_trim_25_1.xlsx
CABA,2019,year,11930.952510667337,31953.798161383605,43884.75067205094,https://www.argentina.gob.ar/sites/default/files/servicios_provincia_de_ciudad_de_buenos_aires_iv_trim_25_1.xlsx
CABA,2020,year,15240.567184657652,34204.21229765489,49444.779482312544,https://www.argentina.gob.ar/sites/default/files/servicios_provincia_de_ciudad_de_buenos_aires_iv_trim_25_1.xlsx
CABA,2021,year,33684.69855745882,51929.08550094848,85613.7840584073,https://www.argentina.gob.ar/sites/default/files/servicios_provincia_de_ciudad_de_buenos_aires_iv_trim_25_1.xlsx
CABA,2022,year,36083.85633632404,52500.01687787963,88583.87321420366,https://www.argentina.gob.ar/sites/default/files/servicios_provincia_de_ciudad_de_buenos_aires_iv_trim_25_1.xlsx
CABA,2023,year,36891.56984209747,101473.32640109057,138364.89624318804,https://www.argentina.gob.ar/sites/default/files/servicios_provincia_de_ciudad_de_buenos_aires_iv_trim_25_1.xlsx
CABA,2024,year,75697.14815018942,139026.15273649257,214723.300886682,https://www.argentina.gob.ar/sites/default/files/servicios_provincia_de_ciudad_de_buenos_aires_iv_trim_25_1.xlsx
CABA,2025,year,380600.9223700375,107629.095367656,488230.0177376935,https://www.argentina.gob.ar/sites/default/files/servicios_provincia_de_ciudad_de_buenos_aires_iv_trim_25_1.xlsx
Catamarca,2005,year,76.45686635208334,41.21691668973559,117.67378304181892,https://www.argentina.gob.ar/sites/default/files/servicios_provincia_de_catamarca_iv_trim_25_1.xlsx
Catamarca,2006,year,115.12231588189778,35.0606091625656,150.1829250444634,https://www.argentina.gob.ar/sites/default/files/servicios_provincia_de_catamarca_iv_trim_25_1.xlsx
Catamarca,2007,year,110.43373151005807,35.70083191557713,146.1345634256352,https://www.argentina.gob.ar/sites/default/files/servicios_provincia_de_catamarca_iv_trim_25_1.xlsx
Catamarca,2008,year,129.12197825362625,41.51837875517954,170.64035700880578,https://www.argentina.gob.ar/sites/default/files/servicios_provincia_de_catamarca_iv_trim_25_1.xlsx
Catamarca,2009,year,131.75923782729166,42.41508178751108,174.17431961480273,https://www.argentina.gob.ar/sites/default/files/servicios_provincia_de_catamarca_iv_trim_25_1.xlsx
Catamarca,2010,year,142.97098512302784,32.27054837505528,175.24153349808313,https://www.argentina.gob.ar/sites/default/files/servicios_provincia_de_catamarca_iv_trim_25_1.xlsx
Catamarca,2011,year,57.10758569601224,6.205723298523832,63.31330899453607,https://www.argentina.gob.ar/sites/default/files/servicios_provincia_de_catamarca_iv_trim_25_1.xlsx
Catamarca,2012,year,61.07201397457169,5.790447372297061,66.86246134686876,https://www.argentina.gob.ar/sites/default/files/servicios_provincia_de_catamarca_iv_trim_25_1.xlsx
Catamarca,2013,year,69.40630982246613,22.651259019819236,92.05756884228536,https://www.argentina.gob.ar/sites/default/files/servicios_provincia_de_catamarca_iv_trim_25_1.xlsx
Catamarca,2014,year,118.03387903736234,68.2227740671939,186.25665310455622,https://www.argentina.gob.ar/sites/default/files/servicios_provincia_de_catamarca_iv_trim_25_1.xlsx
Catamarca,2015,year,159.64705480397976,53.2637067978664,212.91076160184616,https://www.argentina.gob.ar/sites/default/files/servicios_provincia_de_catamarca_iv_trim_25_1.xlsx
Catamarca,2016,year,148.24027084218378,83.63343898217212,231.8737098243559,https://www.argentina.gob.ar/sites/default/files/servicios_provincia_de_catamarca_iv_trim_25_1.xlsx
Catamarca,2017,year,210.66411789380027,207.52225470500767,418.1863725988079,https://www.argentina.gob.ar/sites/default/files/servicios_provincia_de_catamarca_iv_trim_25_1.xlsx
Catamarca,2018,year,384.7251889895315,380.23142177685816,764.9566107663896,https://www.argentina.gob.ar/sites/default/files/servicios_provincia_de_catamarca_iv_trim_25_1.xlsx
Catamarca,2019,year,488.40450519448154,516.0766813401028,1004.4811865345844,https://www.argentina.gob.ar/sites/default/files/servicios_provincia_de_catamarca_iv_trim_25_1.xlsx
Catamarca,2020,year,632.0019496669795,602.0526547357787,1234.0546044027583,https://www.argentina.gob.ar/sites/default/files/servicios_provincia_de_catamarca_iv_trim_25_1.xlsx
Catamarca,2021,year,873.4391768157378,454.0971747418274,1327.5363515575652,https://www.argentina.gob.ar/sites/default/files/servicios_provincia_de_catamarca_iv_trim_25_1.xlsx
Catamarca,2022,year,2682.0123250915435,1980.216100850612,4662.228425942156,https://www.argentina.gob.ar/sites/default/files/servicios_provincia_de_catamarca_iv_trim_25_1.xlsx
Catamarca,2023,year,7827.996364856967,2431.0691875325383,10259.065552389506,https://www.argentina.gob.ar/sites/default/files/servicios_provincia_de_catamarca_iv_trim_25_1.xlsx
Catamarca,2024,year,24933.718987734344,2260.921058641178,27194.640046375524,https://www.argentina.gob.ar/sites/default/files/servicios_provincia_de_catamarca_iv_trim_25_1.xlsx
Catamarca,2025,year,3399.5448011100752,1968.005727118759,5367.550528228834,https://www.argentina.gob.ar/sites/default/files/servicios_provincia_de_catamarca_iv_trim_25_1.xlsx
Chaco,2005,year,257.84334039189383,102.61491734245583,360.4582577343497,https://www.argentina.gob.ar/sites/default/files/servicios_provincia_del_chaco_iv_trim_25_1.xlsx
Chaco,2006,year,369.1944743338279,95.33573002602654,464.53020435985445,https://www.argentina.gob.ar/sites/default/files/servicios_provincia_del_chaco_iv_trim_25_1.xlsx
Chaco,2007,year,410.1077855021587,111.30531912205558,521.4131046242143,https://www.argentina.gob.ar/sites/default/files/servicios_provincia_del_chaco_iv_trim_25_1.xlsx
Chaco,2008,year,428.9408635559987,121.89633995432261,550.8372035103213,https://www.argentina.gob.ar/sites/default/files/servicios_provincia_del_chaco_iv_trim_25_1.xlsx
Chaco,2009,year,433.8257597364685,141.2321721792631,575.0579319157316,https://www.argentina.gob.ar/sites/default/files/servicios_provincia_del_chaco_iv_trim_25_1.xlsx
Chaco,2010,year,331.99695144919707,87.4474007849782,419.44435223417526,https://www.argentina.gob.ar/sites/default/files/servicios_provincia_del_chaco_iv_trim_25_1.xlsx
Chaco,2011,year,233.7799198824801,36.535223739306645,270.3151436217868,https://www.argentina.gob.ar/sites/default/files/servicios_provincia_del_chaco_iv_trim_25_1.xlsx
Chaco,2012,year,160.4494263391178,84.22379794051852,244.67322427963632,https://www.argentina.gob.ar/sites/default/files/servicios_provincia_del_chaco_iv_trim_25_1.xlsx
Chaco,2013,year,375.17615552904124,130.27818704328027,505.4543425723215,https://www.argentina.gob.ar/sites/default/files/servicios_provincia_del_chaco_iv_trim_25_1.xlsx
Chaco,2014,year,352.1303089425236,150.6763540222111,502.80666296473464,https://www.argentina.gob.ar/sites/default/files/servicios_provincia_del_chaco_iv_trim_25_1.xlsx
Chaco,2015,year,447.46936407766583,116.96904653073449,564.4384106084003,https://www.argentina.gob.ar/sites/default/files/servicios_provincia_del_chaco_iv_trim_25_1.xlsx
Chaco,2016,year,930.0267961985892,211.30435280367888,1141.3311490022681,https://www.argentina.gob.ar/sites/default/files/servicios_provincia_del_chaco_iv_trim_25_1.xlsx
Chaco,2017,year,796.865405801472,1068.74491454253,1865.610320344002,https://www.argentina.gob.ar/sites/default/files/servicios_provincia_del_chaco_iv_trim_25_1.xlsx
Chaco,2018,year,1773.2473783049545,2880.2785820279223,4653.525960332877,https://www.argentina.gob.ar/sites/default/files/servicios_provincia_del_chaco_iv_trim_25_1.xlsx
Chaco,2019,year,2770.56724835549,5889.26413213541,8659.831380490901,https://www.argentina.gob.ar/sites/default/files/servicios_provincia_del_chaco_iv_trim_25_1.xlsx
Chaco,2020,year,2055.9776698513747,2717.113027278355,4773.09069712973,https://www.argentina.gob.ar/sites/default/files/servicios_provincia_del_chaco_iv_trim_25_1.xlsx
Chaco,2021,year,7192.588418221591,5374.341998901539,12566.93041712313,https://www.argentina.gob.ar/sites/default/files/servicios_provincia_del_chaco_iv_trim_25_1.xlsx
Chaco,2022,year,12438.710047473225,6978.435920360512,19417.145967833738,https://www.argentina.gob.ar/sites/default/files/servicios_provincia_del_chaco_iv_trim_25_1.xlsx
Chaco,2023,year,23350.71353050159,18181.57106662225,41532.28459712384,https://www.argentina.gob.ar/sites/default/files/servicios_provincia_del_chaco_iv_trim_25_1.xlsx
Chaco,2024,year,100691.4620558841,70340.0,171031.4620558841,https://www.argentina.gob.ar/sites/default/files/servicios_provincia_del_chaco_iv_trim_25_1.xlsx
Chaco,2025,year,176563.22328494416,188832.16356560716,365395.38685055135,https://www.argentina.gob.ar/sites/default/files/servicios_provincia_del_chaco_iv_trim_25_1.xlsx
Chubut,2005,year,94.21341955759259,33.16558450655282,127.3790040641454,https://www.argentina.gob.ar/sites/default/files/servicios_provincia_del_chubut_iv_trim_25_1.xlsx
Chubut,2006,year,140.34657881070245,31.518737599607224,171.86531641030967,https://www.argentina.gob.ar/sites/default/files/servicios_provincia_del_chubut_iv_trim_25_1.xlsx
Chubut,2007,year,136.03368764832823,33.91963652356446,169.9533241718927,https://www.argentina.gob.ar/sites/default/files/servicios_provincia_del_chubut_iv_trim_25_1.xlsx
Chubut,2008,year,114.56110541013022,29.795398676369217,144.35650408649946,https://www.argentina.gob.ar/sites/default/files/servicios_provincia_del_chubut_iv_trim_25_1.xlsx
Chubut,2009,year,86.22155521121735,27.749475962182967,113.97103117340032,https://www.argentina.gob.ar/sites/default/files/servicios_provincia_del_chubut_iv_trim_25_1.xlsx
Chubut,2010,year,108.90055091664117,27.729264903464056,136.62981582010522,https://www.argentina.gob.ar/sites/default/files/servicios_provincia_del_chubut_iv_trim_25_1.xlsx
Chubut,2011,year,131.3807669061207,26.433246826945123,157.81401373306582,https://www.argentina.gob.ar/sites/default/files/servicios_provincia_del_chubut_iv_trim_25_1.xlsx
Chubut,2012,year,114.93155071584547,26.451764451025678,141.38331516687114,https://www.argentina.gob.ar/sites/default/files/servicios_provincia_del_chubut_iv_trim_25_1.xlsx
Chubut,2013,year,321.6510622618227,56.28879907636609,377.9398613381888,https://www.argentina.gob.ar/sites/default/files/servicios_provincia_del_chubut_iv_trim_25_1.xlsx
Chubut,2014,year,337.58983946818586,103.58494035729281,441.17477982547865,https://www.argentina.gob.ar/sites/default/files/servicios_provincia_del_chubut_iv_trim_25_1.xlsx
Chubut,2015,year,174.57558440068618,190.63280206632385,365.20838646701003,https://www.argentina.gob.ar/sites/default/files/servicios_provincia_del_chubut_iv_trim_25_1.xlsx
Chubut,2016,year,2885.8614749664193,755.8689734436632,3641.7304484100823,https://www.argentina.gob.ar/sites/default/files/servicios_provincia_del_chubut_iv_trim_25_1.xlsx
Chubut,2017,year,4392.907991342273,1972.2408413318008,6365.148832674074,https://www.argentina.gob.ar/sites/default/files/servicios_provincia_del_chubut_iv_trim_25_1.xlsx
Chubut,2018,year,5576.499427638495,3641.2254577165145,9217.72488535501,https://www.argentina.gob.ar/sites/default/files/servicios_provincia_del_chubut_iv_trim_25_1.xlsx
Chubut,2019,year,7468.274016322528,4738.8821155417845,12207.156131864313,https://www.argentina.gob.ar/sites/default/files/servicios_provincia_del_chubut_iv_trim_25_1.xlsx
Chubut,2020,year,8166.563809264219,5572.408359719985,13738.972168984204,https://www.argentina.gob.ar/sites/default/files/servicios_provincia_del_chubut_iv_trim_25_1.xlsx
Chubut,2021,year,10481.04559351447,7133.000251145851,17614.04584466032,https://www.argentina.gob.ar/sites/default/files/servicios_provincia_del_chubut_iv_trim_25_1.xlsx
Chubut,2022,year,25664.442280773477,11182.319747911151,36846.76202868463,https://www.argentina.gob.ar/sites/default/files/servicios_provincia_del_chubut_iv_trim_25_1.xlsx
Chubut,2023,year,36894.34982239396,19738.596338376672,56632.94616077063,https://www.argentina.gob.ar/sites/default/files/servicios_provincia_del_chubut_iv_trim_25_1.xlsx
Chubut,2024,year,100361.64531089558,41939.20002572173,142300.84533661732,https://www.argentina.gob.ar/sites/default/files/servicios_provincia_del_chubut_iv_trim_25_1.xlsx
Chubut,2025,year,134625.11564339668,95741.46289421736,230366.57853761403,https://www.argentina.gob.ar/sites/default/files/servicios_provincia_del_chubut_iv_trim_25_1.xlsx
Córdoba,2005,year,512.8265311024664,181.90860432848487,694.7351354309513,https://www.argentina.gob.ar/sites/default/files/servicios_provincia_de_cordoba_iv_trim_25_1.xlsx
Córdoba,2006,year,845.4073742286982,213.3374543651583,1058.7448285938565,https://www.argentina.gob.ar/sites/default/files/servicios_provincia_de_cordoba_iv_trim_25_1.xlsx
Córdoba,2007,year,821.944112815102,254.54917592857294,1076.4932887436748,https://www.argentina.gob.ar/sites/default/files/servicios_provincia_de_cordoba_iv_trim_25_1.xlsx
Córdoba,2008,year,967.6372995160232,276.7305847396081,1244.3678842556312,https://www.argentina.gob.ar/sites/default/files/servicios_provincia_de_cordoba_iv_trim_25_1.xlsx
Córdoba,2009,year,1109.9265550728464,333.4372559245951,1443.3638109974415,https://www.argentina.gob.ar/sites/default/files/servicios_provincia_de_cordoba_iv_trim_25_1.xlsx
Córdoba,2010,year,1101.7891259693347,325.4054782856285,1427.1946042549632,https://www.argentina.gob.ar/sites/default/files/servicios_provincia_de_cordoba_iv_trim_25_1.xlsx
Córdoba,2011,year,498.9282812374083,483.02970603606786,981.9579872734762,https://www.argentina.gob.ar/sites/default/files/servicios_provincia_de_cordoba_iv_trim_25_1.xlsx
Córdoba,2012,year,493.0680676625144,512.4976619300671,1005.5657295925815,https://www.argentina.gob.ar/sites/default/files/servicios_provincia_de_cordoba_iv_trim_25_1.xlsx
Córdoba,2013,year,1695.5192694867653,661.4778501683006,2356.997119655066,https://www.argentina.gob.ar/sites/default/files/servicios_provincia_de_cordoba_iv_trim_25_1.xlsx
Córdoba,2014,year,1121.1154525083962,1131.605390021003,2252.7208425293993,https://www.argentina.gob.ar/sites/default/files/servicios_provincia_de_cordoba_iv_trim_25_1.xlsx
Córdoba,2015,year,1191.4347938609262,1187.3812733530026,2378.816067213929,https://www.argentina.gob.ar/sites/default/files/servicios_provincia_de_cordoba_iv_trim_25_1.xlsx
Córdoba,2016,year,1366.1816858214365,1985.2656291845042,3351.4473150059407,https://www.argentina.gob.ar/sites/default/files/servicios_provincia_de_cordoba_iv_trim_25_1.xlsx
Córdoba,2017,year,8216.220768493238,2577.178603933766,10793.399372427004,https://www.argentina.gob.ar/sites/default/files/servicios_provincia_de_cordoba_iv_trim_25_1.xlsx
Córdoba,2018,year,1537.3768060859022,5042.744553188668,6580.12135927457,https://www.argentina.gob.ar/sites/default/files/servicios_provincia_de_cordoba_iv_trim_25_1.xlsx
Córdoba,2019,year,5647.4384663029605,10458.671889910798,16106.110356213758,https://www.argentina.gob.ar/sites/default/files/servicios_provincia_de_cordoba_iv_trim_25_1.xlsx
Córdoba,2020,year,11949.518746142203,11788.134189128392,23737.652935270595,https://www.argentina.gob.ar/sites/default/files/servicios_provincia_de_cordoba_iv_trim_25_1.xlsx
Córdoba,2021,year,18828.092829072026,10300.074643796182,29128.16747286821,https://www.argentina.gob.ar/sites/default/files/servicios_provincia_de_cordoba_iv_trim_25_1.xlsx
Córdoba,2022,year,24911.925178283243,19870.849871206323,44782.775049489566,https://www.argentina.gob.ar/sites/default/files/servicios_provincia_de_cordoba_iv_trim_25_1.xlsx
Córdoba,2023,year,187568.83354157998,68071.32411084954,255640.15765242954,https://www.argentina.gob.ar/sites/default/files/servicios_provincia_de_cordoba_iv_trim_25_1.xlsx
Córdoba,2024,year,509449.01387948217,195962.6758535833,705411.6897330654,https://www.argentina.gob.ar/sites/default/files/servicios_provincia_de_cordoba_iv_trim_25_1.xlsx
Córdoba,2025,year,513291.6219564692,203591.1437121707,716882.7656686399,https://www.argentina.gob.ar/sites/default/files/servicios_provincia_de_cordoba_iv_trim_25_1.xlsx
Corrientes,2005,year,193.280235261651,55.751155722567574,249.03139098421858,https://www.argentina.gob.ar/sites/default/files/servicios_provincia_de_corrientes_iv_trim_25_1.xlsx
Corrientes,2006,year,288.03575980114044,53.25704373955493,341.2928035406954,https://www.argentina.gob.ar/sites/default/files/servicios_provincia_de_corrientes_iv_trim_25_1.xlsx
Corrientes,2007,year,305.9584360679106,65.45047109041991,371.4089071583305,https://www.argentina.gob.ar/sites/default/files/servicios_provincia_de_corrientes_iv_trim_25_1.xlsx
Corrientes,2008,year,358.36154377955285,76.78197572014463,435.1435194996975,https://www.argentina.gob.ar/sites/default/files/servicios_provincia_de_corrientes_iv_trim_25_1.xlsx
Corrientes,2009,year,282.84398492908764,69.93155816735553,352.7755430964432,https://www.argentina.gob.ar/sites/default/files/servicios_provincia_de_corrientes_iv_trim_25_1.xlsx
Corrientes,2010,year,288.0883284078864,49.11970604912053,337.20803445700693,https://www.argentina.gob.ar/sites/default/files/servicios_provincia_de_corrientes_iv_trim_25_1.xlsx
Corrientes,2011,year,30.827577541021,5.1924538389469825,36.02003137996798,https://www.argentina.gob.ar/sites/default/files/servicios_provincia_de_corrientes_iv_trim_25_1.xlsx
Corrientes,2012,year,32.16302436446052,4.292122243713692,36.45514660817421,https://www.argentina.gob.ar/sites/default/files/servicios_provincia_de_corrientes_iv_trim_25_1.xlsx
Corrientes,2013,year,47.09940114324332,5.028680925918292,52.128082069161614,https://www.argentina.gob.ar/sites/default/files/servicios_provincia_de_corrientes_iv_trim_25_1.xlsx
Corrientes,2014,year,70.67441468262291,5.512261807112425,76.18667648973533,https://www.argentina.gob.ar/sites/default/files/servicios_provincia_de_corrientes_iv_trim_25_1.xlsx
Corrientes,2015,year,70.39131776446666,4.3055943349629775,74.69691209942964,https://www.argentina.gob.ar/sites/default/files/servicios_provincia_de_corrientes_iv_trim_25_1.xlsx
Corrientes,2016,year,96.26175683451993,9.229007251629879,105.49076408614981,https://www.argentina.gob.ar/sites/default/files/servicios_provincia_de_corrientes_iv_trim_25_1.xlsx
Corrientes,2017,year,125.1623440322768,242.09589804586432,367.2582420781411,https://www.argentina.gob.ar/sites/default/files/servicios_provincia_de_corrientes_iv_trim_25_1.xlsx
Corrientes,2018,year,441.94898717214755,898.354444219101,1340.3034313912485,https://www.argentina.gob.ar/sites/default/files/servicios_provincia_de_corrientes_iv_trim_25_1.xlsx
Corrientes,2019,year,820.4272820291604,1702.1931060568477,2522.620388086008,https://www.argentina.gob.ar/sites/default/files/servicios_provincia_de_corrientes_iv_trim_25_1.xlsx
Corrientes,2020,year,655.3078348278815,822.320220616944,1477.6280554448253,https://www.argentina.gob.ar/sites/default/files/servicios_provincia_de_corrientes_iv_trim_25_1.xlsx
Corrientes,2021,year,1140.7383277459596,1093.68308638036,2234.4214141263196,https://www.argentina.gob.ar/sites/default/files/servicios_provincia_de_corrientes_iv_trim_25_1.xlsx
Corrientes,2022,year,2939.908673083577,3215.831674586964,6155.74034767054,https://www.argentina.gob.ar/sites/default/files/servicios_provincia_de_corrientes_iv_trim_25_1.xlsx
Corrientes,2023,year,6343.994598020908,3707.678641176455,10051.673239197364,https://www.argentina.gob.ar/sites/default/files/servicios_provincia_de_corrientes_iv_trim_25_1.xlsx
Corrientes,2024,year,6953.225911403333,5016.127263442604,11969.353174845937,https://www.argentina.gob.ar/sites/default/files/servicios_provincia_de_corrientes_iv_trim_25_1.xlsx
Corrientes,2025,year,12465.0944856977,5260.194793834003,17725.289279531702,https://www.argentina.gob.ar/sites/default/files/servicios_provincia_de_corrientes_iv_trim_25_1.xlsx
Entre Ríos,2005,year,299.5554378343367,70.91741418725445,370.47285202159117,https://www.argentina.gob.ar/sites/default/files/servicios_provincia_de_entre_rios_i_trim_25_1.xlsx
Entre Ríos,2006,year,341.7513448192533,71.32510308406731,413.0764479033206,https://www.argentina.gob.ar/sites/default/files/servicios_provincia_de_entre_rios_i_trim_25_1.xlsx
Entre Ríos,2007,year,364.8116821431255,80.76720052704222,445.57888267016773,https://www.argentina.gob.ar/sites/default/files/servicios_provincia_de_entre_rios_i_trim_25_1.xlsx
Entre Ríos,2008,year,350.7924087352062,91.89876197336673,442.69117070857294,https://www.argentina.gob.ar/sites/default/files/servicios_provincia_de_entre_rios_i_trim_25_1.xlsx
Entre Ríos,2009,year,332.2976802406153,102.89421671128503,435.19189695190033,https://www.argentina.gob.ar/sites/default/files/servicios_provincia_de_entre_rios_i_trim_25_1.xlsx
Entre Ríos,2010,year,387.4232860685161,106.75305728288622,494.17634335140235,https://www.argentina.gob.ar/sites/default/files/servicios_provincia_de_entre_rios_i_trim_25_1.xlsx
Entre Ríos,2011,year,164.92069338339968,51.109015560002476,216.02970894340217,https://www.argentina.gob.ar/sites/default/files/servicios_provincia_de_entre_rios_i_trim_25_1.xlsx
Entre Ríos,2012,year,184.5356273025143,68.72372011199566,253.25934741451,https://www.argentina.gob.ar/sites/default/files/servicios_provincia_de_entre_rios_i_trim_25_1.xlsx
Entre Ríos,2013,year,572.0845098866915,157.15590875463357,729.240418641325,https://www.argentina.gob.ar/sites/default/files/servicios_provincia_de_entre_rios_i_trim_25_1.xlsx
Entre Ríos,2014,year,954.8669908591578,228.73485622818131,1183.6018470873391,https://www.argentina.gob.ar/sites/default/files/servicios_provincia_de_entre_rios_i_trim_25_1.xlsx
Entre Ríos,2015,year,1608.6759084552298,418.7576363657482,2027.433544820978,https://www.argentina.gob.ar/sites/default/files/servicios_provincia_de_entre_rios_i_trim_25_1.xlsx
Entre Ríos,2016,year,2946.2867358108547,1224.5597056808836,4170.846441491738,https://www.argentina.gob.ar/sites/default/files/servicios_provincia_de_entre_rios_i_trim_25_1.xlsx
Entre Ríos,2017,year,4820.1314472146905,1919.2703827875755,6739.401830002266,https://www.argentina.gob.ar/sites/default/files/servicios_provincia_de_entre_rios_i_trim_25_1.xlsx
Entre Ríos,2018,year,3779.8659563381166,2921.8077965205,6701.673752858616,https://www.argentina.gob.ar/sites/default/files/servicios_provincia_de_entre_rios_i_trim_25_1.xlsx
Entre Ríos,2019,year,1793.7517457806198,3538.569483511681,5332.321229292301,https://www.argentina.gob.ar/sites/default/files/servicios_provincia_de_entre_rios_i_trim_25_1.xlsx
Entre Ríos,2020,year,2783.4094636879004,3571.5208848980105,6354.930348585911,https://www.argentina.gob.ar/sites/default/files/servicios_provincia_de_entre_rios_i_trim_25_1.xlsx
Entre Ríos,2021,year,6514.223434997617,6131.970956775443,12646.19439177306,https://www.argentina.gob.ar/sites/default/files/servicios_provincia_de_entre_rios_i_trim_25_1.xlsx
Entre Ríos,2022,year,11787.797724987759,7957.936153842285,19745.733878830044,https://www.argentina.gob.ar/sites/default/files/servicios_provincia_de_entre_rios_i_trim_25_1.xlsx
Entre Ríos,2023,year,34086.81891214458,17782.853583200424,51869.672495345,https://www.argentina.gob.ar/sites/default/files/servicios_provincia_de_entre_rios_i_trim_25_1.xlsx
Entre Ríos,2024,year,112817.8508181795,71406.76497070957,184224.61578888906,https://www.argentina.gob.ar/sites/default/files/servicios_provincia_de_entre_rios_i_trim_25_1.xlsx
Entre Ríos,2025,year,218082.76708124726,134920.97263449212,353003.7397157394,https://www.argentina.gob.ar/sites/default/files/servicios_provincia_de_entre_rios_i_trim_25_1.xlsx
Formosa,2005,year,197.44829302573416,71.10307372298615,268.5513667487203,https://www.argentina.gob.ar/sites/default/files/servicios_provincia_de_formosa_iv_trim_25_1.xlsx
Formosa,2006,year,293.95842762134254,63.161370433690436,357.11979805503296,https://www.argentina.gob.ar/sites/default/files/servicios_provincia_de_formosa_iv_trim_25_1.xlsx
Formosa,2007,year,282.9644195322921,79.90742048124602,362.8718400135381,https://www.argentina.gob.ar/sites/default/files/servicios_provincia_de_formosa_iv_trim_25_1.xlsx
Formosa,2008,year,300.14723840802844,101.24014774728053,401.38738615530895,https://www.argentina.gob.ar/sites/default/files/servicios_provincia_de_formosa_iv_trim_25_1.xlsx
Formosa,2009,year,276.9975525983049,103.05337005147695,380.0509226497818,https://www.argentina.gob.ar/sites/default/files/servicios_provincia_de_formosa_iv_trim_25_1.xlsx
Formosa,2010,year,129.96123296311174,44.89774733214904,174.85898029526078,https://www.argentina.gob.ar/sites/default/files/servicios_provincia_de_formosa_iv_trim_25_1.xlsx
Formosa,2011,year,10.484209071087033,13.837328775837637,24.32153784692467,https://www.argentina.gob.ar/sites/default/files/servicios_provincia_de_formosa_iv_trim_25_1.xlsx
Formosa,2012,year,33.860068979999994,15.71058454,49.57065351999999,https://www.argentina.gob.ar/sites/default/files/servicios_provincia_de_formosa_iv_trim_25_1.xlsx
Formosa,2013,year,49.66668445371018,17.61874563,67.28543008371018,https://www.argentina.gob.ar/sites/default/files/servicios_provincia_de_formosa_iv_trim_25_1.xlsx
Formosa,2014,year,68.71720876653292,23.066949013467084,91.78415778,https://www.argentina.gob.ar/sites/default/files/servicios_provincia_de_formosa_iv_trim_25_1.xlsx
Formosa,2015,year,73.555455306158,23.138188274049593,96.69364358020759,https://www.argentina.gob.ar/sites/default/files/servicios_provincia_de_formosa_iv_trim_25_1.xlsx
Formosa,2016,year,108.31294172,28.709911402500822,137.0228531225008,https://www.argentina.gob.ar/sites/default/files/servicios_provincia_de_formosa_iv_trim_25_1.xlsx
Formosa,2017,year,119.45576381446514,233.1760700365016,352.63183385096676,https://www.argentina.gob.ar/sites/default/files/servicios_provincia_de_formosa_iv_trim_25_1.xlsx
Formosa,2018,year,191.59550901385856,348.21757185690507,539.8130808707637,https://www.argentina.gob.ar/sites/default/files/servicios_provincia_de_formosa_iv_trim_25_1.xlsx
Formosa,2019,year,314.8071255793582,510.78241375528023,825.5895393346384,https://www.argentina.gob.ar/sites/default/files/servicios_provincia_de_formosa_iv_trim_25_1.xlsx
Formosa,2020,year,1443.274591905464,623.9880864027045,2067.2626783081687,https://www.argentina.gob.ar/sites/default/files/servicios_provincia_de_formosa_iv_trim_25_1.xlsx
Formosa,2021,year,1196.4319544289929,451.6954629659084,1648.1274173949014,https://www.argentina.gob.ar/sites/default/files/servicios_provincia_de_formosa_iv_trim_25_1.xlsx
Formosa,2022,year,2969.035570872282,427.2905810319755,3396.326151904257,https://www.argentina.gob.ar/sites/default/files/servicios_provincia_de_formosa_iv_trim_25_1.xlsx
Formosa,2023,year,7593.225284593903,473.50829561678313,8066.733580210686,https://www.argentina.gob.ar/sites/default/files/servicios_provincia_de_formosa_iv_trim_25_1.xlsx
Formosa,2024,year,23456.89660144989,1259.605931520216,24716.502532970106,https://www.argentina.gob.ar/sites/default/files/servicios_provincia_de_formosa_iv_trim_25_1.xlsx
Formosa,2025,year,2556.24475392,1741.95787351,4298.202627430001,https://www.argentina.gob.ar/sites/default/files/servicios_provincia_de_formosa_iv_trim_25_1.xlsx
Jujuy,2005,year,217.5816237060222,66.74058750533253,284.3222112113547,https://www.argentina.gob.ar/sites/default/files/servicios_provincia_de_jujuy_iv_trim_25_1.xlsx
Jujuy,2006,year,315.7962767329239,55.915000270646175,371.7112770035701,https://www.argentina.gob.ar/sites/default/files/servicios_provincia_de_jujuy_iv_trim_25_1.xlsx
Jujuy,2007,year,371.6293157044638,76.21248139174965,447.84179709621344,https://www.argentina.gob.ar/sites/default/files/servicios_provincia_de_jujuy_iv_trim_25_1.xlsx
Jujuy,2008,year,302.3926912850099,53.77025672371586,356.1629480087258,https://www.argentina.gob.ar/sites/default/files/servicios_provincia_de_jujuy_iv_trim_25_1.xlsx
Jujuy,2009,year,280.33631729740944,62.16083911156159,342.497156408971,https://www.argentina.gob.ar/sites/default/files/servicios_provincia_de_jujuy_iv_trim_25_1.xlsx
Jujuy,2010,year,344.92900713184054,91.64107261851422,436.57007975035475,https://www.argentina.gob.ar/sites/default/files/servicios_provincia_de_jujuy_iv_trim_25_1.xlsx
Jujuy,2011,year,55.22616640164148,7.218340074329499,62.444506475970975,https://www.argentina.gob.ar/sites/default/files/servicios_provincia_de_jujuy_iv_trim_25_1.xlsx
Jujuy,2012,year,55.57842844586768,13.64203054856893,69.22045899443661,https://www.argentina.gob.ar/sites/default/files/servicios_provincia_de_jujuy_iv_trim_25_1.xlsx
Jujuy,2013,year,102.09386549846562,52.68338073198708,154.7772462304527,https://www.argentina.gob.ar/sites/default/files/servicios_provincia_de_jujuy_iv_trim_25_1.xlsx
Jujuy,2014,year,87.00713010609518,7.386629910846436,94.39376001694161,https://www.argentina.gob.ar/sites/default/files/servicios_provincia_de_jujuy_iv_trim_25_1.xlsx
Jujuy,2015,year,160.00506403959525,19.571158878534078,179.57622291812933,https://www.argentina.gob.ar/sites/default/files/servicios_provincia_de_jujuy_iv_trim_25_1.xlsx
Jujuy,2016,year,190.36829036774958,473.1303106613511,663.4986010291007,https://www.argentina.gob.ar/sites/default/files/servicios_provincia_de_jujuy_iv_trim_25_1.xlsx
Jujuy,2017,year,234.68042578892633,916.5310813764586,1151.211507165385,https://www.argentina.gob.ar/sites/default/files/servicios_provincia_de_jujuy_iv_trim_25_1.xlsx
Jujuy,2018,year,1090.6813417534465,2431.0065063693414,3521.6878481227877,https://www.argentina.gob.ar/sites/default/files/servicios_provincia_de_jujuy_iv_trim_25_1.xlsx
Jujuy,2019,year,1861.527713057299,2663.537102284056,4525.064815341355,https://www.argentina.gob.ar/sites/default/files/servicios_provincia_de_jujuy_iv_trim_25_1.xlsx
Jujuy,2020,year,2852.06528407295,5073.830696653411,7925.895980726361,https://www.argentina.gob.ar/sites/default/files/servicios_provincia_de_jujuy_iv_trim_25_1.xlsx
Jujuy,2021,year,2852.06528407295,5073.830696653411,7925.895980726361,https://www.argentina.gob.ar/sites/default/files/servicios_provincia_de_jujuy_iv_trim_25_1.xlsx
Jujuy,2022,year,10424.694676279634,8599.952139046592,19024.646815326225,https://www.argentina.gob.ar/sites/default/files/servicios_provincia_de_jujuy_iv_trim_25_1.xlsx
Jujuy,2023,year,34928.418904218604,14589.967640109879,49518.38654432848,https://www.argentina.gob.ar/sites/default/files/servicios_provincia_de_jujuy_iv_trim_25_1.xlsx
Jujuy,2024,year,96362.684291691,31717.626586967643,128080.31087865864,https://www.argentina.gob.ar/sites/default/files/servicios_provincia_de_jujuy_iv_trim_25_1.xlsx
Jujuy,2025,year,134909.57897716473,48105.95237569958,183015.5313528643,https://www.argentina.gob.ar/sites/default/files/servicios_provincia_de_jujuy_iv_trim_25_1.xlsx
La Pampa,2005,year,46.19621383606798,10.906752596050875,57.10296643211886,https://www.argentina.gob.ar/sites/default/files/evol._de_serv._por_prov_iv-trim_la_pampa.xlsx
La Pampa,2006,year,30.846572347639142,11.17032542854143,42.01689777618057,https://www.argentina.gob.ar/sites/default/files/evol._de_serv._por_prov_iv-trim_la_pampa.xlsx
La Pampa,2007,year,20.776185566825742,10.31015597144384,31.086341538269583,https://www.argentina.gob.ar/sites/default/files/evol._de_serv._por_prov_iv-trim_la_pampa.xlsx
La Pampa,2008,year,23.339205193966333,9.604223859661682,32.943429053628016,https://www.argentina.gob.ar/sites/default/files/evol._de_serv._por_prov_iv-trim_la_pampa.xlsx
La Pampa,2009,year,26.00116932998527,9.106891497647709,35.10806082763298,https://www.argentina.gob.ar/sites/default/files/evol._de_serv._por_prov_iv-trim_la_pampa.xlsx
La Pampa,2010,year,25.592210207829762,8.395566657655054,33.98777686548482,https://www.argentina.gob.ar/sites/default/files/evol._de_serv._por_prov_iv-trim_la_pampa.xlsx
La Pampa,2011,year,25.430592151619763,7.66341578771271,33.09400793933247,https://www.argentina.gob.ar/sites/default/files/evol._de_serv._por_prov_iv-trim_la_pampa.xlsx
La Pampa,2012,year,27.46008330742123,6.888765515040536,34.34884882246176,https://www.argentina.gob.ar/sites/default/files/evol._de_serv._por_prov_iv-trim_la_pampa.xlsx
La Pampa,2013,year,29.720798965003254,6.1351194189979505,35.85591838400121,https://www.argentina.gob.ar/sites/default/files/evol._de_serv._por_prov_iv-trim_la_pampa.xlsx
La Pampa,2014,year,30.290022907128662,6.128884063679275,36.41890697080794,https://www.argentina.gob.ar/sites/default/files/evol._de_serv._por_prov_iv-trim_la_pampa.xlsx
La Pampa,2015,year,22.585779925476707,5.646271851842721,28.232051777319427,https://www.argentina.gob.ar/sites/default/files/evol._de_serv._por_prov_iv-trim_la_pampa.xlsx
La Pampa,2016,year,34.775045497710714,4.138188785523547,38.91323428323426,https://www.argentina.gob.ar/sites/default/files/evol._de_serv._por_prov_iv-trim_la_pampa.xlsx
La Pampa,2017,year,30.161840653179947,108.49053643515217,138.65237708833212,https://www.argentina.gob.ar/sites/default/files/evol._de_serv._por_prov_iv-trim_la_pampa.xlsx
La Pampa,2018,year,15.754057021835026,160.7227875089023,176.4768445307373,https://www.argentina.gob.ar/sites/default/files/evol._de_serv._por_prov_iv-trim_la_pampa.xlsx
La Pampa,2019,year,12.075128181551422,238.9433757857278,251.01850396727923,https://www.argentina.gob.ar/sites/default/files/evol._de_serv._por_prov_iv-trim_la_pampa.xlsx
La Pampa,2020,year,19.017448707893937,290.7710536637421,309.78850237163607,https://www.argentina.gob.ar/sites/default/files/evol._de_serv._por_prov_iv-trim_la_pampa.xlsx
La Pampa,2021,year,24.264350749151685,157.41915675881253,181.6835075079642,https://www.argentina.gob.ar/sites/default/files/evol._de_serv._por_prov_iv-trim_la_pampa.xlsx
La Pampa,2022,year,1401.8599737278748,676.720571371466,2078.5805450993407,https://www.argentina.gob.ar/sites/default/files/evol._de_serv._por_prov_iv-trim_la_pampa.xlsx
La Pampa,2023,year,900.5674750000001,239.01268249999998,1139.5801575,https://www.argentina.gob.ar/sites/default/files/evol._de_serv._por_prov_iv-trim_la_pampa.xlsx
La Pampa,2024,year,82.34982552,3.01997534,85.36980086,https://www.argentina.gob.ar/sites/default/files/evol._de_serv._por_prov_iv-trim_la_pampa.xlsx
La Rioja,2005,year,55.61110536453174,26.549377286886617,82.16048265141836,https://www.argentina.gob.ar/sites/default/files/servicios_provincia_de_la_rioja_iv_trim_25_1.xlsx
La Rioja,2006,year,81.08756939786274,18.29994228795745,99.38751168582019,https://www.argentina.gob.ar/sites/default/files/servicios_provincia_de_la_rioja_iv_trim_25_1.xlsx
La Rioja,2007,year,81.97659864948355,18.53318945126093,100.50978810074449,https://www.argentina.gob.ar/sites/default/files/servicios_provincia_de_la_rioja_iv_trim_25_1.xlsx
La Rioja,2008,year,80.74699331336785,17.5803707344914,98.32736404785925,https://www.argentina.gob.ar/sites/default/files/servicios_provincia_de_la_rioja_iv_trim_25_1.xlsx
La Rioja,2009,year,73.67392568445018,21.136703420873385,94.81062910532357,https://www.argentina.gob.ar/sites/default/files/servicios_provincia_de_la_rioja_iv_trim_25_1.xlsx
La Rioja,2010,year,75.36494809168926,41.512749421050515,116.87769751273977,https://www.argentina.gob.ar/sites/default/files/servicios_provincia_de_la_rioja_iv_trim_25_1.xlsx
La Rioja,2011,year,25.383273701658645,40.99145239465302,66.37472609631166,https://www.argentina.gob.ar/sites/default/files/servicios_provincia_de_la_rioja_iv_trim_25_1.xlsx
La Rioja,2012,year,44.94230269982202,58.51502220224778,103.4573249020698,https://www.argentina.gob.ar/sites/default/files/servicios_provincia_de_la_rioja_iv_trim_25_1.xlsx
La Rioja,2013,year,60.2665813345259,71.25752713029378,131.52410846481968,https://www.argentina.gob.ar/sites/default/files/servicios_provincia_de_la_rioja_iv_trim_25_1.xlsx
La Rioja,2014,year,82.62541198101312,105.56651132832326,188.19192330933637,https://www.argentina.gob.ar/sites/default/files/servicios_provincia_de_la_rioja_iv_trim_25_1.xlsx
La Rioja,2015,year,180.86241219122323,131.02429500974327,311.8867072009665,https://www.argentina.gob.ar/sites/default/files/servicios_provincia_de_la_rioja_iv_trim_25_1.xlsx
La Rioja,2016,year,72.50118220816799,139.3781768983244,211.8793591064924,https://www.argentina.gob.ar/sites/default/files/servicios_provincia_de_la_rioja_iv_trim_25_1.xlsx
La Rioja,2017,year,170.01601317432588,464.0773704732893,634.0933836476152,https://www.argentina.gob.ar/sites/default/files/servicios_provincia_de_la_rioja_iv_trim_25_1.xlsx
La Rioja,2018,year,306.146310832478,1095.4818699989053,1401.6281808313834,https://www.argentina.gob.ar/sites/default/files/servicios_provincia_de_la_rioja_iv_trim_25_1.xlsx
La Rioja,2019,year,440.6218899197897,1930.0424777765422,2370.6643676963317,https://www.argentina.gob.ar/sites/default/files/servicios_provincia_de_la_rioja_iv_trim_25_1.xlsx
La Rioja,2020,year,522.3799984341621,1767.3055232972808,2289.685521731443,https://www.argentina.gob.ar/sites/default/files/servicios_provincia_de_la_rioja_iv_trim_25_1.xlsx
La Rioja,2021,year,865.4137543752895,2940.214436880649,3805.6281912559384,https://www.argentina.gob.ar/sites/default/files/servicios_provincia_de_la_rioja_iv_trim_25_1.xlsx
La Rioja,2022,year,1260.189745354802,3347.4552096299985,4607.6449549848,https://www.argentina.gob.ar/sites/default/files/servicios_provincia_de_la_rioja_iv_trim_25_1.xlsx
La Rioja,2023,year,2433.33396574967,7687.927284165152,10121.261249914822,https://www.argentina.gob.ar/sites/default/files/servicios_provincia_de_la_rioja_iv_trim_25_1.xlsx
La Rioja,2024,year,3151.7598301823455,15701.314970454685,18853.07480063703,https://www.argentina.gob.ar/sites/default/files/servicios_provincia_de_la_rioja_iv_trim_25_1.xlsx
La Rioja,2025,year,16754.484321452284,8406.849483839113,25161.333805291397,https://www.argentina.gob.ar/sites/default/files/servicios_provincia_de_la_rioja_iv_trim_25_1.xlsx
Mendoza,2005,year,203.11191899516373,105.3244249354718,308.43634393063553,https://www.argentina.gob.ar/sites/default/files/servicios_provincia_de_mendoza_iv_trim_25_1.xlsx
Mendoza,2006,year,346.61224011837373,160.6043110372379,507.2165511556116,https://www.argentina.gob.ar/sites/default/files/servicios_provincia_de_mendoza_iv_trim_25_1.xlsx
Mendoza,2007,year,308.3039516995665,116.29632538815345,424.6002770877199,https://www.argentina.gob.ar/sites/default/files/servicios_provincia_de_mendoza_iv_trim_25_1.xlsx
Mendoza,2008,year,351.64707143283425,131.5713358434268,483.218407276261,https://www.argentina.gob.ar/sites/default/files/servicios_provincia_de_mendoza_iv_trim_25_1.xlsx
Mendoza,2009,year,325.87378691085536,144.14429873722597,470.0180856480813,https://www.argentina.gob.ar/sites/default/files/servicios_provincia_de_mendoza_iv_trim_25_1.xlsx
Mendoza,2010,year,496.69312934351854,180.43270410844707,677.1258334519656,https://www.argentina.gob.ar/sites/default/files/servicios_provincia_de_mendoza_iv_trim_25_1.xlsx
Mendoza,2011,year,242.47317451016627,179.01999512717867,421.493169637345,https://www.argentina.gob.ar/sites/default/files/servicios_provincia_de_mendoza_iv_trim_25_1.xlsx
Mendoza,2012,year,386.383848383455,197.68481382847295,584.068662211928,https://www.argentina.gob.ar/sites/default/files/servicios_provincia_de_mendoza_iv_trim_25_1.xlsx
Mendoza,2013,year,564.4358711727945,317.43506965351696,881.8709408263114,https://www.argentina.gob.ar/sites/default/files/servicios_provincia_de_mendoza_iv_trim_25_1.xlsx
Mendoza,2014,year,1103.1234123407364,612.7355746165457,1715.858986957282,https://www.argentina.gob.ar/sites/default/files/servicios_provincia_de_mendoza_iv_trim_25_1.xlsx
Mendoza,2015,year,1710.5668103989508,930.3493805649238,2640.9161909638747,https://www.argentina.gob.ar/sites/default/files/servicios_provincia_de_mendoza_iv_trim_25_1.xlsx
Mendoza,2016,year,2330.7701049463653,2389.954554872603,4720.724659818969,https://www.argentina.gob.ar/sites/default/files/servicios_provincia_de_mendoza_iv_trim_25_1.xlsx
Mendoza,2017,year,3611.729915021956,3557.486967792536,7169.216882814491,https://www.argentina.gob.ar/sites/default/files/servicios_provincia_de_mendoza_iv_trim_25_1.xlsx
Mendoza,2018,year,4044.5802865476985,6404.364115886535,10448.944402434234,https://www.argentina.gob.ar/sites/default/files/servicios_provincia_de_mendoza_iv_trim_25_1.xlsx
Mendoza,2019,year,3063.906506986914,8984.467437294446,12048.37394428136,https://www.argentina.gob.ar/sites/default/files/servicios_provincia_de_mendoza_iv_trim_25_1.xlsx
Mendoza,2020,year,5460.200928618562,5970.718446939389,11430.91937555795,https://www.argentina.gob.ar/sites/default/files/servicios_provincia_de_mendoza_iv_trim_25_1.xlsx
Mendoza,2021,year,14528.198048800215,9085.112125755059,23613.310174555274,https://www.argentina.gob.ar/sites/default/files/servicios_provincia_de_mendoza_iv_trim_25_1.xlsx
Mendoza,2022,year,14463.998575003334,14780.154603550973,29244.153178554305,https://www.argentina.gob.ar/sites/default/files/servicios_provincia_de_mendoza_iv_trim_25_1.xlsx
Mendoza,2023,year,59319.44692351512,39854.05566418087,99173.50258769598,https://www.argentina.gob.ar/sites/default/files/servicios_provincia_de_mendoza_iv_trim_25_1.xlsx
Mendoza,2024,year,137418.6770843662,53683.52550833479,191102.202592701,https://www.argentina.gob.ar/sites/default/files/servicios_provincia_de_mendoza_iv_trim_25_1.xlsx
Mendoza,2025,year,201215.06221217563,126542.96342113422,327758.02563330985,https://www.argentina.gob.ar/sites/default/files/servicios_provincia_de_mendoza_iv_trim_25_1.xlsx
Misiones,2005,year,177.29753806484513,69.99236553896124,247.28990360380635,https://www.argentina.gob.ar/sites/default/files/servicios_provincia_de_misiones_iv_trim_25_1.xlsx
Misiones,2006,year,243.92837874256972,63.89731694342044,307.8256956859902,https://www.argentina.gob.ar/sites/default/files/servicios_provincia_de_misiones_iv_trim_25_1.xlsx
Misiones,2007,year,252.03756229479018,74.68957412908135,326.7271364238715,https://www.argentina.gob.ar/sites/default/files/servicios_provincia_de_misiones_iv_trim_25_1.xlsx
Misiones,2008,year,284.45035126112697,85.05349017422074,369.5038414353477,https://www.argentina.gob.ar/sites/default/files/servicios_provincia_de_misiones_iv_trim_25_1.xlsx
Misiones,2009,year,251.87684258961363,91.35408292126526,343.2309255108789,https://www.argentina.gob.ar/sites/default/files/servicios_provincia_de_misiones_iv_trim_25_1.xlsx
Misiones,2010,year,242.3726492336209,66.71297816489543,309.08562739851635,https://www.argentina.gob.ar/sites/default/files/servicios_provincia_de_misiones_iv_trim_25_1.xlsx
Misiones,2011,year,37.642912523434624,9.68279545494553,47.32570797838015,https://www.argentina.gob.ar/sites/default/files/servicios_provincia_de_misiones_iv_trim_25_1.xlsx
Misiones,2012,year,48.089207950382715,12.605743596633825,60.694951547016544,https://www.argentina.gob.ar/sites/default/files/servicios_provincia_de_misiones_iv_trim_25_1.xlsx
Misiones,2013,year,50.551677790596656,13.559712394239261,64.11139018483591,https://www.argentina.gob.ar/sites/default/files/servicios_provincia_de_misiones_iv_trim_25_1.xlsx
Misiones,2014,year,63.94695675856788,10.643635078745614,74.5905918373135,https://www.argentina.gob.ar/sites/default/files/servicios_provincia_de_misiones_iv_trim_25_1.xlsx
Misiones,2015,year,63.823748299725835,11.583430124873326,75.40717842459917,https://www.argentina.gob.ar/sites/default/files/servicios_provincia_de_misiones_iv_trim_25_1.xlsx
Misiones,2016,year,49.24511020834266,21.677776485978082,70.92288669432074,https://www.argentina.gob.ar/sites/default/files/servicios_provincia_de_misiones_iv_trim_25_1.xlsx
Misiones,2017,year,40.7011647141501,310.48767299018516,351.18883770433524,https://www.argentina.gob.ar/sites/default/files/servicios_provincia_de_misiones_iv_trim_25_1.xlsx
Misiones,2018,year,336.2582707594645,600.2298685932691,936.4881393527336,https://www.argentina.gob.ar/sites/default/files/servicios_provincia_de_misiones_iv_trim_25_1.xlsx
Misiones,2019,year,635.2840246378933,766.3590670861967,1401.64309172409,https://www.argentina.gob.ar/sites/default/files/servicios_provincia_de_misiones_iv_trim_25_1.xlsx
Misiones,2020,year,551.5237907330877,704.3861577255232,1255.9099484586109,https://www.argentina.gob.ar/sites/default/files/servicios_provincia_de_misiones_iv_trim_25_1.xlsx
Misiones,2021,year,1297.4382192473117,465.3271016778208,1762.7653209251325,https://www.argentina.gob.ar/sites/default/files/servicios_provincia_de_misiones_iv_trim_25_1.xlsx
Misiones,2022,year,2369.7849247317795,2358.8882504295334,4728.673175161313,https://www.argentina.gob.ar/sites/default/files/servicios_provincia_de_misiones_iv_trim_25_1.xlsx
Misiones,2023,year,5082.204250242781,4551.125948719439,9633.33019896222,https://www.argentina.gob.ar/sites/default/files/servicios_provincia_de_misiones_iv_trim_25_1.xlsx
Misiones,2024,year,17336.041544701187,4445.688283821086,21781.72982852227,https://www.argentina.gob.ar/sites/default/files/servicios_provincia_de_misiones_iv_trim_25_1.xlsx
Misiones,2025,year,23110.444163142944,3849.0124511645986,26959.456614307543,https://www.argentina.gob.ar/sites/default/files/servicios_provincia_de_misiones_iv_trim_25_1.xlsx
Neuquén,2005,year,115.6594742393493,57.13766657700512,172.7971408163544,https://www.argentina.gob.ar/sites/default/files/servicios_provincia_del_neuquen_iv_trim_25_1.xlsx
Neuquén,2006,year,153.8870135245353,51.07668957914339,204.96370310367868,https://www.argentina.gob.ar/sites/default/files/servicios_provincia_del_neuquen_iv_trim_25_1.xlsx
Neuquén,2007,year,155.6926571218292,99.85906643341745,255.55172355524667,https://www.argentina.gob.ar/sites/default/files/servicios_provincia_del_neuquen_iv_trim_25_1.xlsx
Neuquén,2008,year,241.2841805268531,110.90034727304317,352.1845277998963,https://www.argentina.gob.ar/sites/default/files/servicios_provincia_del_neuquen_iv_trim_25_1.xlsx
Neuquén,2009,year,299.1046978951129,121.3891493093881,420.493847204501,https://www.argentina.gob.ar/sites/default/files/servicios_provincia_del_neuquen_iv_trim_25_1.xlsx
Neuquén,2010,year,371.93800572662246,130.35403979257356,502.292045519196,https://www.argentina.gob.ar/sites/default/files/servicios_provincia_del_neuquen_iv_trim_25_1.xlsx
Neuquén,2011,year,592.04300215,141.28008597421032,733.3230881242104,https://www.argentina.gob.ar/sites/default/files/servicios_provincia_del_neuquen_iv_trim_25_1.xlsx
Neuquén,2012,year,229.55970867000002,146.75346977019996,376.3131784402,https://www.argentina.gob.ar/sites/default/files/servicios_provincia_del_neuquen_iv_trim_25_1.xlsx
Neuquén,2013,year,403.14627105,222.06907910161422,625.2153501516142,https://www.argentina.gob.ar/sites/default/files/servicios_provincia_del_neuquen_iv_trim_25_1.xlsx
Neuquén,2014,year,1922.152775422985,369.25940703942166,2291.4121824624067,https://www.argentina.gob.ar/sites/default/files/servicios_provincia_del_neuquen_iv_trim_25_1.xlsx
Neuquén,2015,year,1314.6777716544002,677.0344111716205,1991.7121828260206,https://www.argentina.gob.ar/sites/default/files/servicios_provincia_del_neuquen_iv_trim_25_1.xlsx
Neuquén,2016,year,2695.816526101779,1955.662275779116,4651.478801880895,https://www.argentina.gob.ar/sites/default/files/servicios_provincia_del_neuquen_iv_trim_25_1.xlsx
Neuquén,2017,year,4111.393194181659,2792.1910180921477,6903.584212273807,https://www.argentina.gob.ar/sites/default/files/servicios_provincia_del_neuquen_iv_trim_25_1.xlsx
Neuquén,2018,year,5312.726156205812,4514.941576936441,9827.667733142254,https://www.argentina.gob.ar/sites/default/files/servicios_provincia_del_neuquen_iv_trim_25_1.xlsx
Neuquén,2019,year,3128.3116039638367,6659.003166875474,9787.31477083931,https://www.argentina.gob.ar/sites/default/files/servicios_provincia_del_neuquen_iv_trim_25_1.xlsx
Neuquén,2020,year,9346.035346739942,7366.34961506421,16712.384961804153,https://www.argentina.gob.ar/sites/default/files/servicios_provincia_del_neuquen_iv_trim_25_1.xlsx
Neuquén,2021,year,11669.780632438058,6662.714818601174,18332.49545103923,https://www.argentina.gob.ar/sites/default/files/servicios_provincia_del_neuquen_iv_trim_25_1.xlsx
Neuquén,2022,year,26282.184731354006,14222.46084645108,40504.64557780509,https://www.argentina.gob.ar/sites/default/files/servicios_provincia_del_neuquen_iv_trim_25_1.xlsx
Neuquén,2023,year,63265.755258726174,33057.27099520399,96323.02625393016,https://www.argentina.gob.ar/sites/default/files/servicios_provincia_del_neuquen_iv_trim_25_1.xlsx
Neuquén,2024,year,216970.21694271234,89345.77897639452,306315.9959191069,https://www.argentina.gob.ar/sites/default/files/servicios_provincia_del_neuquen_iv_trim_25_1.xlsx
Neuquén,2025,year,276236.73862997146,89902.71652769287,366139.4551576643,https://www.argentina.gob.ar/sites/default/files/servicios_provincia_del_neuquen_iv_trim_25_1.xlsx
Río Negro,2005,year,177.34320532391396,82.23618535331393,259.5793906772279,https://www.argentina.gob.ar/sites/default/files/servicios_provincia_de_rio_negro_iv_trim_25_1.xlsx
Río Negro,2006,year,278.2880722979009,74.63180466677085,352.91987696467174,https://www.argentina.gob.ar/sites/default/files/servicios_provincia_de_rio_negro_iv_trim_25_1.xlsx
Río Negro,2007,year,297.06949372483274,87.01994208224708,384.08943580707984,https://www.argentina.gob.ar/sites/default/files/servicios_provincia_de_rio_negro_iv_trim_25_1.xlsx
Río Negro,2008,year,307.8003465280149,98.88492616053111,406.68527268854604,https://www.argentina.gob.ar/sites/default/files/servicios_provincia_de_rio_negro_iv_trim_25_1.xlsx
Río Negro,2009,year,303.8959073815697,109.72760226816217,413.6235096497319,https://www.argentina.gob.ar/sites/default/files/servicios_provincia_de_rio_negro_iv_trim_25_1.xlsx
Río Negro,2010,year,346.9113406711498,105.06099138702228,451.97233205817207,https://www.argentina.gob.ar/sites/default/files/servicios_provincia_de_rio_negro_iv_trim_25_1.xlsx
Río Negro,2011,year,263.00550802818185,54.60691275200001,317.6124207801819,https://www.argentina.gob.ar/sites/default/files/servicios_provincia_de_rio_negro_iv_trim_25_1.xlsx
Río Negro,2012,year,174.2259487636272,59.54402168964589,233.7699704532731,https://www.argentina.gob.ar/sites/default/files/servicios_provincia_de_rio_negro_iv_trim_25_1.xlsx
Río Negro,2013,year,246.29149478976865,74.46486161861819,320.75635640838686,https://www.argentina.gob.ar/sites/default/files/servicios_provincia_de_rio_negro_iv_trim_25_1.xlsx
Río Negro,2014,year,272.0673798271104,124.74941606995236,396.8167958970628,https://www.argentina.gob.ar/sites/default/files/servicios_provincia_de_rio_negro_iv_trim_25_1.xlsx
Río Negro,2015,year,475.54079172132595,163.27526718586864,638.8160589071946,https://www.argentina.gob.ar/sites/default/files/servicios_provincia_de_rio_negro_iv_trim_25_1.xlsx
Río Negro,2016,year,386.4778613230864,433.9434819894073,820.4213433124937,https://www.argentina.gob.ar/sites/default/files/servicios_provincia_de_rio_negro_iv_trim_25_1.xlsx
Río Negro,2017,year,2721.969721078759,1178.851042772311,3900.8207638510703,https://www.argentina.gob.ar/sites/default/files/servicios_provincia_de_rio_negro_iv_trim_25_1.xlsx
Río Negro,2018,year,3201.4960887405623,3141.5928654842464,6343.088954224809,https://www.argentina.gob.ar/sites/default/files/servicios_provincia_de_rio_negro_iv_trim_25_1.xlsx
Río Negro,2019,year,1675.6401402836855,5042.703945867048,6718.344086150733,https://www.argentina.gob.ar/sites/default/files/servicios_provincia_de_rio_negro_iv_trim_25_1.xlsx
Río Negro,2020,year,2963.411145948509,3533.8050398575247,6497.2161858060335,https://www.argentina.gob.ar/sites/default/files/servicios_provincia_de_rio_negro_iv_trim_25_1.xlsx
Río Negro,2021,year,8852.481550057722,3918.2624530467733,12770.744003104495,https://www.argentina.gob.ar/sites/default/files/servicios_provincia_de_rio_negro_iv_trim_25_1.xlsx
Río Negro,2022,year,12796.253213998989,10347.053961061665,23143.307175060654,https://www.argentina.gob.ar/sites/default/files/servicios_provincia_de_rio_negro_iv_trim_25_1.xlsx
Río Negro,2023,year,21561.922515008435,22844.42966403491,44406.352179043344,https://www.argentina.gob.ar/sites/default/files/servicios_provincia_de_rio_negro_iv_trim_25_1.xlsx
Río Negro,2024,year,90172.65869608898,40884.13487817247,131056.79357426145,https://www.argentina.gob.ar/sites/default/files/servicios_provincia_de_rio_negro_iv_trim_25_1.xlsx
Río Negro,2025,year,110884.9718943146,35270.75581024275,146155.72770455736,https://www.argentina.gob.ar/sites/default/files/servicios_provincia_de_rio_negro_iv_trim_25_1.xlsx
Salta,2005,year,104.64912834069088,37.804030846526686,142.45315918721758,https://www.argentina.gob.ar/sites/default/files/servicios_provincia_de_salta_iv_trim_25_1.xlsx
Salta,2006,year,139.8305352614159,51.41191601163628,191.24245127305215,https://www.argentina.gob.ar/sites/default/files/servicios_provincia_de_salta_iv_trim_25_1.xlsx
Salta,2007,year,122.50464792148114,39.63728908476873,162.14193700624986,https://www.argentina.gob.ar/sites/default/files/servicios_provincia_de_salta_iv_trim_25_1.xlsx
Salta,2008,year,128.87381624775009,49.05374716491399,177.92756341266409,https://www.argentina.gob.ar/sites/default/files/servicios_provincia_de_salta_iv_trim_25_1.xlsx
Salta,2009,year,274.9387885755296,115.03833174153952,389.97712031706914,https://www.argentina.gob.ar/sites/default/files/servicios_provincia_de_salta_iv_trim_25_1.xlsx
Salta,2010,year,329.52764288700325,97.05818202329772,426.58582491030097,https://www.argentina.gob.ar/sites/default/files/servicios_provincia_de_salta_iv_trim_25_1.xlsx
Salta,2011,year,313.282418166496,99.4589682127263,412.74138637922226,https://www.argentina.gob.ar/sites/default/files/servicios_provincia_de_salta_iv_trim_25_1.xlsx
Salta,2012,year,394.0566997236812,177.69233324062122,571.7490329643024,https://www.argentina.gob.ar/sites/default/files/servicios_provincia_de_salta_iv_trim_25_1.xlsx
Salta,2013,year,220.76936961972476,222.4668842554606,443.23625387518535,https://www.argentina.gob.ar/sites/default/files/servicios_provincia_de_salta_iv_trim_25_1.xlsx
Salta,2014,year,416.2128235874225,332.6465627747908,748.8593863622134,https://www.argentina.gob.ar/sites/default/files/servicios_provincia_de_salta_iv_trim_25_1.xlsx
Salta,2015,year,492.53193553632,406.07845166705,898.61038720337,https://www.argentina.gob.ar/sites/default/files/servicios_provincia_de_salta_iv_trim_25_1.xlsx
Salta,2016,year,903.6227630274004,809.5998832362379,1713.2226462636384,https://www.argentina.gob.ar/sites/default/files/servicios_provincia_de_salta_iv_trim_25_1.xlsx
Salta,2017,year,838.0362344412146,1415.5707916089284,2253.607026050143,https://www.argentina.gob.ar/sites/default/files/servicios_provincia_de_salta_iv_trim_25_1.xlsx
Salta,2018,year,1498.746734081691,2392.096595562718,3890.843329644409,https://www.argentina.gob.ar/sites/default/files/servicios_provincia_de_salta_iv_trim_25_1.xlsx
Salta,2019,year,1809.0355425627845,3193.5660082607096,5002.601550823494,https://www.argentina.gob.ar/sites/default/files/servicios_provincia_de_salta_iv_trim_25_1.xlsx
Salta,2020,year,2770.3663601729177,3401.7362632124373,6172.102623385355,https://www.argentina.gob.ar/sites/default/files/servicios_provincia_de_salta_iv_trim_25_1.xlsx
Salta,2021,year,4785.162044398875,4562.210299341054,9347.37234373993,https://www.argentina.gob.ar/sites/default/files/servicios_provincia_de_salta_iv_trim_25_1.xlsx
Salta,2022,year,6022.336760222674,9086.848100970095,15109.184861192769,https://www.argentina.gob.ar/sites/default/files/servicios_provincia_de_salta_iv_trim_25_1.xlsx
Salta,2023,year,19250.43954262447,18779.81723696925,38030.25677959372,https://www.argentina.gob.ar/sites/default/files/servicios_provincia_de_salta_iv_trim_25_1.xlsx
Salta,2024,year,155221.9848332343,50740.56215484686,205962.5469880812,https://www.argentina.gob.ar/sites/default/files/servicios_provincia_de_salta_iv_trim_25_1.xlsx
Salta,2025,year,164904.17049153338,72510.29057751999,237414.4610690534,https://www.argentina.gob.ar/sites/default/files/servicios_provincia_de_salta_iv_trim_25_1.xlsx
San Juan,2005,year,155.40076547254077,44.620282564037026,200.02104803657778,https://www.argentina.gob.ar/sites/default/files/servicios_provincia_de_san_juan_iv_trim_25_1.xlsx
San Juan,2006,year,201.24304366584448,41.39222813541459,242.63527180125908,https://www.argentina.gob.ar/sites/default/files/servicios_provincia_de_san_juan_iv_trim_25_1.xlsx
San Juan,2007,year,199.8342064098264,37.53485453020026,237.36906094002666,https://www.argentina.gob.ar/sites/default/files/servicios_provincia_de_san_juan_iv_trim_25_1.xlsx
San Juan,2008,year,142.64896440651174,33.424863761979665,176.0738281684914,https://www.argentina.gob.ar/sites/default/files/servicios_provincia_de_san_juan_iv_trim_25_1.xlsx
San Juan,2009,year,127.90900709721058,56.197302119876774,184.10630921708736,https://www.argentina.gob.ar/sites/default/files/servicios_provincia_de_san_juan_iv_trim_25_1.xlsx
San Juan,2010,year,122.92321078478209,25.788681656694433,148.71189244147652,https://www.argentina.gob.ar/sites/default/files/servicios_provincia_de_san_juan_iv_trim_25_1.xlsx
San Juan,2011,year,45.179805131980316,9.209807979739075,54.38961311171939,https://www.argentina.gob.ar/sites/default/files/servicios_provincia_de_san_juan_iv_trim_25_1.xlsx
San Juan,2012,year,48.35139533020478,10.502560503552884,58.85395583375767,https://www.argentina.gob.ar/sites/default/files/servicios_provincia_de_san_juan_iv_trim_25_1.xlsx
San Juan,2013,year,69.28479874218824,19.789213157097713,89.07401189928595,https://www.argentina.gob.ar/sites/default/files/servicios_provincia_de_san_juan_iv_trim_25_1.xlsx
San Juan,2014,year,98.607748845,33.011921825,131.61967067,https://www.argentina.gob.ar/sites/default/files/servicios_provincia_de_san_juan_iv_trim_25_1.xlsx
San Juan,2015,year,106.53408676072476,53.42020130222635,159.95428806295112,https://www.argentina.gob.ar/sites/default/files/servicios_provincia_de_san_juan_iv_trim_25_1.xlsx
San Juan,2016,year,341.2560945843333,80.78699999999999,422.0430945843333,https://www.argentina.gob.ar/sites/default/files/servicios_provincia_de_san_juan_iv_trim_25_1.xlsx
San Juan,2017,year,581.0921637036661,354.5911828238535,935.6833465275196,https://www.argentina.gob.ar/sites/default/files/servicios_provincia_de_san_juan_iv_trim_25_1.xlsx
San Juan,2018,year,1173.8849601419788,556.8964509195719,1730.7814110615507,https://www.argentina.gob.ar/sites/default/files/servicios_provincia_de_san_juan_iv_trim_25_1.xlsx
San Juan,2019,year,1552.8977780461091,1064.5037847611366,2617.4015628072457,https://www.argentina.gob.ar/sites/default/files/servicios_provincia_de_san_juan_iv_trim_25_1.xlsx
San Juan,2020,year,1186.4320097128968,1202.3840637179296,2388.8160734308267,https://www.argentina.gob.ar/sites/default/files/servicios_provincia_de_san_juan_iv_trim_25_1.xlsx
San Juan,2021,year,2884.7690287006944,989.3474398548012,3874.116468555496,https://www.argentina.gob.ar/sites/default/files/servicios_provincia_de_san_juan_iv_trim_25_1.xlsx
San Juan,2022,year,4771.079526378626,3444.415600834091,8215.495127212716,https://www.argentina.gob.ar/sites/default/files/servicios_provincia_de_san_juan_iv_trim_25_1.xlsx
San Juan,2023,year,8359.591193053859,5975.540121439226,14335.131314493085,https://www.argentina.gob.ar/sites/default/files/servicios_provincia_de_san_juan_iv_trim_25_1.xlsx
San Juan,2024,year,14228.053574054107,13521.037195770732,27749.09076982484,https://www.argentina.gob.ar/sites/default/files/servicios_provincia_de_san_juan_iv_trim_25_1.xlsx
San Juan,2025,year,20394.0930775897,15755.370141749172,36149.46321933887,https://www.argentina.gob.ar/sites/default/files/servicios_provincia_de_san_juan_iv_trim_25_1.xlsx
San Luis,2005,year,4.630215617699999,5.6111254328,10.241341050499999,https://www.argentina.gob.ar/sites/default/files/servicios_provincia_de_san_luis_iv_trim_25_1.xlsx
San Luis,2006,year,7.0617024534720105,10.810191218985073,17.871893672457084,https://www.argentina.gob.ar/sites/default/files/servicios_provincia_de_san_luis_iv_trim_25_1.xlsx
San Luis,2007,year,8.401523236180001,2.3655126938199995,10.76703593,https://www.argentina.gob.ar/sites/default/files/servicios_provincia_de_san_luis_iv_trim_25_1.xlsx
San Luis,2008,year,9.049356831046254,2.3150098655950515,11.364366696641305,https://www.argentina.gob.ar/sites/default/files/servicios_provincia_de_san_luis_iv_trim_25_1.xlsx
San Luis,2009,year,10.26621664265739,2.5748755441757365,12.841092186833126,https://www.argentina.gob.ar/sites/default/files/servicios_provincia_de_san_luis_iv_trim_25_1.xlsx
San Luis,2010,year,12.706636495644013,1.5514541491043103,14.258090644748323,https://www.argentina.gob.ar/sites/default/files/servicios_provincia_de_san_luis_iv_trim_25_1.xlsx
San Luis,2011,year,6.997236914854205,0.49746369415397773,7.4947006090081825,https://www.argentina.gob.ar/sites/default/files/servicios_provincia_de_san_luis_iv_trim_25_1.xlsx
San Luis,2012,year,3.4318406446533634,0.2691231767021495,3.7009638213555127,https://www.argentina.gob.ar/sites/default/files/servicios_provincia_de_san_luis_iv_trim_25_1.xlsx
San Luis,2013,year,4.15446009947251,0.20375915625722923,4.358219255729739,https://www.argentina.gob.ar/sites/default/files/servicios_provincia_de_san_luis_iv_trim_25_1.xlsx
San Luis,2014,year,0.33510950249756594,0.01754203527150589,0.3526515377690718,https://www.argentina.gob.ar/sites/default/files/servicios_provincia_de_san_luis_iv_trim_25_1.xlsx
San Luis,2015,year,0.1812289287642789,0.00381486895048807,0.18504379771476698,https://www.argentina.gob.ar/sites/default/files/servicios_provincia_de_san_luis_iv_trim_25_1.xlsx
San Luis,2016,year,0.0,0.0,0.0,https://www.argentina.gob.ar/sites/default/files/servicios_provincia_de_san_luis_iv_trim_25_1.xlsx
San Luis,2017,year,68.30583405567803,2.235782495362116,70.54161655104015,https://www.argentina.gob.ar/sites/default/files/servicios_provincia_de_san_luis_iv_trim_25_1.xlsx
San Luis,2018,year,144.59900238822345,10.970709841776571,155.56971223000002,https://www.argentina.gob.ar/sites/default/files/servicios_provincia_de_san_luis_iv_trim_25_1.xlsx
San Luis,2019,year,210.19603898413555,28.74239273586445,238.93843172,https://www.argentina.gob.ar/sites/default/files/servicios_provincia_de_san_luis_iv_trim_25_1.xlsx
San Luis,2020,year,296.4785793235503,58.22070929644964,354.69928861999995,https://www.argentina.gob.ar/sites/default/files/servicios_provincia_de_san_luis_iv_trim_25_1.xlsx
San Luis,2021,year,403.3092191656698,103.45765212433025,506.76687129000004,https://www.argentina.gob.ar/sites/default/files/servicios_provincia_de_san_luis_iv_trim_25_1.xlsx
San Luis,2022,year,57.65955581274339,10.966374251273624,68.62593006401701,https://www.argentina.gob.ar/sites/default/files/servicios_provincia_de_san_luis_iv_trim_25_1.xlsx
San Luis,2023,year,0.0,0.0,0.0,https://www.argentina.gob.ar/sites/default/files/servicios_provincia_de_san_luis_iv_trim_25_1.xlsx
San Luis,2024,year,0.0,0.0,0.0,https://www.argentina.gob.ar/sites/default/files/servicios_provincia_de_san_luis_iv_trim_25_1.xlsx
San Luis,2025,year,0.0,0.0,0.0,https://www.argentina.gob.ar/sites/default/files/servicios_provincia_de_san_luis_iv_trim_25_1.xlsx
Santa Cruz,2005,year,11.434035465621838,10.167271830199816,21.601307295821655,https://www.argentina.gob.ar/sites/default/files/servicios_provincia_de_santa_cruz_iv_trim_25_1.xlsx
Santa Cruz,2006,year,57.891706368077244,18.51746208584205,76.40916845391929,https://www.argentina.gob.ar/sites/default/files/servicios_provincia_de_santa_cruz_iv_trim_25_1.xlsx
Santa Cruz,2007,year,67.2431914238899,14.607316732280822,81.85050815617072,https://www.argentina.gob.ar/sites/default/files/servicios_provincia_de_santa_cruz_iv_trim_25_1.xlsx
Santa Cruz,2008,year,81.03430972743388,13.645426927093986,94.67973665452786,https://www.argentina.gob.ar/sites/default/files/servicios_provincia_de_santa_cruz_iv_trim_25_1.xlsx
Santa Cruz,2009,year,93.59394875626705,127.54064641497305,221.1345951712401,https://www.argentina.gob.ar/sites/default/files/servicios_provincia_de_santa_cruz_iv_trim_25_1.xlsx
Santa Cruz,2010,year,146.05137164441206,125.8981132793842,271.94948492379626,https://www.argentina.gob.ar/sites/default/files/servicios_provincia_de_santa_cruz_iv_trim_25_1.xlsx
Santa Cruz,2011,year,153.47314609384873,127.82424451137108,281.2973906052198,https://www.argentina.gob.ar/sites/default/files/servicios_provincia_de_santa_cruz_iv_trim_25_1.xlsx
Santa Cruz,2012,year,113.4076775748744,143.33935137264842,256.74702894752284,https://www.argentina.gob.ar/sites/default/files/servicios_provincia_de_santa_cruz_iv_trim_25_1.xlsx
Santa Cruz,2013,year,163.75149351085,174.46473612952275,338.2162296403727,https://www.argentina.gob.ar/sites/default/files/servicios_provincia_de_santa_cruz_iv_trim_25_1.xlsx
Santa Cruz,2014,year,191.91529339862996,163.04541040308675,354.9607038017167,https://www.argentina.gob.ar/sites/default/files/servicios_provincia_de_santa_cruz_iv_trim_25_1.xlsx
Santa Cruz,2015,year,247.60007565874815,125.6966846734748,373.29676033222296,https://www.argentina.gob.ar/sites/default/files/servicios_provincia_de_santa_cruz_iv_trim_25_1.xlsx
Santa Cruz,2016,year,294.9689982627056,159.67365890791606,454.64265717062165,https://www.argentina.gob.ar/sites/default/files/servicios_provincia_de_santa_cruz_iv_trim_25_1.xlsx
Santa Cruz,2017,year,380.8976833560851,662.7237334635531,1043.6214168196382,https://www.argentina.gob.ar/sites/default/files/servicios_provincia_de_santa_cruz_iv_trim_25_1.xlsx
Santa Cruz,2018,year,1370.7216665696885,1858.3570883463135,3229.0787549160023,https://www.argentina.gob.ar/sites/default/files/servicios_provincia_de_santa_cruz_iv_trim_25_1.xlsx
Santa Cruz,2019,year,1709.9210131245777,2135.7543863886535,3845.6753995132312,https://www.argentina.gob.ar/sites/default/files/servicios_provincia_de_santa_cruz_iv_trim_25_1.xlsx
Santa Cruz,2020,year,410.78224888776396,830.7847255222554,1241.5669744100194,https://www.argentina.gob.ar/sites/default/files/servicios_provincia_de_santa_cruz_iv_trim_25_1.xlsx
Santa Cruz,2021,year,2930.032364682921,1453.6749619265024,4383.707326609423,https://www.argentina.gob.ar/sites/default/files/servicios_provincia_de_santa_cruz_iv_trim_25_1.xlsx
Santa Cruz,2022,year,5216.347043507316,2059.144750568763,7275.491794076079,https://www.argentina.gob.ar/sites/default/files/servicios_provincia_de_santa_cruz_iv_trim_25_1.xlsx
Santa Cruz,2023,year,5460.728508692828,2362.727839113694,7823.456347806521,https://www.argentina.gob.ar/sites/default/files/servicios_provincia_de_santa_cruz_iv_trim_25_1.xlsx
Santa Cruz,2024,year,37258.95241409859,1398.6924034766346,38657.64481757522,https://www.argentina.gob.ar/sites/default/files/servicios_provincia_de_santa_cruz_iv_trim_25_1.xlsx
Santa Cruz,2025,year,944.2936520109396,1691.3426288725593,2635.636280883499,https://www.argentina.gob.ar/sites/default/files/servicios_provincia_de_santa_cruz_iv_trim_25_1.xlsx
Santa Fe,2005,year,416.39112183531466,93.70819435253665,510.0993161878513,https://www.argentina.gob.ar/sites/default/files/servicios_provincia_de_santa_fe_iv_trim_25_1.xlsx
Santa Fe,2006,year,328.62695114428436,93.31310128615051,421.9400524304349,https://www.argentina.gob.ar/sites/default/files/servicios_provincia_de_santa_fe_iv_trim_25_1.xlsx
Santa Fe,2007,year,368.17513954224773,69.77083390489689,437.94597344714464,https://www.argentina.gob.ar/sites/default/files/servicios_provincia_de_santa_fe_iv_trim_25_1.xlsx
Santa Fe,2008,year,324.43492285278387,51.21126614039191,375.64618899317577,https://www.argentina.gob.ar/sites/default/files/servicios_provincia_de_santa_fe_iv_trim_25_1.xlsx
Santa Fe,2009,year,247.10029301631636,36.148631855,283.2489248713164,https://www.argentina.gob.ar/sites/default/files/servicios_provincia_de_santa_fe_iv_trim_25_1.xlsx
Santa Fe,2010,year,225.99477171,18.89320946368,244.88798117368,https://www.argentina.gob.ar/sites/default/files/servicios_provincia_de_santa_fe_iv_trim_25_1.xlsx
Santa Fe,2011,year,198.13958607791352,28.94594733071075,227.08553340862426,https://www.argentina.gob.ar/sites/default/files/servicios_provincia_de_santa_fe_iv_trim_25_1.xlsx
Santa Fe,2012,year,231.3728025972721,27.435081878389507,258.80788447566164,https://www.argentina.gob.ar/sites/default/files/servicios_provincia_de_santa_fe_iv_trim_25_1.xlsx
Santa Fe,2013,year,261.63429542751385,21.578880390806013,283.2131758183199,https://www.argentina.gob.ar/sites/default/files/servicios_provincia_de_santa_fe_iv_trim_25_1.xlsx
Santa Fe,2014,year,360.4051853580375,24.701145610240772,385.10633096827826,https://www.argentina.gob.ar/sites/default/files/servicios_provincia_de_santa_fe_iv_trim_25_1.xlsx
Santa Fe,2015,year,387.4082560997969,72.01364515108827,459.4219012508852,https://www.argentina.gob.ar/sites/default/files/servicios_provincia_de_santa_fe_iv_trim_25_1.xlsx
Santa Fe,2016,year,657.7691694008819,272.50031634188167,930.2694857427635,https://www.argentina.gob.ar/sites/default/files/servicios_provincia_de_santa_fe_iv_trim_25_1.xlsx
Santa Fe,2017,year,1630.442817770587,590.5140498070682,2220.9568675776554,https://www.argentina.gob.ar/sites/default/files/servicios_provincia_de_santa_fe_iv_trim_25_1.xlsx
Santa Fe,2018,year,750.2529632620096,973.409037064058,1723.6620003260678,https://www.argentina.gob.ar/sites/default/files/servicios_provincia_de_santa_fe_iv_trim_25_1.xlsx
Santa Fe,2019,year,1700.1437694475355,2317.7346524969066,4017.8784219444424,https://www.argentina.gob.ar/sites/default/files/servicios_provincia_de_santa_fe_iv_trim_25_1.xlsx
Santa Fe,2020,year,2115.042311264424,4588.979430349337,6704.021741613761,https://www.argentina.gob.ar/sites/default/files/servicios_provincia_de_santa_fe_iv_trim_25_1.xlsx
Santa Fe,2021,year,8339.39830947682,8320.326570907735,16659.724880384554,https://www.argentina.gob.ar/sites/default/files/servicios_provincia_de_santa_fe_iv_trim_25_1.xlsx
Santa Fe,2022,year,27599.56679423572,12688.984336793192,40288.551131028915,https://www.argentina.gob.ar/sites/default/files/servicios_provincia_de_santa_fe_iv_trim_25_1.xlsx
Santa Fe,2023,year,35889.407101878474,37137.563396634156,73026.97049851263,https://www.argentina.gob.ar/sites/default/files/servicios_provincia_de_santa_fe_iv_trim_25_1.xlsx
Santa Fe,2024,year,27483.704761936664,53408.6,80892.30476193666,https://www.argentina.gob.ar/sites/default/files/servicios_provincia_de_santa_fe_iv_trim_25_1.xlsx
Santa Fe,2025,year,154690.6,85124.4,239815.0,https://www.argentina.gob.ar/sites/default/files/servicios_provincia_de_santa_fe_iv_trim_25_1.xlsx
Santiago del Estero,2005,year,20.792209015999997,9.754420459,30.546629474999996,https://www.argentina.gob.ar/sites/default/files/servicios_provincia_de_santiago_del_estero_iv_trim_25_1.xlsx
Santiago del Estero,2006,year,235.52987048243003,59.37408390536085,294.90395438779086,https://www.argentina.gob.ar/sites/default/files/servicios_provincia_de_santiago_del_estero_iv_trim_25_1.xlsx
Santiago del Estero,2007,year,45.262022317103586,9.087163263520067,54.349185580623654,https://www.argentina.gob.ar/sites/default/files/servicios_provincia_de_santiago_del_estero_iv_trim_25_1.xlsx
Santiago del Estero,2008,year,48.68132702953628,7.582417082761079,56.26374411229736,https://www.argentina.gob.ar/sites/default/files/servicios_provincia_de_santiago_del_estero_iv_trim_25_1.xlsx
Santiago del Estero,2009,year,45.94936965836608,3.9989682879602677,49.94833794632635,https://www.argentina.gob.ar/sites/default/files/servicios_provincia_de_santiago_del_estero_iv_trim_25_1.xlsx
Santiago del Estero,2010,year,38.683647216020546,2.8076960608475403,41.491343276868086,https://www.argentina.gob.ar/sites/default/files/servicios_provincia_de_santiago_del_estero_iv_trim_25_1.xlsx
Santiago del Estero,2011,year,15.788265422293756,9.093584730246711,24.881850152540466,https://www.argentina.gob.ar/sites/default/files/servicios_provincia_de_santiago_del_estero_iv_trim_25_1.xlsx
Santiago del Estero,2012,year,20.5804987673876,11.910301110346344,32.49079987773394,https://www.argentina.gob.ar/sites/default/files/servicios_provincia_de_santiago_del_estero_iv_trim_25_1.xlsx
Santiago del Estero,2013,year,49.90710985438593,23.243053222634217,73.15016307702015,https://www.argentina.gob.ar/sites/default/files/servicios_provincia_de_santiago_del_estero_iv_trim_25_1.xlsx
Santiago del Estero,2014,year,65.5343780750634,21.360611728646916,86.89498980371032,https://www.argentina.gob.ar/sites/default/files/servicios_provincia_de_santiago_del_estero_iv_trim_25_1.xlsx
Santiago del Estero,2015,year,88.21906251204057,26.69056007271185,114.90962258475241,https://www.argentina.gob.ar/sites/default/files/servicios_provincia_de_santiago_del_estero_iv_trim_25_1.xlsx
Santiago del Estero,2016,year,164.02126104173038,31.100309255650636,195.12157029738103,https://www.argentina.gob.ar/sites/default/files/servicios_provincia_de_santiago_del_estero_iv_trim_25_1.xlsx
Santiago del Estero,2017,year,250.25998739749843,260.2026930509232,510.4626804484216,https://www.argentina.gob.ar/sites/default/files/servicios_provincia_de_santiago_del_estero_iv_trim_25_1.xlsx
Santiago del Estero,2018,year,470.2700018237681,382.6423071703771,852.9123089941452,https://www.argentina.gob.ar/sites/default/files/servicios_provincia_de_santiago_del_estero_iv_trim_25_1.xlsx
Santiago del Estero,2019,year,657.9565022424122,574.6726240505079,1232.62912629292,https://www.argentina.gob.ar/sites/default/files/servicios_provincia_de_santiago_del_estero_iv_trim_25_1.xlsx
Santiago del Estero,2020,year,732.085284975718,694.3992138254741,1426.484498801192,https://www.argentina.gob.ar/sites/default/files/servicios_provincia_de_santiago_del_estero_iv_trim_25_1.xlsx
Santiago del Estero,2021,year,375.2362086420422,432.80108027859285,808.0372889206351,https://www.argentina.gob.ar/sites/default/files/servicios_provincia_de_santiago_del_estero_iv_trim_25_1.xlsx
Santiago del Estero,2022,year,511.3889077733755,2638.299051761156,3149.6879595345317,https://www.argentina.gob.ar/sites/default/files/servicios_provincia_de_santiago_del_estero_iv_trim_25_1.xlsx
Santiago del Estero,2023,year,127.17401974114226,4593.183399780532,4720.357419521674,https://www.argentina.gob.ar/sites/default/files/servicios_provincia_de_santiago_del_estero_iv_trim_25_1.xlsx
Santiago del Estero,2024,year,0.0,3014.95,3014.95,https://www.argentina.gob.ar/sites/default/files/servicios_provincia_de_santiago_del_estero_iv_trim_25_1.xlsx
Santiago del Estero,2025,year,402.79866056874994,1691.0675722868182,2093.8662328555683,https://www.argentina.gob.ar/sites/default/files/servicios_provincia_de_santiago_del_estero_iv_trim_25_1.xlsx
Tierra del Fuego,2005,year,33.23331144241643,10.914263891380385,44.147575333796816,https://www.argentina.gob.ar/sites/default/files/servicios_provincia_de_tierra_del_fuego_iv_trim_25_1.xlsx
Tierra del Fuego,2006,year,30.280803367617512,8.067925530771081,38.34872889838859,https://www.argentina.gob.ar/sites/default/files/servicios_provincia_de_tierra_del_fuego_iv_trim_25_1.xlsx
Tierra del Fuego,2007,year,42.603172307491505,8.955783971877057,51.55895627936856,https://www.argentina.gob.ar/sites/default/files/servicios_provincia_de_tierra_del_fuego_iv_trim_25_1.xlsx
Tierra del Fuego,2008,year,76.68610709550508,15.171469298472763,91.85757639397784,https://www.argentina.gob.ar/sites/default/files/servicios_provincia_de_tierra_del_fuego_iv_trim_25_1.xlsx
Tierra del Fuego,2009,year,48.73999066662217,9.732309951448554,58.472300618070726,https://www.argentina.gob.ar/sites/default/files/servicios_provincia_de_tierra_del_fuego_iv_trim_25_1.xlsx
Tierra del Fuego,2010,year,35.585311671686306,8.887440252419434,44.47275192410574,https://www.argentina.gob.ar/sites/default/files/servicios_provincia_de_tierra_del_fuego_iv_trim_25_1.xlsx
Tierra del Fuego,2011,year,26.985830695476846,2.0700344340701236,29.05586512954697,https://www.argentina.gob.ar/sites/default/files/servicios_provincia_de_tierra_del_fuego_iv_trim_25_1.xlsx
Tierra del Fuego,2012,year,23.805561019832588,4.703386447667411,28.5089474675,https://www.argentina.gob.ar/sites/default/files/servicios_provincia_de_tierra_del_fuego_iv_trim_25_1.xlsx
Tierra del Fuego,2013,year,28.117275965056656,4.519652002167611,32.63692796722427,https://www.argentina.gob.ar/sites/default/files/servicios_provincia_de_tierra_del_fuego_iv_trim_25_1.xlsx
Tierra del Fuego,2014,year,26.288128596767713,9.344617614484099,35.63274621125181,https://www.argentina.gob.ar/sites/default/files/servicios_provincia_de_tierra_del_fuego_iv_trim_25_1.xlsx
Tierra del Fuego,2015,year,23.72319935578429,15.378199459661102,39.10139881544539,https://www.argentina.gob.ar/sites/default/files/servicios_provincia_de_tierra_del_fuego_iv_trim_25_1.xlsx
Tierra del Fuego,2016,year,36.83965731392384,57.403994773173956,94.24365208709779,https://www.argentina.gob.ar/sites/default/files/servicios_provincia_de_tierra_del_fuego_iv_trim_25_1.xlsx
Tierra del Fuego,2017,year,96.61198251932713,413.70553034751526,510.3175128668424,https://www.argentina.gob.ar/sites/default/files/servicios_provincia_de_tierra_del_fuego_iv_trim_25_1.xlsx
Tierra del Fuego,2018,year,552.2556237847436,1239.0071993698602,1791.262823154604,https://www.argentina.gob.ar/sites/default/files/servicios_provincia_de_tierra_del_fuego_iv_trim_25_1.xlsx
Tierra del Fuego,2019,year,1452.261150012147,1679.736390012325,3131.997540024472,https://www.argentina.gob.ar/sites/default/files/servicios_provincia_de_tierra_del_fuego_iv_trim_25_1.xlsx
Tierra del Fuego,2020,year,2314.195757373469,1726.895666929654,4041.091424303123,https://www.argentina.gob.ar/sites/default/files/servicios_provincia_de_tierra_del_fuego_iv_trim_25_1.xlsx
Tierra del Fuego,2021,year,3416.566398146647,1561.6172106322913,4978.183608778938,https://www.argentina.gob.ar/sites/default/files/servicios_provincia_de_tierra_del_fuego_iv_trim_25_1.xlsx
Tierra del Fuego,2022,year,5073.094077363596,4089.3376842752696,9162.431761638865,https://www.argentina.gob.ar/sites/default/files/servicios_provincia_de_tierra_del_fuego_iv_trim_25_1.xlsx
Tierra del Fuego,2023,year,18461.139113418805,16731.988614105798,35193.1277275246,https://www.argentina.gob.ar/sites/default/files/servicios_provincia_de_tierra_del_fuego_iv_trim_25_1.xlsx
Tierra del Fuego,2024,year,29418.282141290852,12010.981277536232,41429.26341882708,https://www.argentina.gob.ar/sites/default/files/servicios_provincia_de_tierra_del_fuego_iv_trim_25_1.xlsx
Tierra del Fuego,2025,year,19669.02047276355,13626.932117261438,33295.95259002499,https://www.argentina.gob.ar/sites/default/files/servicios_provincia_de_tierra_del_fuego_iv_trim_25_1.xlsx
Tucumán,2005,year,282.99669674028075,94.70620051590961,377.70289725619034,https://www.argentina.gob.ar/sites/default/files/servicios_provincia_de_tucuman_iv_trim_25_1.xlsx
Tucumán,2006,year,422.4534773822885,84.55669679321142,507.0101741754999,https://www.argentina.gob.ar/sites/default/files/servicios_provincia_de_tucuman_iv_trim_25_1.xlsx
Tucumán,2007,year,372.67894324077037,105.9804323357006,478.65937557647095,https://www.argentina.gob.ar/sites/default/files/servicios_provincia_de_tucuman_iv_trim_25_1.xlsx
Tucumán,2008,year,420.7821205697304,114.63617977554067,535.4183003452711,https://www.argentina.gob.ar/sites/default/files/servicios_provincia_de_tucuman_iv_trim_25_1.xlsx
Tucumán,2009,year,420.4192819424751,133.65536783695356,554.0746497794287,https://www.argentina.gob.ar/sites/default/files/servicios_provincia_de_tucuman_iv_trim_25_1.xlsx
Tucumán,2010,year,374.10914043973673,78.43880196260766,452.5479424023444,https://www.argentina.gob.ar/sites/default/files/servicios_provincia_de_tucuman_iv_trim_25_1.xlsx
Tucumán,2011,year,236.01656994139427,26.87616571087615,262.8927356522704,https://www.argentina.gob.ar/sites/default/files/servicios_provincia_de_tucuman_iv_trim_25_1.xlsx
Tucumán,2012,year,242.09007918596393,22.20030516075913,264.29038434672304,https://www.argentina.gob.ar/sites/default/files/servicios_provincia_de_tucuman_iv_trim_25_1.xlsx
Tucumán,2013,year,251.32578135383537,32.93834747401307,284.2641288278484,https://www.argentina.gob.ar/sites/default/files/servicios_provincia_de_tucuman_iv_trim_25_1.xlsx
Tucumán,2014,year,220.81181846177807,16.217593028057795,237.02941148983587,https://www.argentina.gob.ar/sites/default/files/servicios_provincia_de_tucuman_iv_trim_25_1.xlsx
Tucumán,2015,year,307.59911840762487,16.869704553282684,324.4688229609076,https://www.argentina.gob.ar/sites/default/files/servicios_provincia_de_tucuman_iv_trim_25_1.xlsx
Tucumán,2016,year,332.4404523979201,50.93435761186867,383.3748100097888,https://www.argentina.gob.ar/sites/default/files/servicios_provincia_de_tucuman_iv_trim_25_1.xlsx
Tucumán,2017,year,499.51442267008474,306.4508557484624,805.9652784185471,https://www.argentina.gob.ar/sites/default/files/servicios_provincia_de_tucuman_iv_trim_25_1.xlsx
Tucumán,2018,year,840.6229676469352,698.4451374561654,1539.0681051031006,https://www.argentina.gob.ar/sites/default/files/servicios_provincia_de_tucuman_iv_trim_25_1.xlsx
Tucumán,2019,year,1680.954410467822,2135.3631332832138,3816.317543751036,https://www.argentina.gob.ar/sites/default/files/servicios_provincia_de_tucuman_iv_trim_25_1.xlsx
Tucumán,2020,year,1683.0966202728862,2831.9357902987417,4515.032410571628,https://www.argentina.gob.ar/sites/default/files/servicios_provincia_de_tucuman_iv_trim_25_1.xlsx
Tucumán,2021,year,8817.853431740377,2781.5056769494313,11599.359108689809,https://www.argentina.gob.ar/sites/default/files/servicios_provincia_de_tucuman_iv_trim_25_1.xlsx
Tucumán,2022,year,16376.672882878102,4818.242211867056,21194.915094745156,https://www.argentina.gob.ar/sites/default/files/servicios_provincia_de_tucuman_iv_trim_25_1.xlsx
Tucumán,2023,year,11535.626699459975,15394.222259830613,26929.84895929059,https://www.argentina.gob.ar/sites/default/files/servicios_provincia_de_tucuman_iv_trim_25_1.xlsx
Tucumán,2024,year,90816.64951831455,30805.760141865027,121622.40966017958,https://www.argentina.gob.ar/sites/default/files/servicios_provincia_de_tucuman_iv_trim_25_1.xlsx
Tucumán,2025,year,26279.92693510887,50827.83703340117,77107.76396851004,https://www.argentina.gob.ar/sites/default/files/servicios_provincia_de_tucuman_iv_trim_25_1.xlsx
La Pampa,2025,year,,,,https://www.argentina.gob.ar/sites/default/files/servicios_iv_trim_2025.xlsx
CABA,2026-Q1,quarter,3814.1723700375,6190.3299956267665,10004.502365664266,https://www.argentina.gob.ar/sites/default/files/ev._de_servicios_-_consolidado_2026_-_trim._i.xlsx
Buenos Aires,2026-Q1,quarter,660819.999367704,547424.8250822411,1208244.8244499452,https://www.argentina.gob.ar/sites/default/files/ev._de_servicios_-_consolidado_2026_-_trim._i.xlsx
Catamarca,2026-Q1,quarter,1643.0249894938217,3101.6927664924374,4744.717755986259,https://www.argentina.gob.ar/sites/default/files/ev._de_servicios_-_consolidado_2026_-_trim._i.xlsx
Córdoba,2026-Q1,quarter,25309.180109579793,34283.05604064221,59592.236150222,https://www.argentina.gob.ar/sites/default/files/ev._de_servicios_-_consolidado_2026_-_trim._i.xlsx
Corrientes,2026-Q1,quarter,3332.051233748175,982.6778001041467,4314.729033852322,https://www.argentina.gob.ar/sites/default/files/ev._de_servicios_-_consolidado_2026_-_trim._i.xlsx
Chaco,2026-Q1,quarter,106992.68048074418,43681.48377594587,150674.16425669004,https://www.argentina.gob.ar/sites/default/files/ev._de_servicios_-_consolidado_2026_-_trim._i.xlsx
Chubut,2026-Q1,quarter,68570.07726629249,27073.79314381318,95643.87041010566,https://www.argentina.gob.ar/sites/default/files/ev._de_servicios_-_consolidado_2026_-_trim._i.xlsx
Entre Ríos,2026-Q1,quarter,173614.47844089902,49827.49019835163,223441.96863925067,https://www.argentina.gob.ar/sites/default/files/ev._de_servicios_-_consolidado_2026_-_trim._i.xlsx
Formosa,2026-Q1,quarter,491.01868231,259.86565061,750.8843329199999,https://www.argentina.gob.ar/sites/default/files/ev._de_servicios_-_consolidado_2026_-_trim._i.xlsx
Jujuy,2026-Q1,quarter,65418.68132022973,16124.647233288575,81543.32855351831,https://www.argentina.gob.ar/sites/default/files/ev._de_servicios_-_consolidado_2026_-_trim._i.xlsx
La Pampa,2026-Q1,quarter,0.0,0.0,0.0,https://www.argentina.gob.ar/sites/default/files/ev._de_servicios_-_consolidado_2026_-_trim._i.xlsx
La Rioja,2026-Q1,quarter,976.6151021458334,3098.970037,4075.5851391458336,https://www.argentina.gob.ar/sites/default/files/ev._de_servicios_-_consolidado_2026_-_trim._i.xlsx
Mendoza,2026-Q1,quarter,68547.35999999999,40361.13,108908.48999999999,https://www.argentina.gob.ar/sites/default/files/ev._de_servicios_-_consolidado_2026_-_trim._i.xlsx
Misiones,2026-Q1,quarter,1646.7368616979168,682.0600000000001,2328.796861697917,https://www.argentina.gob.ar/sites/default/files/ev._de_servicios_-_consolidado_2026_-_trim._i.xlsx
Neuquén,2026-Q1,quarter,69211.632952211,13446.304117099533,82657.93706931053,https://www.argentina.gob.ar/sites/default/files/ev._de_servicios_-_consolidado_2026_-_trim._i.xlsx
Río Negro,2026-Q1,quarter,68154.61289531458,20097.24,88251.85289531459,https://www.argentina.gob.ar/sites/default/files/ev._de_servicios_-_consolidado_2026_-_trim._i.xlsx
Salta,2026-Q1,quarter,13702.177941377717,12790.22250230651,26492.400443684226,https://www.argentina.gob.ar/sites/default/files/ev._de_servicios_-_consolidado_2026_-_trim._i.xlsx
San Juan,2026-Q1,quarter,8185.065938636413,5733.035060081087,13918.1009987175,https://www.argentina.gob.ar/sites/default/files/ev._de_servicios_-_consolidado_2026_-_trim._i.xlsx
San Luis,2026-Q1,quarter,0.0,0.0,0.0,https://www.argentina.gob.ar/sites/default/files/ev._de_servicios_-_consolidado_2026_-_trim._i.xlsx
Santa Cruz,2026-Q1,quarter,360.29179355696454,5345.726524895291,5706.018318452256,https://www.argentina.gob.ar/sites/default/files/ev._de_servicios_-_consolidado_2026_-_trim._i.xlsx
Santa Fe,2026-Q1,quarter,2999.9,10035.3,13035.199999999999,https://www.argentina.gob.ar/sites/default/files/ev._de_servicios_-_consolidado_2026_-_trim._i.xlsx
Santiago del Estero,2026-Q1,quarter,402.79866056874994,330.7041589273276,733.5028194960776,https://www.argentina.gob.ar/sites/default/files/ev._de_servicios_-_consolidado_2026_-_trim._i.xlsx
Tierra del Fuego,2026-Q1,quarter,7267.40766929995,1661.3246541486183,8928.732323448568,https://www.argentina.gob.ar/sites/default/files/ev._de_servicios_-_consolidado_2026_-_trim._i.xlsx
Tucumán,2026-Q1,quarter,1417.4585245916667,22004.072317554695,23421.530842146363,https://www.argentina.gob.ar/sites/default/files/ev._de_servicios_-_consolidado_2026_-_trim._i.xlsx
