province,period,category,value_millions,price_basis,evidence_status,source_file,source_url
Buenos Aires,2026-01,CFI | Neta,972488.7257999999,pesos_corrientes,auditado,informacion_consolidada_2026_4.xlsx,https://www.argentina.gob.ar/sites/default/files/informacion_consolidada_2026_4.xlsx
Buenos Aires,2026-01,Compensación Consenso Fiscal,173124.265083,pesos_corrientes,auditado,informacion_consolidada_2026_4.xlsx,https://www.argentina.gob.ar/sites/default/files/informacion_consolidada_2026_4.xlsx
Buenos Aires,2026-01,Total | (1) + (2),1359359.689457198,pesos_corrientes,auditado,informacion_consolidada_2026_4.xlsx,https://www.argentina.gob.ar/sites/default/files/informacion_consolidada_2026_4.xlsx
Buenos Aires,2026-02,CFI | Neta,729010.0978999999,pesos_corrientes,auditado,informacion_consolidada_2026_4.xlsx,https://www.argentina.gob.ar/sites/default/files/informacion_consolidada_2026_4.xlsx
Buenos Aires,2026-02,Compensación Consenso Fiscal,148392.22721399998,pesos_corrientes,auditado,informacion_consolidada_2026_4.xlsx,https://www.argentina.gob.ar/sites/default/files/informacion_consolidada_2026_4.xlsx
Buenos Aires,2026-02,Total | (1) + (2),1254277.9776337475,pesos_corrientes,auditado,informacion_consolidada_2026_4.xlsx,https://www.argentina.gob.ar/sites/default/files/informacion_consolidada_2026_4.xlsx
Buenos Aires,2026-03,CFI | Neta,607074.3235,pesos_corrientes,auditado,informacion_consolidada_2026_4.xlsx,https://www.argentina.gob.ar/sites/default/files/informacion_consolidada_2026_4.xlsx
Buenos Aires,2026-03,Compensación Consenso Fiscal,173124.265083,pesos_corrientes,auditado,informacion_consolidada_2026_4.xlsx,https://www.argentina.gob.ar/sites/default/files/informacion_consolidada_2026_4.xlsx
Buenos Aires,2026-03,Total | (1) + (2),1183103.706294375,pesos_corrientes,auditado,informacion_consolidada_2026_4.xlsx,https://www.argentina.gob.ar/sites/default/files/informacion_consolidada_2026_4.xlsx
Buenos Aires,2026-04,CFI | Neta,706316.0861000001,pesos_corrientes,auditado,informacion_consolidada_2026_4.xlsx,https://www.argentina.gob.ar/sites/default/files/informacion_consolidada_2026_4.xlsx
Buenos Aires,2026-04,Compensación Consenso Fiscal,154598.36558,pesos_corrientes,auditado,informacion_consolidada_2026_4.xlsx,https://www.argentina.gob.ar/sites/default/files/informacion_consolidada_2026_4.xlsx
Buenos Aires,2026-04,Total | (1) + (2),1285814.7139163741,pesos_corrientes,auditado,informacion_consolidada_2026_4.xlsx,https://www.argentina.gob.ar/sites/default/files/informacion_consolidada_2026_4.xlsx
Buenos Aires,2026-05,CFI | Neta,1300846.4405,pesos_corrientes,auditado,informacion_consolidada_2026_4.xlsx,https://www.argentina.gob.ar/sites/default/files/informacion_consolidada_2026_4.xlsx
Buenos Aires,2026-05,Compensación Consenso Fiscal,146868.447301,pesos_corrientes,auditado,informacion_consolidada_2026_4.xlsx,https://www.argentina.gob.ar/sites/default/files/informacion_consolidada_2026_4.xlsx
Buenos Aires,2026-05,Total | (1) + (2),1793551.9277272387,pesos_corrientes,auditado,informacion_consolidada_2026_4.xlsx,https://www.argentina.gob.ar/sites/default/files/informacion_consolidada_2026_4.xlsx
Buenos Aires,2026-06,CFI | Neta,814895.5462999999,pesos_corrientes,auditado,informacion_consolidada_2026_4.xlsx,https://www.argentina.gob.ar/sites/default/files/informacion_consolidada_2026_4.xlsx
Buenos Aires,2026-06,Compensación Consenso Fiscal,162328.283859,pesos_corrientes,auditado,informacion_consolidada_2026_4.xlsx,https://www.argentina.gob.ar/sites/default/files/informacion_consolidada_2026_4.xlsx
Buenos Aires,2026-06,Total | (1) + (2),1596425.542929013,pesos_corrientes,auditado,informacion_consolidada_2026_4.xlsx,https://www.argentina.gob.ar/sites/default/files/informacion_consolidada_2026_4.xlsx
Buenos Aires,2026-07,CFI | Neta,1081352.3255,pesos_corrientes,auditado,informacion_consolidada_2026_4.xlsx,https://www.argentina.gob.ar/sites/default/files/informacion_consolidada_2026_4.xlsx
Buenos Aires,2026-07,Compensación Consenso Fiscal,158484.169746,pesos_corrientes,auditado,informacion_consolidada_2026_4.xlsx,https://www.argentina.gob.ar/sites/default/files/informacion_consolidada_2026_4.xlsx
Buenos Aires,2026-07,Total | (1) + (2),1638032.3689408773,pesos_corrientes,auditado,informacion_consolidada_2026_4.xlsx,https://www.argentina.gob.ar/sites/default/files/informacion_consolidada_2026_4.xlsx
CABA,2026-01,CFI | Neta,102465.67,pesos_corrientes,auditado,informacion_consolidada_2026_4.xlsx,https://www.argentina.gob.ar/sites/default/files/informacion_consolidada_2026_4.xlsx
CABA,2026-01,Total | (1) + (2),128756.21715857813,pesos_corrientes,auditado,informacion_consolidada_2026_4.xlsx,https://www.argentina.gob.ar/sites/default/files/informacion_consolidada_2026_4.xlsx
CABA,2026-02,CFI | Neta,65356.0256,pesos_corrientes,auditado,informacion_consolidada_2026_4.xlsx,https://www.argentina.gob.ar/sites/default/files/informacion_consolidada_2026_4.xlsx
CABA,2026-02,Total | (1) + (2),119022.33516757439,pesos_corrientes,auditado,informacion_consolidada_2026_4.xlsx,https://www.argentina.gob.ar/sites/default/files/informacion_consolidada_2026_4.xlsx
CABA,2026-03,CFI | Neta,51442.2361,pesos_corrientes,auditado,informacion_consolidada_2026_4.xlsx,https://www.argentina.gob.ar/sites/default/files/informacion_consolidada_2026_4.xlsx
CABA,2026-03,Total | (1) + (2),108759.77433129703,pesos_corrientes,auditado,informacion_consolidada_2026_4.xlsx,https://www.argentina.gob.ar/sites/default/files/informacion_consolidada_2026_4.xlsx
CABA,2026-04,CFI | Neta,62567.329600000005,pesos_corrientes,auditado,informacion_consolidada_2026_4.xlsx,https://www.argentina.gob.ar/sites/default/files/informacion_consolidada_2026_4.xlsx
CABA,2026-04,Total | (1) + (2),121713.76138273982,pesos_corrientes,auditado,informacion_consolidada_2026_4.xlsx,https://www.argentina.gob.ar/sites/default/files/informacion_consolidada_2026_4.xlsx
CABA,2026-05,CFI | Neta,131577.168,pesos_corrientes,auditado,informacion_consolidada_2026_4.xlsx,https://www.argentina.gob.ar/sites/default/files/informacion_consolidada_2026_4.xlsx
CABA,2026-05,Total | (1) + (2),179799.54071490248,pesos_corrientes,auditado,informacion_consolidada_2026_4.xlsx,https://www.argentina.gob.ar/sites/default/files/informacion_consolidada_2026_4.xlsx
CABA,2026-06,CFI | Neta,76844.9893,pesos_corrientes,auditado,informacion_consolidada_2026_4.xlsx,https://www.argentina.gob.ar/sites/default/files/informacion_consolidada_2026_4.xlsx
CABA,2026-06,Total | (1) + (2),128888.28929762793,pesos_corrientes,auditado,informacion_consolidada_2026_4.xlsx,https://www.argentina.gob.ar/sites/default/files/informacion_consolidada_2026_4.xlsx
CABA,2026-07,CFI | Neta,105885.9028,pesos_corrientes,auditado,informacion_consolidada_2026_4.xlsx,https://www.argentina.gob.ar/sites/default/files/informacion_consolidada_2026_4.xlsx
CABA,2026-07,Total | (1) + (2),158700.2118192825,pesos_corrientes,auditado,informacion_consolidada_2026_4.xlsx,https://www.argentina.gob.ar/sites/default/files/informacion_consolidada_2026_4.xlsx
Catamarca,2026-01,CFI | Neta,135271.6347,pesos_corrientes,auditado,informacion_consolidada_2026_4.xlsx,https://www.argentina.gob.ar/sites/default/files/informacion_consolidada_2026_4.xlsx
Catamarca,2026-01,Compensación Consenso Fiscal,928.062723,pesos_corrientes,auditado,informacion_consolidada_2026_4.xlsx,https://www.argentina.gob.ar/sites/default/files/informacion_consolidada_2026_4.xlsx
Catamarca,2026-01,Total | (1) + (2),148137.17355301516,pesos_corrientes,auditado,informacion_consolidada_2026_4.xlsx,https://www.argentina.gob.ar/sites/default/files/informacion_consolidada_2026_4.xlsx
Catamarca,2026-02,CFI | Neta,116821.804,pesos_corrientes,auditado,informacion_consolidada_2026_4.xlsx,https://www.argentina.gob.ar/sites/default/files/informacion_consolidada_2026_4.xlsx
Catamarca,2026-02,Compensación Consenso Fiscal,4795.482333999999,pesos_corrientes,auditado,informacion_consolidada_2026_4.xlsx,https://www.argentina.gob.ar/sites/default/files/informacion_consolidada_2026_4.xlsx
Catamarca,2026-02,Total | (1) + (2),141248.8170124433,pesos_corrientes,auditado,informacion_consolidada_2026_4.xlsx,https://www.argentina.gob.ar/sites/default/files/informacion_consolidada_2026_4.xlsx
Catamarca,2026-03,CFI | Neta,103945.7099,pesos_corrientes,auditado,informacion_consolidada_2026_4.xlsx,https://www.argentina.gob.ar/sites/default/files/informacion_consolidada_2026_4.xlsx
Catamarca,2026-03,Compensación Consenso Fiscal,4928.062723,pesos_corrientes,auditado,informacion_consolidada_2026_4.xlsx,https://www.argentina.gob.ar/sites/default/files/informacion_consolidada_2026_4.xlsx
Catamarca,2026-03,Total | (1) + (2),131121.85950618313,pesos_corrientes,auditado,informacion_consolidada_2026_4.xlsx,https://www.argentina.gob.ar/sites/default/files/informacion_consolidada_2026_4.xlsx
Catamarca,2026-04,CFI | Neta,117601.94690000001,pesos_corrientes,auditado,informacion_consolidada_2026_4.xlsx,https://www.argentina.gob.ar/sites/default/files/informacion_consolidada_2026_4.xlsx
Catamarca,2026-04,Compensación Consenso Fiscal,547.39054,pesos_corrientes,auditado,informacion_consolidada_2026_4.xlsx,https://www.argentina.gob.ar/sites/default/files/informacion_consolidada_2026_4.xlsx
Catamarca,2026-04,Total | (1) + (2),140011.60425822096,pesos_corrientes,auditado,informacion_consolidada_2026_4.xlsx,https://www.argentina.gob.ar/sites/default/files/informacion_consolidada_2026_4.xlsx
Catamarca,2026-05,CFI | Neta,186126.645,pesos_corrientes,auditado,informacion_consolidada_2026_4.xlsx,https://www.argentina.gob.ar/sites/default/files/informacion_consolidada_2026_4.xlsx
Catamarca,2026-05,Compensación Consenso Fiscal,8520.021013,pesos_corrientes,auditado,informacion_consolidada_2026_4.xlsx,https://www.argentina.gob.ar/sites/default/files/informacion_consolidada_2026_4.xlsx
Catamarca,2026-05,Total | (1) + (2),213821.01959464114,pesos_corrientes,auditado,informacion_consolidada_2026_4.xlsx,https://www.argentina.gob.ar/sites/default/files/informacion_consolidada_2026_4.xlsx
Catamarca,2026-06,CFI | Neta,127593.9803,pesos_corrientes,auditado,informacion_consolidada_2026_4.xlsx,https://www.argentina.gob.ar/sites/default/files/informacion_consolidada_2026_4.xlsx
Catamarca,2026-06,Compensación Consenso Fiscal,4574.760067,pesos_corrientes,auditado,informacion_consolidada_2026_4.xlsx,https://www.argentina.gob.ar/sites/default/files/informacion_consolidada_2026_4.xlsx
Catamarca,2026-06,Total | (1) + (2),178355.32253801145,pesos_corrientes,auditado,informacion_consolidada_2026_4.xlsx,https://www.argentina.gob.ar/sites/default/files/informacion_consolidada_2026_4.xlsx
Catamarca,2026-07,CFI | Neta,161014.303,pesos_corrientes,auditado,informacion_consolidada_2026_4.xlsx,https://www.argentina.gob.ar/sites/default/files/informacion_consolidada_2026_4.xlsx
Catamarca,2026-07,Compensación Consenso Fiscal,5365.4888169999995,pesos_corrientes,auditado,informacion_consolidada_2026_4.xlsx,https://www.argentina.gob.ar/sites/default/files/informacion_consolidada_2026_4.xlsx
Catamarca,2026-07,Total | (1) + (2),188972.30761142576,pesos_corrientes,auditado,informacion_consolidada_2026_4.xlsx,https://www.argentina.gob.ar/sites/default/files/informacion_consolidada_2026_4.xlsx
Chaco,2026-01,CFI | Neta,240351.70630000002,pesos_corrientes,auditado,informacion_consolidada_2026_4.xlsx,https://www.argentina.gob.ar/sites/default/files/informacion_consolidada_2026_4.xlsx
Chaco,2026-01,Compensación Consenso Fiscal,8201.125443,pesos_corrientes,auditado,informacion_consolidada_2026_4.xlsx,https://www.argentina.gob.ar/sites/default/files/informacion_consolidada_2026_4.xlsx
Chaco,2026-01,Total | (1) + (2),275773.71090472577,pesos_corrientes,auditado,informacion_consolidada_2026_4.xlsx,https://www.argentina.gob.ar/sites/default/files/informacion_consolidada_2026_4.xlsx
Chaco,2026-02,CFI | Neta,202707.6114,pesos_corrientes,auditado,informacion_consolidada_2026_4.xlsx,https://www.argentina.gob.ar/sites/default/files/informacion_consolidada_2026_4.xlsx
Chaco,2026-02,Compensación Consenso Fiscal,7029.536093999999,pesos_corrientes,auditado,informacion_consolidada_2026_4.xlsx,https://www.argentina.gob.ar/sites/default/files/informacion_consolidada_2026_4.xlsx
Chaco,2026-02,Total | (1) + (2),255955.47161753252,pesos_corrientes,auditado,informacion_consolidada_2026_4.xlsx,https://www.argentina.gob.ar/sites/default/files/informacion_consolidada_2026_4.xlsx
Chaco,2026-03,CFI | Neta,178540.98030000002,pesos_corrientes,auditado,informacion_consolidada_2026_4.xlsx,https://www.argentina.gob.ar/sites/default/files/informacion_consolidada_2026_4.xlsx
Chaco,2026-03,Compensación Consenso Fiscal,8201.125443,pesos_corrientes,auditado,informacion_consolidada_2026_4.xlsx,https://www.argentina.gob.ar/sites/default/files/informacion_consolidada_2026_4.xlsx
Chaco,2026-03,Total | (1) + (2),236815.58583973668,pesos_corrientes,auditado,informacion_consolidada_2026_4.xlsx,https://www.argentina.gob.ar/sites/default/files/informacion_consolidada_2026_4.xlsx
Chaco,2026-04,CFI | Neta,202852.2071,pesos_corrientes,auditado,informacion_consolidada_2026_4.xlsx,https://www.argentina.gob.ar/sites/default/files/informacion_consolidada_2026_4.xlsx
Chaco,2026-04,Compensación Consenso Fiscal,9998.051539999999,pesos_corrientes,auditado,informacion_consolidada_2026_4.xlsx,https://www.argentina.gob.ar/sites/default/files/informacion_consolidada_2026_4.xlsx
Chaco,2026-04,Total | (1) + (2),264509.57865260844,pesos_corrientes,auditado,informacion_consolidada_2026_4.xlsx,https://www.argentina.gob.ar/sites/default/files/informacion_consolidada_2026_4.xlsx
Chaco,2026-05,CFI | Neta,329077.35760000005,pesos_corrientes,auditado,informacion_consolidada_2026_4.xlsx,https://www.argentina.gob.ar/sites/default/files/informacion_consolidada_2026_4.xlsx
Chaco,2026-05,Compensación Consenso Fiscal,9498.148963,pesos_corrientes,auditado,informacion_consolidada_2026_4.xlsx,https://www.argentina.gob.ar/sites/default/files/informacion_consolidada_2026_4.xlsx
Chaco,2026-05,Total | (1) + (2),382125.5697631178,pesos_corrientes,auditado,informacion_consolidada_2026_4.xlsx,https://www.argentina.gob.ar/sites/default/files/informacion_consolidada_2026_4.xlsx
Chaco,2026-06,CFI | Neta,222218.05659999998,pesos_corrientes,auditado,informacion_consolidada_2026_4.xlsx,https://www.argentina.gob.ar/sites/default/files/informacion_consolidada_2026_4.xlsx
Chaco,2026-06,Compensación Consenso Fiscal,10497.954117000001,pesos_corrientes,auditado,informacion_consolidada_2026_4.xlsx,https://www.argentina.gob.ar/sites/default/files/informacion_consolidada_2026_4.xlsx
Chaco,2026-06,Total | (1) + (2),329095.86330010573,pesos_corrientes,auditado,informacion_consolidada_2026_4.xlsx,https://www.argentina.gob.ar/sites/default/files/informacion_consolidada_2026_4.xlsx
Chaco,2026-07,CFI | Neta,282748.5711,pesos_corrientes,auditado,informacion_consolidada_2026_4.xlsx,https://www.argentina.gob.ar/sites/default/files/informacion_consolidada_2026_4.xlsx
Chaco,2026-07,Compensación Consenso Fiscal,10191.410355,pesos_corrientes,auditado,informacion_consolidada_2026_4.xlsx,https://www.argentina.gob.ar/sites/default/files/informacion_consolidada_2026_4.xlsx
Chaco,2026-07,Total | (1) + (2),344024.5927617386,pesos_corrientes,auditado,informacion_consolidada_2026_4.xlsx,https://www.argentina.gob.ar/sites/default/files/informacion_consolidada_2026_4.xlsx
Chubut,2026-01,CFI | Neta,74526.4937,pesos_corrientes,auditado,informacion_consolidada_2026_4.xlsx,https://www.argentina.gob.ar/sites/default/files/informacion_consolidada_2026_4.xlsx
Chubut,2026-01,Compensación Consenso Fiscal,1557.23127,pesos_corrientes,auditado,informacion_consolidada_2026_4.xlsx,https://www.argentina.gob.ar/sites/default/files/informacion_consolidada_2026_4.xlsx
Chubut,2026-01,Total | (1) + (2),88378.47286125511,pesos_corrientes,auditado,informacion_consolidada_2026_4.xlsx,https://www.argentina.gob.ar/sites/default/files/informacion_consolidada_2026_4.xlsx
Chubut,2026-02,CFI | Neta,61074.4345,pesos_corrientes,auditado,informacion_consolidada_2026_4.xlsx,https://www.argentina.gob.ar/sites/default/files/informacion_consolidada_2026_4.xlsx
Chubut,2026-02,Compensación Consenso Fiscal,1334.76966,pesos_corrientes,auditado,informacion_consolidada_2026_4.xlsx,https://www.argentina.gob.ar/sites/default/files/informacion_consolidada_2026_4.xlsx
Chubut,2026-02,Total | (1) + (2),82178.06968575643,pesos_corrientes,auditado,informacion_consolidada_2026_4.xlsx,https://www.argentina.gob.ar/sites/default/files/informacion_consolidada_2026_4.xlsx
Chubut,2026-03,CFI | Neta,53109.495299999995,pesos_corrientes,auditado,informacion_consolidada_2026_4.xlsx,https://www.argentina.gob.ar/sites/default/files/informacion_consolidada_2026_4.xlsx
Chubut,2026-03,Compensación Consenso Fiscal,1557.23127,pesos_corrientes,auditado,informacion_consolidada_2026_4.xlsx,https://www.argentina.gob.ar/sites/default/files/informacion_consolidada_2026_4.xlsx
Chubut,2026-03,Total | (1) + (2),77364.13562372263,pesos_corrientes,auditado,informacion_consolidada_2026_4.xlsx,https://www.argentina.gob.ar/sites/default/files/informacion_consolidada_2026_4.xlsx
Chubut,2026-04,CFI | Neta,60664.8413,pesos_corrientes,auditado,informacion_consolidada_2026_4.xlsx,https://www.argentina.gob.ar/sites/default/files/informacion_consolidada_2026_4.xlsx
Chubut,2026-04,Compensación Consenso Fiscal,1729.27702,pesos_corrientes,auditado,informacion_consolidada_2026_4.xlsx,https://www.argentina.gob.ar/sites/default/files/informacion_consolidada_2026_4.xlsx
Chubut,2026-04,Total | (1) + (2),84488.46284943588,pesos_corrientes,auditado,informacion_consolidada_2026_4.xlsx,https://www.argentina.gob.ar/sites/default/files/informacion_consolidada_2026_4.xlsx
Chubut,2026-05,CFI | Neta,101439.8549,pesos_corrientes,auditado,informacion_consolidada_2026_4.xlsx,https://www.argentina.gob.ar/sites/default/files/informacion_consolidada_2026_4.xlsx
Chubut,2026-05,Compensación Consenso Fiscal,1642.813169,pesos_corrientes,auditado,informacion_consolidada_2026_4.xlsx,https://www.argentina.gob.ar/sites/default/files/informacion_consolidada_2026_4.xlsx
Chubut,2026-05,Total | (1) + (2),122490.10404984202,pesos_corrientes,auditado,informacion_consolidada_2026_4.xlsx,https://www.argentina.gob.ar/sites/default/files/informacion_consolidada_2026_4.xlsx
Chubut,2026-06,CFI | Neta,67259.6453,pesos_corrientes,auditado,informacion_consolidada_2026_4.xlsx,https://www.argentina.gob.ar/sites/default/files/informacion_consolidada_2026_4.xlsx
Chubut,2026-06,Compensación Consenso Fiscal,1815.740871,pesos_corrientes,auditado,informacion_consolidada_2026_4.xlsx,https://www.argentina.gob.ar/sites/default/files/informacion_consolidada_2026_4.xlsx
Chubut,2026-06,Total | (1) + (2),107449.59753796726,pesos_corrientes,auditado,informacion_consolidada_2026_4.xlsx,https://www.argentina.gob.ar/sites/default/files/informacion_consolidada_2026_4.xlsx
Chubut,2026-07,CFI | Neta,86449.05840000001,pesos_corrientes,auditado,informacion_consolidada_2026_4.xlsx,https://www.argentina.gob.ar/sites/default/files/informacion_consolidada_2026_4.xlsx
Chubut,2026-07,Compensación Consenso Fiscal,1996.6080749999999,pesos_corrientes,auditado,informacion_consolidada_2026_4.xlsx,https://www.argentina.gob.ar/sites/default/files/informacion_consolidada_2026_4.xlsx
Chubut,2026-07,Total | (1) + (2),111017.62191033304,pesos_corrientes,auditado,informacion_consolidada_2026_4.xlsx,https://www.argentina.gob.ar/sites/default/files/informacion_consolidada_2026_4.xlsx
Corrientes,2026-01,CFI | Neta,176740.2409,pesos_corrientes,auditado,informacion_consolidada_2026_4.xlsx,https://www.argentina.gob.ar/sites/default/files/informacion_consolidada_2026_4.xlsx
Corrientes,2026-01,Compensación Consenso Fiscal,6724.6844280000005,pesos_corrientes,auditado,informacion_consolidada_2026_4.xlsx,https://www.argentina.gob.ar/sites/default/files/informacion_consolidada_2026_4.xlsx
Corrientes,2026-01,Total | (1) + (2),208013.47558840222,pesos_corrientes,auditado,informacion_consolidada_2026_4.xlsx,https://www.argentina.gob.ar/sites/default/files/informacion_consolidada_2026_4.xlsx
Corrientes,2026-02,CFI | Neta,146540.17669999998,pesos_corrientes,auditado,informacion_consolidada_2026_4.xlsx,https://www.argentina.gob.ar/sites/default/files/informacion_consolidada_2026_4.xlsx
Corrientes,2026-02,Compensación Consenso Fiscal,5764.015224000001,pesos_corrientes,auditado,informacion_consolidada_2026_4.xlsx,https://www.argentina.gob.ar/sites/default/files/informacion_consolidada_2026_4.xlsx
Corrientes,2026-02,Total | (1) + (2),193436.44881529038,pesos_corrientes,auditado,informacion_consolidada_2026_4.xlsx,https://www.argentina.gob.ar/sites/default/files/informacion_consolidada_2026_4.xlsx
Corrientes,2026-03,CFI | Neta,128102.1031,pesos_corrientes,auditado,informacion_consolidada_2026_4.xlsx,https://www.argentina.gob.ar/sites/default/files/informacion_consolidada_2026_4.xlsx
Corrientes,2026-03,Compensación Consenso Fiscal,6724.6844280000005,pesos_corrientes,auditado,informacion_consolidada_2026_4.xlsx,https://www.argentina.gob.ar/sites/default/files/informacion_consolidada_2026_4.xlsx
Corrientes,2026-03,Total | (1) + (2),179554.03563204178,pesos_corrientes,auditado,informacion_consolidada_2026_4.xlsx,https://www.argentina.gob.ar/sites/default/files/informacion_consolidada_2026_4.xlsx
Corrientes,2026-04,CFI | Neta,146003.32369999998,pesos_corrientes,auditado,informacion_consolidada_2026_4.xlsx,https://www.argentina.gob.ar/sites/default/files/informacion_consolidada_2026_4.xlsx
Corrientes,2026-04,Compensación Consenso Fiscal,8297.6399,pesos_corrientes,auditado,informacion_consolidada_2026_4.xlsx,https://www.argentina.gob.ar/sites/default/files/informacion_consolidada_2026_4.xlsx
Corrientes,2026-04,Total | (1) + (2),200295.32024718905,pesos_corrientes,auditado,informacion_consolidada_2026_4.xlsx,https://www.argentina.gob.ar/sites/default/files/informacion_consolidada_2026_4.xlsx
Corrientes,2026-05,CFI | Neta,241137.3284,pesos_corrientes,auditado,informacion_consolidada_2026_4.xlsx,https://www.argentina.gob.ar/sites/default/files/informacion_consolidada_2026_4.xlsx
Corrientes,2026-05,Compensación Consenso Fiscal,7882.757905,pesos_corrientes,auditado,informacion_consolidada_2026_4.xlsx,https://www.argentina.gob.ar/sites/default/files/informacion_consolidada_2026_4.xlsx
Corrientes,2026-05,Total | (1) + (2),287887.79688693554,pesos_corrientes,auditado,informacion_consolidada_2026_4.xlsx,https://www.argentina.gob.ar/sites/default/files/informacion_consolidada_2026_4.xlsx
Corrientes,2026-06,CFI | Neta,161078.84819999998,pesos_corrientes,auditado,informacion_consolidada_2026_4.xlsx,https://www.argentina.gob.ar/sites/default/files/informacion_consolidada_2026_4.xlsx
Corrientes,2026-06,Compensación Consenso Fiscal,8712.521895,pesos_corrientes,auditado,informacion_consolidada_2026_4.xlsx,https://www.argentina.gob.ar/sites/default/files/informacion_consolidada_2026_4.xlsx
Corrientes,2026-06,Total | (1) + (2),251246.8097156355,pesos_corrientes,auditado,informacion_consolidada_2026_4.xlsx,https://www.argentina.gob.ar/sites/default/files/informacion_consolidada_2026_4.xlsx
Corrientes,2026-07,CFI | Neta,206184.59840000002,pesos_corrientes,auditado,informacion_consolidada_2026_4.xlsx,https://www.argentina.gob.ar/sites/default/files/informacion_consolidada_2026_4.xlsx
Corrientes,2026-07,Compensación Consenso Fiscal,8320.514286,pesos_corrientes,auditado,informacion_consolidada_2026_4.xlsx,https://www.argentina.gob.ar/sites/default/files/informacion_consolidada_2026_4.xlsx
Corrientes,2026-07,Total | (1) + (2),259961.7393458977,pesos_corrientes,auditado,informacion_consolidada_2026_4.xlsx,https://www.argentina.gob.ar/sites/default/files/informacion_consolidada_2026_4.xlsx
Córdoba,2026-01,CFI | Neta,425283.44960000005,pesos_corrientes,auditado,informacion_consolidada_2026_4.xlsx,https://www.argentina.gob.ar/sites/default/files/informacion_consolidada_2026_4.xlsx
Córdoba,2026-01,Compensación Consenso Fiscal,5473.94988,pesos_corrientes,auditado,informacion_consolidada_2026_4.xlsx,https://www.argentina.gob.ar/sites/default/files/informacion_consolidada_2026_4.xlsx
Córdoba,2026-01,Total | (1) + (2),484347.4825177209,pesos_corrientes,auditado,informacion_consolidada_2026_4.xlsx,https://www.argentina.gob.ar/sites/default/files/informacion_consolidada_2026_4.xlsx
Córdoba,2026-02,CFI | Neta,355985.2971,pesos_corrientes,auditado,informacion_consolidada_2026_4.xlsx,https://www.argentina.gob.ar/sites/default/files/informacion_consolidada_2026_4.xlsx
Córdoba,2026-02,Compensación Consenso Fiscal,4691.95704,pesos_corrientes,auditado,informacion_consolidada_2026_4.xlsx,https://www.argentina.gob.ar/sites/default/files/informacion_consolidada_2026_4.xlsx
Córdoba,2026-02,Total | (1) + (2),450858.22336557036,pesos_corrientes,auditado,informacion_consolidada_2026_4.xlsx,https://www.argentina.gob.ar/sites/default/files/informacion_consolidada_2026_4.xlsx
Córdoba,2026-03,CFI | Neta,312511.6457,pesos_corrientes,auditado,informacion_consolidada_2026_4.xlsx,https://www.argentina.gob.ar/sites/default/files/informacion_consolidada_2026_4.xlsx
Córdoba,2026-03,Compensación Consenso Fiscal,5473.94988,pesos_corrientes,auditado,informacion_consolidada_2026_4.xlsx,https://www.argentina.gob.ar/sites/default/files/informacion_consolidada_2026_4.xlsx
Córdoba,2026-03,Total | (1) + (2),413599.1751118343,pesos_corrientes,auditado,informacion_consolidada_2026_4.xlsx,https://www.argentina.gob.ar/sites/default/files/informacion_consolidada_2026_4.xlsx
Córdoba,2026-04,CFI | Neta,355554.29510000005,pesos_corrientes,auditado,informacion_consolidada_2026_4.xlsx,https://www.argentina.gob.ar/sites/default/files/informacion_consolidada_2026_4.xlsx
Córdoba,2026-04,Compensación Consenso Fiscal,4894.9666,pesos_corrientes,auditado,informacion_consolidada_2026_4.xlsx,https://www.argentina.gob.ar/sites/default/files/informacion_consolidada_2026_4.xlsx
Córdoba,2026-04,Total | (1) + (2),461230.8863149375,pesos_corrientes,auditado,informacion_consolidada_2026_4.xlsx,https://www.argentina.gob.ar/sites/default/files/informacion_consolidada_2026_4.xlsx
Córdoba,2026-05,CFI | Neta,581372.6012,pesos_corrientes,auditado,informacion_consolidada_2026_4.xlsx,https://www.argentina.gob.ar/sites/default/files/informacion_consolidada_2026_4.xlsx
Córdoba,2026-05,Compensación Consenso Fiscal,4650.218269999999,pesos_corrientes,auditado,informacion_consolidada_2026_4.xlsx,https://www.argentina.gob.ar/sites/default/files/informacion_consolidada_2026_4.xlsx
Córdoba,2026-05,Total | (1) + (2),669907.8796753449,pesos_corrientes,auditado,informacion_consolidada_2026_4.xlsx,https://www.argentina.gob.ar/sites/default/files/informacion_consolidada_2026_4.xlsx
Córdoba,2026-06,CFI | Neta,390712.38289999997,pesos_corrientes,auditado,informacion_consolidada_2026_4.xlsx,https://www.argentina.gob.ar/sites/default/files/informacion_consolidada_2026_4.xlsx
Córdoba,2026-06,Compensación Consenso Fiscal,20139.71493,pesos_corrientes,auditado,informacion_consolidada_2026_4.xlsx,https://www.argentina.gob.ar/sites/default/files/informacion_consolidada_2026_4.xlsx
Córdoba,2026-06,Total | (1) + (2),596955.9516561608,pesos_corrientes,auditado,informacion_consolidada_2026_4.xlsx,https://www.argentina.gob.ar/sites/default/files/informacion_consolidada_2026_4.xlsx
Córdoba,2026-07,CFI | Neta,498452.0246,pesos_corrientes,auditado,informacion_consolidada_2026_4.xlsx,https://www.argentina.gob.ar/sites/default/files/informacion_consolidada_2026_4.xlsx
Córdoba,2026-07,Compensación Consenso Fiscal,7267.741446000001,pesos_corrientes,auditado,informacion_consolidada_2026_4.xlsx,https://www.argentina.gob.ar/sites/default/files/informacion_consolidada_2026_4.xlsx
Córdoba,2026-07,Total | (1) + (2),604592.0270494195,pesos_corrientes,auditado,informacion_consolidada_2026_4.xlsx,https://www.argentina.gob.ar/sites/default/files/informacion_consolidada_2026_4.xlsx
Entre Ríos,2026-01,CFI | Neta,237757.1503,pesos_corrientes,auditado,informacion_consolidada_2026_4.xlsx,https://www.argentina.gob.ar/sites/default/files/informacion_consolidada_2026_4.xlsx
Entre Ríos,2026-01,Compensación Consenso Fiscal,3770.95047,pesos_corrientes,auditado,informacion_consolidada_2026_4.xlsx,https://www.argentina.gob.ar/sites/default/files/informacion_consolidada_2026_4.xlsx
Entre Ríos,2026-01,Total | (1) + (2),266779.937903691,pesos_corrientes,auditado,informacion_consolidada_2026_4.xlsx,https://www.argentina.gob.ar/sites/default/files/informacion_consolidada_2026_4.xlsx
Entre Ríos,2026-02,CFI | Neta,203193.7545,pesos_corrientes,auditado,informacion_consolidada_2026_4.xlsx,https://www.argentina.gob.ar/sites/default/files/informacion_consolidada_2026_4.xlsx
Entre Ríos,2026-02,Compensación Consenso Fiscal,3232.2432599999997,pesos_corrientes,auditado,informacion_consolidada_2026_4.xlsx,https://www.argentina.gob.ar/sites/default/files/informacion_consolidada_2026_4.xlsx
Entre Ríos,2026-02,Total | (1) + (2),247876.363657745,pesos_corrientes,auditado,informacion_consolidada_2026_4.xlsx,https://www.argentina.gob.ar/sites/default/files/informacion_consolidada_2026_4.xlsx
Entre Ríos,2026-03,CFI | Neta,179996.57580000002,pesos_corrientes,auditado,informacion_consolidada_2026_4.xlsx,https://www.argentina.gob.ar/sites/default/files/informacion_consolidada_2026_4.xlsx
Entre Ríos,2026-03,Compensación Consenso Fiscal,3770.95047,pesos_corrientes,auditado,informacion_consolidada_2026_4.xlsx,https://www.argentina.gob.ar/sites/default/files/informacion_consolidada_2026_4.xlsx
Entre Ríos,2026-03,Total | (1) + (2),228369.31432088237,pesos_corrientes,auditado,informacion_consolidada_2026_4.xlsx,https://www.argentina.gob.ar/sites/default/files/informacion_consolidada_2026_4.xlsx
Entre Ríos,2026-04,CFI | Neta,204019.67169999998,pesos_corrientes,auditado,informacion_consolidada_2026_4.xlsx,https://www.argentina.gob.ar/sites/default/files/informacion_consolidada_2026_4.xlsx
Entre Ríos,2026-04,Compensación Consenso Fiscal,3906.74178,pesos_corrientes,auditado,informacion_consolidada_2026_4.xlsx,https://www.argentina.gob.ar/sites/default/files/informacion_consolidada_2026_4.xlsx
Entre Ríos,2026-04,Total | (1) + (2),254091.39467742288,pesos_corrientes,auditado,informacion_consolidada_2026_4.xlsx,https://www.argentina.gob.ar/sites/default/files/informacion_consolidada_2026_4.xlsx
Entre Ríos,2026-05,CFI | Neta,326423.7119,pesos_corrientes,auditado,informacion_consolidada_2026_4.xlsx,https://www.argentina.gob.ar/sites/default/files/informacion_consolidada_2026_4.xlsx
Entre Ríos,2026-05,Compensación Consenso Fiscal,3711.404691,pesos_corrientes,auditado,informacion_consolidada_2026_4.xlsx,https://www.argentina.gob.ar/sites/default/files/informacion_consolidada_2026_4.xlsx
Entre Ríos,2026-05,Total | (1) + (2),369326.00592916954,pesos_corrientes,auditado,informacion_consolidada_2026_4.xlsx,https://www.argentina.gob.ar/sites/default/files/informacion_consolidada_2026_4.xlsx
Entre Ríos,2026-06,CFI | Neta,222289.8852,pesos_corrientes,auditado,informacion_consolidada_2026_4.xlsx,https://www.argentina.gob.ar/sites/default/files/informacion_consolidada_2026_4.xlsx
Entre Ríos,2026-06,Compensación Consenso Fiscal,4102.078869,pesos_corrientes,auditado,informacion_consolidada_2026_4.xlsx,https://www.argentina.gob.ar/sites/default/files/informacion_consolidada_2026_4.xlsx
Entre Ríos,2026-06,Total | (1) + (2),319809.180172638,pesos_corrientes,auditado,informacion_consolidada_2026_4.xlsx,https://www.argentina.gob.ar/sites/default/files/informacion_consolidada_2026_4.xlsx
Entre Ríos,2026-07,CFI | Neta,281535.0027,pesos_corrientes,auditado,informacion_consolidada_2026_4.xlsx,https://www.argentina.gob.ar/sites/default/files/informacion_consolidada_2026_4.xlsx
Entre Ríos,2026-07,Compensación Consenso Fiscal,4936.968099000001,pesos_corrientes,auditado,informacion_consolidada_2026_4.xlsx,https://www.argentina.gob.ar/sites/default/files/informacion_consolidada_2026_4.xlsx
Entre Ríos,2026-07,Total | (1) + (2),333017.03890322836,pesos_corrientes,auditado,informacion_consolidada_2026_4.xlsx,https://www.argentina.gob.ar/sites/default/files/informacion_consolidada_2026_4.xlsx
Formosa,2026-01,CFI | Neta,178404.57,pesos_corrientes,auditado,informacion_consolidada_2026_4.xlsx,https://www.argentina.gob.ar/sites/default/files/informacion_consolidada_2026_4.xlsx
Formosa,2026-01,Compensación Consenso Fiscal,4036.2441839999997,pesos_corrientes,auditado,informacion_consolidada_2026_4.xlsx,https://www.argentina.gob.ar/sites/default/files/informacion_consolidada_2026_4.xlsx
Formosa,2026-01,Total | (1) + (2),199434.57767100603,pesos_corrientes,auditado,informacion_consolidada_2026_4.xlsx,https://www.argentina.gob.ar/sites/default/files/informacion_consolidada_2026_4.xlsx
Formosa,2026-02,CFI | Neta,153673.4497,pesos_corrientes,auditado,informacion_consolidada_2026_4.xlsx,https://www.argentina.gob.ar/sites/default/files/informacion_consolidada_2026_4.xlsx
Formosa,2026-02,Compensación Consenso Fiscal,3459.637872,pesos_corrientes,auditado,informacion_consolidada_2026_4.xlsx,https://www.argentina.gob.ar/sites/default/files/informacion_consolidada_2026_4.xlsx
Formosa,2026-02,Total | (1) + (2),185113.9252762307,pesos_corrientes,auditado,informacion_consolidada_2026_4.xlsx,https://www.argentina.gob.ar/sites/default/files/informacion_consolidada_2026_4.xlsx
Formosa,2026-03,CFI | Neta,136586.1194,pesos_corrientes,auditado,informacion_consolidada_2026_4.xlsx,https://www.argentina.gob.ar/sites/default/files/informacion_consolidada_2026_4.xlsx
Formosa,2026-03,Compensación Consenso Fiscal,4036.2441839999997,pesos_corrientes,auditado,informacion_consolidada_2026_4.xlsx,https://www.argentina.gob.ar/sites/default/files/informacion_consolidada_2026_4.xlsx
Formosa,2026-03,Total | (1) + (2),171501.62577097228,pesos_corrientes,auditado,informacion_consolidada_2026_4.xlsx,https://www.argentina.gob.ar/sites/default/files/informacion_consolidada_2026_4.xlsx
Formosa,2026-04,CFI | Neta,154600.63390000002,pesos_corrientes,auditado,informacion_consolidada_2026_4.xlsx,https://www.argentina.gob.ar/sites/default/files/informacion_consolidada_2026_4.xlsx
Formosa,2026-04,Compensación Consenso Fiscal,4604.54268,pesos_corrientes,auditado,informacion_consolidada_2026_4.xlsx,https://www.argentina.gob.ar/sites/default/files/informacion_consolidada_2026_4.xlsx
Formosa,2026-04,Total | (1) + (2),190335.80491340652,pesos_corrientes,auditado,informacion_consolidada_2026_4.xlsx,https://www.argentina.gob.ar/sites/default/files/informacion_consolidada_2026_4.xlsx
Formosa,2026-05,CFI | Neta,245341.4315,pesos_corrientes,auditado,informacion_consolidada_2026_4.xlsx,https://www.argentina.gob.ar/sites/default/files/informacion_consolidada_2026_4.xlsx
Formosa,2026-05,Compensación Consenso Fiscal,4374.315546,pesos_corrientes,auditado,informacion_consolidada_2026_4.xlsx,https://www.argentina.gob.ar/sites/default/files/informacion_consolidada_2026_4.xlsx
Formosa,2026-05,Total | (1) + (2),276656.36516172497,pesos_corrientes,auditado,informacion_consolidada_2026_4.xlsx,https://www.argentina.gob.ar/sites/default/files/informacion_consolidada_2026_4.xlsx
Formosa,2026-06,CFI | Neta,167910.8016,pesos_corrientes,auditado,informacion_consolidada_2026_4.xlsx,https://www.argentina.gob.ar/sites/default/files/informacion_consolidada_2026_4.xlsx
Formosa,2026-06,Compensación Consenso Fiscal,4834.769814,pesos_corrientes,auditado,informacion_consolidada_2026_4.xlsx,https://www.argentina.gob.ar/sites/default/files/informacion_consolidada_2026_4.xlsx
Formosa,2026-06,Total | (1) + (2),237158.6337408364,pesos_corrientes,auditado,informacion_consolidada_2026_4.xlsx,https://www.argentina.gob.ar/sites/default/files/informacion_consolidada_2026_4.xlsx
Formosa,2026-07,CFI | Neta,212081.7176,pesos_corrientes,auditado,informacion_consolidada_2026_4.xlsx,https://www.argentina.gob.ar/sites/default/files/informacion_consolidada_2026_4.xlsx
Formosa,2026-07,Compensación Consenso Fiscal,5130.630057,pesos_corrientes,auditado,informacion_consolidada_2026_4.xlsx,https://www.argentina.gob.ar/sites/default/files/informacion_consolidada_2026_4.xlsx
Formosa,2026-07,Total | (1) + (2),249067.08003094146,pesos_corrientes,auditado,informacion_consolidada_2026_4.xlsx,https://www.argentina.gob.ar/sites/default/files/informacion_consolidada_2026_4.xlsx
Jujuy,2026-01,CFI | Neta,137273.7561,pesos_corrientes,auditado,informacion_consolidada_2026_4.xlsx,https://www.argentina.gob.ar/sites/default/files/informacion_consolidada_2026_4.xlsx
Jujuy,2026-01,Compensación Consenso Fiscal,3908.490222,pesos_corrientes,auditado,informacion_consolidada_2026_4.xlsx,https://www.argentina.gob.ar/sites/default/files/informacion_consolidada_2026_4.xlsx
Jujuy,2026-01,Total | (1) + (2),155950.930858247,pesos_corrientes,auditado,informacion_consolidada_2026_4.xlsx,https://www.argentina.gob.ar/sites/default/files/informacion_consolidada_2026_4.xlsx
Jujuy,2026-02,CFI | Neta,116193.62890000001,pesos_corrientes,auditado,informacion_consolidada_2026_4.xlsx,https://www.argentina.gob.ar/sites/default/files/informacion_consolidada_2026_4.xlsx
Jujuy,2026-02,Compensación Consenso Fiscal,3350.1344759999997,pesos_corrientes,auditado,informacion_consolidada_2026_4.xlsx,https://www.argentina.gob.ar/sites/default/files/informacion_consolidada_2026_4.xlsx
Jujuy,2026-02,Total | (1) + (2),144671.15787485702,pesos_corrientes,auditado,informacion_consolidada_2026_4.xlsx,https://www.argentina.gob.ar/sites/default/files/informacion_consolidada_2026_4.xlsx
Jujuy,2026-03,CFI | Neta,102502.4016,pesos_corrientes,auditado,informacion_consolidada_2026_4.xlsx,https://www.argentina.gob.ar/sites/default/files/informacion_consolidada_2026_4.xlsx
Jujuy,2026-03,Compensación Consenso Fiscal,3908.490222,pesos_corrientes,auditado,informacion_consolidada_2026_4.xlsx,https://www.argentina.gob.ar/sites/default/files/informacion_consolidada_2026_4.xlsx
Jujuy,2026-03,Total | (1) + (2),134368.28474590703,pesos_corrientes,auditado,informacion_consolidada_2026_4.xlsx,https://www.argentina.gob.ar/sites/default/files/informacion_consolidada_2026_4.xlsx
Jujuy,2026-04,CFI | Neta,116383.4095,pesos_corrientes,auditado,informacion_consolidada_2026_4.xlsx,https://www.argentina.gob.ar/sites/default/files/informacion_consolidada_2026_4.xlsx
Jujuy,2026-04,Compensación Consenso Fiscal,4641.2548799999995,pesos_corrientes,auditado,informacion_consolidada_2026_4.xlsx,https://www.argentina.gob.ar/sites/default/files/informacion_consolidada_2026_4.xlsx
Jujuy,2026-04,Total | (1) + (2),149111.15993583665,pesos_corrientes,auditado,informacion_consolidada_2026_4.xlsx,https://www.argentina.gob.ar/sites/default/files/informacion_consolidada_2026_4.xlsx
Jujuy,2026-05,CFI | Neta,188089.333,pesos_corrientes,auditado,informacion_consolidada_2026_4.xlsx,https://www.argentina.gob.ar/sites/default/files/informacion_consolidada_2026_4.xlsx
Jujuy,2026-05,Compensación Consenso Fiscal,4409.192136,pesos_corrientes,auditado,informacion_consolidada_2026_4.xlsx,https://www.argentina.gob.ar/sites/default/files/informacion_consolidada_2026_4.xlsx
Jujuy,2026-05,Total | (1) + (2),216573.3608823419,pesos_corrientes,auditado,informacion_consolidada_2026_4.xlsx,https://www.argentina.gob.ar/sites/default/files/informacion_consolidada_2026_4.xlsx
Jujuy,2026-06,CFI | Neta,127304.7898,pesos_corrientes,auditado,informacion_consolidada_2026_4.xlsx,https://www.argentina.gob.ar/sites/default/files/informacion_consolidada_2026_4.xlsx
Jujuy,2026-06,Compensación Consenso Fiscal,4873.317624,pesos_corrientes,auditado,informacion_consolidada_2026_4.xlsx,https://www.argentina.gob.ar/sites/default/files/informacion_consolidada_2026_4.xlsx
Jujuy,2026-06,Total | (1) + (2),184668.99423206542,pesos_corrientes,auditado,informacion_consolidada_2026_4.xlsx,https://www.argentina.gob.ar/sites/default/files/informacion_consolidada_2026_4.xlsx
Jujuy,2026-07,CFI | Neta,161776.8009,pesos_corrientes,auditado,informacion_consolidada_2026_4.xlsx,https://www.argentina.gob.ar/sites/default/files/informacion_consolidada_2026_4.xlsx
Jujuy,2026-07,Compensación Consenso Fiscal,4901.94642,pesos_corrientes,auditado,informacion_consolidada_2026_4.xlsx,https://www.argentina.gob.ar/sites/default/files/informacion_consolidada_2026_4.xlsx
Jujuy,2026-07,Total | (1) + (2),194743.4629609908,pesos_corrientes,auditado,informacion_consolidada_2026_4.xlsx,https://www.argentina.gob.ar/sites/default/files/informacion_consolidada_2026_4.xlsx
La Pampa,2026-01,CFI | Neta,94079.1408,pesos_corrientes,auditado,informacion_consolidada_2026_4.xlsx,https://www.argentina.gob.ar/sites/default/files/informacion_consolidada_2026_4.xlsx
La Pampa,2026-01,Compensación Consenso Fiscal,0.0,pesos_corrientes,auditado,informacion_consolidada_2026_4.xlsx,https://www.argentina.gob.ar/sites/default/files/informacion_consolidada_2026_4.xlsx
La Pampa,2026-01,Total | (1) + (2),103647.6774636562,pesos_corrientes,auditado,informacion_consolidada_2026_4.xlsx,https://www.argentina.gob.ar/sites/default/files/informacion_consolidada_2026_4.xlsx
La Pampa,2026-02,CFI | Neta,81295.4744,pesos_corrientes,auditado,informacion_consolidada_2026_4.xlsx,https://www.argentina.gob.ar/sites/default/files/informacion_consolidada_2026_4.xlsx
La Pampa,2026-02,Compensación Consenso Fiscal,0.0,pesos_corrientes,auditado,informacion_consolidada_2026_4.xlsx,https://www.argentina.gob.ar/sites/default/files/informacion_consolidada_2026_4.xlsx
La Pampa,2026-02,Total | (1) + (2),96199.08994635122,pesos_corrientes,auditado,informacion_consolidada_2026_4.xlsx,https://www.argentina.gob.ar/sites/default/files/informacion_consolidada_2026_4.xlsx
La Pampa,2026-03,CFI | Neta,72367.80859999999,pesos_corrientes,auditado,informacion_consolidada_2026_4.xlsx,https://www.argentina.gob.ar/sites/default/files/informacion_consolidada_2026_4.xlsx
La Pampa,2026-03,Compensación Consenso Fiscal,0.0,pesos_corrientes,auditado,informacion_consolidada_2026_4.xlsx,https://www.argentina.gob.ar/sites/default/files/informacion_consolidada_2026_4.xlsx
La Pampa,2026-03,Total | (1) + (2),89516.29794563164,pesos_corrientes,auditado,informacion_consolidada_2026_4.xlsx,https://www.argentina.gob.ar/sites/default/files/informacion_consolidada_2026_4.xlsx
La Pampa,2026-04,CFI | Neta,81866.0118,pesos_corrientes,auditado,informacion_consolidada_2026_4.xlsx,https://www.argentina.gob.ar/sites/default/files/informacion_consolidada_2026_4.xlsx
La Pampa,2026-04,Compensación Consenso Fiscal,0.0,pesos_corrientes,auditado,informacion_consolidada_2026_4.xlsx,https://www.argentina.gob.ar/sites/default/files/informacion_consolidada_2026_4.xlsx
La Pampa,2026-04,Total | (1) + (2),98407.48335281135,pesos_corrientes,auditado,informacion_consolidada_2026_4.xlsx,https://www.argentina.gob.ar/sites/default/files/informacion_consolidada_2026_4.xlsx
La Pampa,2026-05,CFI | Neta,129464.1394,pesos_corrientes,auditado,informacion_consolidada_2026_4.xlsx,https://www.argentina.gob.ar/sites/default/files/informacion_consolidada_2026_4.xlsx
La Pampa,2026-05,Compensación Consenso Fiscal,0.0,pesos_corrientes,auditado,informacion_consolidada_2026_4.xlsx,https://www.argentina.gob.ar/sites/default/files/informacion_consolidada_2026_4.xlsx
La Pampa,2026-05,Total | (1) + (2),144287.115932326,pesos_corrientes,auditado,informacion_consolidada_2026_4.xlsx,https://www.argentina.gob.ar/sites/default/files/informacion_consolidada_2026_4.xlsx
La Pampa,2026-06,CFI | Neta,88801.5593,pesos_corrientes,auditado,informacion_consolidada_2026_4.xlsx,https://www.argentina.gob.ar/sites/default/files/informacion_consolidada_2026_4.xlsx
La Pampa,2026-06,Compensación Consenso Fiscal,0.0,pesos_corrientes,auditado,informacion_consolidada_2026_4.xlsx,https://www.argentina.gob.ar/sites/default/files/informacion_consolidada_2026_4.xlsx
La Pampa,2026-06,Total | (1) + (2),124400.96601887324,pesos_corrientes,auditado,informacion_consolidada_2026_4.xlsx,https://www.argentina.gob.ar/sites/default/files/informacion_consolidada_2026_4.xlsx
La Pampa,2026-07,CFI | Neta,112015.5904,pesos_corrientes,auditado,informacion_consolidada_2026_4.xlsx,https://www.argentina.gob.ar/sites/default/files/informacion_consolidada_2026_4.xlsx
La Pampa,2026-07,Compensación Consenso Fiscal,0.0,pesos_corrientes,auditado,informacion_consolidada_2026_4.xlsx,https://www.argentina.gob.ar/sites/default/files/informacion_consolidada_2026_4.xlsx
La Pampa,2026-07,Total | (1) + (2),129593.7131611898,pesos_corrientes,auditado,informacion_consolidada_2026_4.xlsx,https://www.argentina.gob.ar/sites/default/files/informacion_consolidada_2026_4.xlsx
La Rioja,2026-01,CFI | Neta,101474.1743,pesos_corrientes,auditado,informacion_consolidada_2026_4.xlsx,https://www.argentina.gob.ar/sites/default/files/informacion_consolidada_2026_4.xlsx
La Rioja,2026-01,Compensación Consenso Fiscal,1215.434367,pesos_corrientes,auditado,informacion_consolidada_2026_4.xlsx,https://www.argentina.gob.ar/sites/default/files/informacion_consolidada_2026_4.xlsx
La Rioja,2026-01,Total | (1) + (2),112346.23579694575,pesos_corrientes,auditado,informacion_consolidada_2026_4.xlsx,https://www.argentina.gob.ar/sites/default/files/informacion_consolidada_2026_4.xlsx
La Rioja,2026-02,CFI | Neta,87408.1458,pesos_corrientes,auditado,informacion_consolidada_2026_4.xlsx,https://www.argentina.gob.ar/sites/default/files/informacion_consolidada_2026_4.xlsx
La Rioja,2026-02,Compensación Consenso Fiscal,1041.800886,pesos_corrientes,auditado,informacion_consolidada_2026_4.xlsx,https://www.argentina.gob.ar/sites/default/files/informacion_consolidada_2026_4.xlsx
La Rioja,2026-02,Total | (1) + (2),103938.40426660512,pesos_corrientes,auditado,informacion_consolidada_2026_4.xlsx,https://www.argentina.gob.ar/sites/default/files/informacion_consolidada_2026_4.xlsx
La Rioja,2026-03,CFI | Neta,77689.2845,pesos_corrientes,auditado,informacion_consolidada_2026_4.xlsx,https://www.argentina.gob.ar/sites/default/files/informacion_consolidada_2026_4.xlsx
La Rioja,2026-03,Compensación Consenso Fiscal,1215.434367,pesos_corrientes,auditado,informacion_consolidada_2026_4.xlsx,https://www.argentina.gob.ar/sites/default/files/informacion_consolidada_2026_4.xlsx
La Rioja,2026-03,Total | (1) + (2),96904.71112716458,pesos_corrientes,auditado,informacion_consolidada_2026_4.xlsx,https://www.argentina.gob.ar/sites/default/files/informacion_consolidada_2026_4.xlsx
La Rioja,2026-04,CFI | Neta,87935.6967,pesos_corrientes,auditado,informacion_consolidada_2026_4.xlsx,https://www.argentina.gob.ar/sites/default/files/informacion_consolidada_2026_4.xlsx
La Rioja,2026-04,Compensación Consenso Fiscal,1126.71122,pesos_corrientes,auditado,informacion_consolidada_2026_4.xlsx,https://www.argentina.gob.ar/sites/default/files/informacion_consolidada_2026_4.xlsx
La Rioja,2026-04,Total | (1) + (2),106310.6855835487,pesos_corrientes,auditado,informacion_consolidada_2026_4.xlsx,https://www.argentina.gob.ar/sites/default/files/informacion_consolidada_2026_4.xlsx
La Rioja,2026-05,CFI | Neta,139547.219,pesos_corrientes,auditado,informacion_consolidada_2026_4.xlsx,https://www.argentina.gob.ar/sites/default/files/informacion_consolidada_2026_4.xlsx
La Rioja,2026-05,Compensación Consenso Fiscal,1070.375659,pesos_corrientes,auditado,informacion_consolidada_2026_4.xlsx,https://www.argentina.gob.ar/sites/default/files/informacion_consolidada_2026_4.xlsx
La Rioja,2026-05,Total | (1) + (2),155997.62843213807,pesos_corrientes,auditado,informacion_consolidada_2026_4.xlsx,https://www.argentina.gob.ar/sites/default/files/informacion_consolidada_2026_4.xlsx
La Rioja,2026-06,CFI | Neta,95506.1105,pesos_corrientes,auditado,informacion_consolidada_2026_4.xlsx,https://www.argentina.gob.ar/sites/default/files/informacion_consolidada_2026_4.xlsx
La Rioja,2026-06,Compensación Consenso Fiscal,1183.046781,pesos_corrientes,auditado,informacion_consolidada_2026_4.xlsx,https://www.argentina.gob.ar/sites/default/files/informacion_consolidada_2026_4.xlsx
La Rioja,2026-06,Total | (1) + (2),132836.4557915587,pesos_corrientes,auditado,informacion_consolidada_2026_4.xlsx,https://www.argentina.gob.ar/sites/default/files/informacion_consolidada_2026_4.xlsx
La Rioja,2026-07,CFI | Neta,120629.7796,pesos_corrientes,auditado,informacion_consolidada_2026_4.xlsx,https://www.argentina.gob.ar/sites/default/files/informacion_consolidada_2026_4.xlsx
La Rioja,2026-07,Compensación Consenso Fiscal,1639.406118,pesos_corrientes,auditado,informacion_consolidada_2026_4.xlsx,https://www.argentina.gob.ar/sites/default/files/informacion_consolidada_2026_4.xlsx
La Rioja,2026-07,Total | (1) + (2),140343.2101354632,pesos_corrientes,auditado,informacion_consolidada_2026_4.xlsx,https://www.argentina.gob.ar/sites/default/files/informacion_consolidada_2026_4.xlsx
Mendoza,2026-01,CFI | Neta,193317.7872,pesos_corrientes,auditado,informacion_consolidada_2026_4.xlsx,https://www.argentina.gob.ar/sites/default/files/informacion_consolidada_2026_4.xlsx
Mendoza,2026-01,Compensación Consenso Fiscal,5729.021508000001,pesos_corrientes,auditado,informacion_consolidada_2026_4.xlsx,https://www.argentina.gob.ar/sites/default/files/informacion_consolidada_2026_4.xlsx
Mendoza,2026-01,Total | (1) + (2),228306.70858316246,pesos_corrientes,auditado,informacion_consolidada_2026_4.xlsx,https://www.argentina.gob.ar/sites/default/files/informacion_consolidada_2026_4.xlsx
Mendoza,2026-02,CFI | Neta,154947.2054,pesos_corrientes,auditado,informacion_consolidada_2026_4.xlsx,https://www.argentina.gob.ar/sites/default/files/informacion_consolidada_2026_4.xlsx
Mendoza,2026-02,Compensación Consenso Fiscal,4910.5898640000005,pesos_corrientes,auditado,informacion_consolidada_2026_4.xlsx,https://www.argentina.gob.ar/sites/default/files/informacion_consolidada_2026_4.xlsx
Mendoza,2026-02,Total | (1) + (2),212301.1501466429,pesos_corrientes,auditado,informacion_consolidada_2026_4.xlsx,https://www.argentina.gob.ar/sites/default/files/informacion_consolidada_2026_4.xlsx
Mendoza,2026-03,CFI | Neta,133365.4199,pesos_corrientes,auditado,informacion_consolidada_2026_4.xlsx,https://www.argentina.gob.ar/sites/default/files/informacion_consolidada_2026_4.xlsx
Mendoza,2026-03,Compensación Consenso Fiscal,5729.021508000001,pesos_corrientes,auditado,informacion_consolidada_2026_4.xlsx,https://www.argentina.gob.ar/sites/default/files/informacion_consolidada_2026_4.xlsx
Mendoza,2026-03,Total | (1) + (2),196141.92432285013,pesos_corrientes,auditado,informacion_consolidada_2026_4.xlsx,https://www.argentina.gob.ar/sites/default/files/informacion_consolidada_2026_4.xlsx
Mendoza,2026-04,CFI | Neta,152996.992,pesos_corrientes,auditado,informacion_consolidada_2026_4.xlsx,https://www.argentina.gob.ar/sites/default/files/informacion_consolidada_2026_4.xlsx
Mendoza,2026-04,Compensación Consenso Fiscal,6801.573219999999,pesos_corrientes,auditado,informacion_consolidada_2026_4.xlsx,https://www.argentina.gob.ar/sites/default/files/informacion_consolidada_2026_4.xlsx
Mendoza,2026-04,Total | (1) + (2),218811.03098587765,pesos_corrientes,auditado,informacion_consolidada_2026_4.xlsx,https://www.argentina.gob.ar/sites/default/files/informacion_consolidada_2026_4.xlsx
Mendoza,2026-05,CFI | Neta,261961.3247,pesos_corrientes,auditado,informacion_consolidada_2026_4.xlsx,https://www.argentina.gob.ar/sites/default/files/informacion_consolidada_2026_4.xlsx
Mendoza,2026-05,Compensación Consenso Fiscal,6461.494559000001,pesos_corrientes,auditado,informacion_consolidada_2026_4.xlsx,https://www.argentina.gob.ar/sites/default/files/informacion_consolidada_2026_4.xlsx
Mendoza,2026-05,Total | (1) + (2),317266.83368531056,pesos_corrientes,auditado,informacion_consolidada_2026_4.xlsx,https://www.argentina.gob.ar/sites/default/files/informacion_consolidada_2026_4.xlsx
Mendoza,2026-06,CFI | Neta,171256.1297,pesos_corrientes,auditado,informacion_consolidada_2026_4.xlsx,https://www.argentina.gob.ar/sites/default/files/informacion_consolidada_2026_4.xlsx
Mendoza,2026-06,Compensación Consenso Fiscal,7141.651881,pesos_corrientes,auditado,informacion_consolidada_2026_4.xlsx,https://www.argentina.gob.ar/sites/default/files/informacion_consolidada_2026_4.xlsx
Mendoza,2026-06,Total | (1) + (2),269427.1934750008,pesos_corrientes,auditado,informacion_consolidada_2026_4.xlsx,https://www.argentina.gob.ar/sites/default/files/informacion_consolidada_2026_4.xlsx
Mendoza,2026-07,CFI | Neta,221854.0308,pesos_corrientes,auditado,informacion_consolidada_2026_4.xlsx,https://www.argentina.gob.ar/sites/default/files/informacion_consolidada_2026_4.xlsx
Mendoza,2026-07,Compensación Consenso Fiscal,7185.76614,pesos_corrientes,auditado,informacion_consolidada_2026_4.xlsx,https://www.argentina.gob.ar/sites/default/files/informacion_consolidada_2026_4.xlsx
Mendoza,2026-07,Total | (1) + (2),285101.80476425425,pesos_corrientes,auditado,informacion_consolidada_2026_4.xlsx,https://www.argentina.gob.ar/sites/default/files/informacion_consolidada_2026_4.xlsx
Misiones,2026-01,CFI | Neta,151594.3126,pesos_corrientes,auditado,informacion_consolidada_2026_4.xlsx,https://www.argentina.gob.ar/sites/default/files/informacion_consolidada_2026_4.xlsx
Misiones,2026-01,Compensación Consenso Fiscal,7580.977110000001,pesos_corrientes,auditado,informacion_consolidada_2026_4.xlsx,https://www.argentina.gob.ar/sites/default/files/informacion_consolidada_2026_4.xlsx
Misiones,2026-01,Total | (1) + (2),185733.7439336551,pesos_corrientes,auditado,informacion_consolidada_2026_4.xlsx,https://www.argentina.gob.ar/sites/default/files/informacion_consolidada_2026_4.xlsx
Misiones,2026-02,CFI | Neta,119797.3692,pesos_corrientes,auditado,informacion_consolidada_2026_4.xlsx,https://www.argentina.gob.ar/sites/default/files/informacion_consolidada_2026_4.xlsx
Misiones,2026-02,Compensación Consenso Fiscal,6497.98038,pesos_corrientes,auditado,informacion_consolidada_2026_4.xlsx,https://www.argentina.gob.ar/sites/default/files/informacion_consolidada_2026_4.xlsx
Misiones,2026-02,Total | (1) + (2),172602.7067314818,pesos_corrientes,auditado,informacion_consolidada_2026_4.xlsx,https://www.argentina.gob.ar/sites/default/files/informacion_consolidada_2026_4.xlsx
Misiones,2026-03,CFI | Neta,102421.0508,pesos_corrientes,auditado,informacion_consolidada_2026_4.xlsx,https://www.argentina.gob.ar/sites/default/files/informacion_consolidada_2026_4.xlsx
Misiones,2026-03,Compensación Consenso Fiscal,7580.977110000001,pesos_corrientes,auditado,informacion_consolidada_2026_4.xlsx,https://www.argentina.gob.ar/sites/default/files/informacion_consolidada_2026_4.xlsx
Misiones,2026-03,Total | (1) + (2),160767.25851743063,pesos_corrientes,auditado,informacion_consolidada_2026_4.xlsx,https://www.argentina.gob.ar/sites/default/files/informacion_consolidada_2026_4.xlsx
Misiones,2026-04,CFI | Neta,117831.9805,pesos_corrientes,auditado,informacion_consolidada_2026_4.xlsx,https://www.argentina.gob.ar/sites/default/files/informacion_consolidada_2026_4.xlsx
Misiones,2026-04,Compensación Consenso Fiscal,9590.89344,pesos_corrientes,auditado,informacion_consolidada_2026_4.xlsx,https://www.argentina.gob.ar/sites/default/files/informacion_consolidada_2026_4.xlsx
Misiones,2026-04,Total | (1) + (2),179490.57931312214,pesos_corrientes,auditado,informacion_consolidada_2026_4.xlsx,https://www.argentina.gob.ar/sites/default/files/informacion_consolidada_2026_4.xlsx
Misiones,2026-05,CFI | Neta,204848.72319999998,pesos_corrientes,auditado,informacion_consolidada_2026_4.xlsx,https://www.argentina.gob.ar/sites/default/files/informacion_consolidada_2026_4.xlsx
Misiones,2026-05,Compensación Consenso Fiscal,12612.567175709999,pesos_corrientes,auditado,informacion_consolidada_2026_4.xlsx,https://www.argentina.gob.ar/sites/default/files/informacion_consolidada_2026_4.xlsx
Misiones,2026-05,Total | (1) + (2),260927.0041897475,pesos_corrientes,auditado,informacion_consolidada_2026_4.xlsx,https://www.argentina.gob.ar/sites/default/files/informacion_consolidada_2026_4.xlsx
Misiones,2026-06,CFI | Neta,132716.4478,pesos_corrientes,auditado,informacion_consolidada_2026_4.xlsx,https://www.argentina.gob.ar/sites/default/files/informacion_consolidada_2026_4.xlsx
Misiones,2026-06,Compensación Consenso Fiscal,10070.438112,pesos_corrientes,auditado,informacion_consolidada_2026_4.xlsx,https://www.argentina.gob.ar/sites/default/files/informacion_consolidada_2026_4.xlsx
Misiones,2026-06,Total | (1) + (2),222879.99852304408,pesos_corrientes,auditado,informacion_consolidada_2026_4.xlsx,https://www.argentina.gob.ar/sites/default/files/informacion_consolidada_2026_4.xlsx
Misiones,2026-07,CFI | Neta,172797.46409999998,pesos_corrientes,auditado,informacion_consolidada_2026_4.xlsx,https://www.argentina.gob.ar/sites/default/files/informacion_consolidada_2026_4.xlsx
Misiones,2026-07,Compensación Consenso Fiscal,9293.99835,pesos_corrientes,auditado,informacion_consolidada_2026_4.xlsx,https://www.argentina.gob.ar/sites/default/files/informacion_consolidada_2026_4.xlsx
Misiones,2026-07,Total | (1) + (2),232088.38764368024,pesos_corrientes,auditado,informacion_consolidada_2026_4.xlsx,https://www.argentina.gob.ar/sites/default/files/informacion_consolidada_2026_4.xlsx
Neuquén,2026-01,CFI | Neta,81512.792,pesos_corrientes,auditado,informacion_consolidada_2026_4.xlsx,https://www.argentina.gob.ar/sites/default/files/informacion_consolidada_2026_4.xlsx
Neuquén,2026-01,Compensación Consenso Fiscal,2097.278085,pesos_corrientes,auditado,informacion_consolidada_2026_4.xlsx,https://www.argentina.gob.ar/sites/default/files/informacion_consolidada_2026_4.xlsx
Neuquén,2026-01,Total | (1) + (2),97266.62248403797,pesos_corrientes,auditado,informacion_consolidada_2026_4.xlsx,https://www.argentina.gob.ar/sites/default/files/informacion_consolidada_2026_4.xlsx
Neuquén,2026-02,CFI | Neta,66500.0784,pesos_corrientes,auditado,informacion_consolidada_2026_4.xlsx,https://www.argentina.gob.ar/sites/default/files/informacion_consolidada_2026_4.xlsx
Neuquén,2026-02,Compensación Consenso Fiscal,1797.6669299999999,pesos_corrientes,auditado,informacion_consolidada_2026_4.xlsx,https://www.argentina.gob.ar/sites/default/files/informacion_consolidada_2026_4.xlsx
Neuquén,2026-02,Total | (1) + (2),91002.48561919061,pesos_corrientes,auditado,informacion_consolidada_2026_4.xlsx,https://www.argentina.gob.ar/sites/default/files/informacion_consolidada_2026_4.xlsx
Neuquén,2026-03,CFI | Neta,57709.0991,pesos_corrientes,auditado,informacion_consolidada_2026_4.xlsx,https://www.argentina.gob.ar/sites/default/files/informacion_consolidada_2026_4.xlsx
Neuquén,2026-03,Compensación Consenso Fiscal,2097.278085,pesos_corrientes,auditado,informacion_consolidada_2026_4.xlsx,https://www.argentina.gob.ar/sites/default/files/informacion_consolidada_2026_4.xlsx
Neuquén,2026-03,Total | (1) + (2),85235.64478960734,pesos_corrientes,auditado,informacion_consolidada_2026_4.xlsx,https://www.argentina.gob.ar/sites/default/files/informacion_consolidada_2026_4.xlsx
Neuquén,2026-04,CFI | Neta,65975.5807,pesos_corrientes,auditado,informacion_consolidada_2026_4.xlsx,https://www.argentina.gob.ar/sites/default/files/informacion_consolidada_2026_4.xlsx
Neuquén,2026-04,Compensación Consenso Fiscal,2434.1694199999997,pesos_corrientes,auditado,informacion_consolidada_2026_4.xlsx,https://www.argentina.gob.ar/sites/default/files/informacion_consolidada_2026_4.xlsx
Neuquén,2026-04,Total | (1) + (2),93778.7467933608,pesos_corrientes,auditado,informacion_consolidada_2026_4.xlsx,https://www.argentina.gob.ar/sites/default/files/informacion_consolidada_2026_4.xlsx
Neuquén,2026-05,CFI | Neta,110848.3919,pesos_corrientes,auditado,informacion_consolidada_2026_4.xlsx,https://www.argentina.gob.ar/sites/default/files/informacion_consolidada_2026_4.xlsx
Neuquén,2026-05,Compensación Consenso Fiscal,2312.460949,pesos_corrientes,auditado,informacion_consolidada_2026_4.xlsx,https://www.argentina.gob.ar/sites/default/files/informacion_consolidada_2026_4.xlsx
Neuquén,2026-05,Total | (1) + (2),135080.15792440096,pesos_corrientes,auditado,informacion_consolidada_2026_4.xlsx,https://www.argentina.gob.ar/sites/default/files/informacion_consolidada_2026_4.xlsx
Neuquén,2026-06,CFI | Neta,73287.9284,pesos_corrientes,auditado,informacion_consolidada_2026_4.xlsx,https://www.argentina.gob.ar/sites/default/files/informacion_consolidada_2026_4.xlsx
Neuquén,2026-06,Compensación Consenso Fiscal,2555.8778909999996,pesos_corrientes,auditado,informacion_consolidada_2026_4.xlsx,https://www.argentina.gob.ar/sites/default/files/informacion_consolidada_2026_4.xlsx
Neuquén,2026-06,Total | (1) + (2),117673.66820439936,pesos_corrientes,auditado,informacion_consolidada_2026_4.xlsx,https://www.argentina.gob.ar/sites/default/files/informacion_consolidada_2026_4.xlsx
Neuquén,2026-07,CFI | Neta,94347.01,pesos_corrientes,auditado,informacion_consolidada_2026_4.xlsx,https://www.argentina.gob.ar/sites/default/files/informacion_consolidada_2026_4.xlsx
Neuquén,2026-07,Compensación Consenso Fiscal,2650.81593,pesos_corrientes,auditado,informacion_consolidada_2026_4.xlsx,https://www.argentina.gob.ar/sites/default/files/informacion_consolidada_2026_4.xlsx
Neuquén,2026-07,Total | (1) + (2),122426.61263130385,pesos_corrientes,auditado,informacion_consolidada_2026_4.xlsx,https://www.argentina.gob.ar/sites/default/files/informacion_consolidada_2026_4.xlsx
Río Negro,2026-01,CFI | Neta,121779.4029,pesos_corrientes,auditado,informacion_consolidada_2026_4.xlsx,https://www.argentina.gob.ar/sites/default/files/informacion_consolidada_2026_4.xlsx
Río Negro,2026-01,Compensación Consenso Fiscal,1956.144834,pesos_corrientes,auditado,informacion_consolidada_2026_4.xlsx,https://www.argentina.gob.ar/sites/default/files/informacion_consolidada_2026_4.xlsx
Río Negro,2026-01,Total | (1) + (2),137907.40681045785,pesos_corrientes,auditado,informacion_consolidada_2026_4.xlsx,https://www.argentina.gob.ar/sites/default/files/informacion_consolidada_2026_4.xlsx
Río Negro,2026-02,CFI | Neta,102931.65890000001,pesos_corrientes,auditado,informacion_consolidada_2026_4.xlsx,https://www.argentina.gob.ar/sites/default/files/informacion_consolidada_2026_4.xlsx
Río Negro,2026-02,Compensación Consenso Fiscal,1676.6955719999999,pesos_corrientes,auditado,informacion_consolidada_2026_4.xlsx,https://www.argentina.gob.ar/sites/default/files/informacion_consolidada_2026_4.xlsx
Río Negro,2026-02,Total | (1) + (2),128742.26390742286,pesos_corrientes,auditado,informacion_consolidada_2026_4.xlsx,https://www.argentina.gob.ar/sites/default/files/informacion_consolidada_2026_4.xlsx
Río Negro,2026-03,CFI | Neta,90746.8461,pesos_corrientes,auditado,informacion_consolidada_2026_4.xlsx,https://www.argentina.gob.ar/sites/default/files/informacion_consolidada_2026_4.xlsx
Río Negro,2026-03,Compensación Consenso Fiscal,1956.144834,pesos_corrientes,auditado,informacion_consolidada_2026_4.xlsx,https://www.argentina.gob.ar/sites/default/files/informacion_consolidada_2026_4.xlsx
Río Negro,2026-03,Total | (1) + (2),119397.23554541841,pesos_corrientes,auditado,informacion_consolidada_2026_4.xlsx,https://www.argentina.gob.ar/sites/default/files/informacion_consolidada_2026_4.xlsx
Río Negro,2026-04,CFI | Neta,103062.49,pesos_corrientes,auditado,informacion_consolidada_2026_4.xlsx,https://www.argentina.gob.ar/sites/default/files/informacion_consolidada_2026_4.xlsx
Río Negro,2026-04,Compensación Consenso Fiscal,2029.16214,pesos_corrientes,auditado,informacion_consolidada_2026_4.xlsx,https://www.argentina.gob.ar/sites/default/files/informacion_consolidada_2026_4.xlsx
Río Negro,2026-04,Total | (1) + (2),132008.70885191177,pesos_corrientes,auditado,informacion_consolidada_2026_4.xlsx,https://www.argentina.gob.ar/sites/default/files/informacion_consolidada_2026_4.xlsx
Río Negro,2026-05,CFI | Neta,166809.9393,pesos_corrientes,auditado,informacion_consolidada_2026_4.xlsx,https://www.argentina.gob.ar/sites/default/files/informacion_consolidada_2026_4.xlsx
Río Negro,2026-05,Compensación Consenso Fiscal,1927.704033,pesos_corrientes,auditado,informacion_consolidada_2026_4.xlsx,https://www.argentina.gob.ar/sites/default/files/informacion_consolidada_2026_4.xlsx
Río Negro,2026-05,Total | (1) + (2),191905.67301567088,pesos_corrientes,auditado,informacion_consolidada_2026_4.xlsx,https://www.argentina.gob.ar/sites/default/files/informacion_consolidada_2026_4.xlsx
Río Negro,2026-06,CFI | Neta,112799.87640000001,pesos_corrientes,auditado,informacion_consolidada_2026_4.xlsx,https://www.argentina.gob.ar/sites/default/files/informacion_consolidada_2026_4.xlsx
Río Negro,2026-06,Compensación Consenso Fiscal,2130.620247,pesos_corrientes,auditado,informacion_consolidada_2026_4.xlsx,https://www.argentina.gob.ar/sites/default/files/informacion_consolidada_2026_4.xlsx
Río Negro,2026-06,Total | (1) + (2),163754.6244054728,pesos_corrientes,auditado,informacion_consolidada_2026_4.xlsx,https://www.argentina.gob.ar/sites/default/files/informacion_consolidada_2026_4.xlsx
Río Negro,2026-07,CFI | Neta,143415.6965,pesos_corrientes,auditado,informacion_consolidada_2026_4.xlsx,https://www.argentina.gob.ar/sites/default/files/informacion_consolidada_2026_4.xlsx
Río Negro,2026-07,Compensación Consenso Fiscal,2560.074573,pesos_corrientes,auditado,informacion_consolidada_2026_4.xlsx,https://www.argentina.gob.ar/sites/default/files/informacion_consolidada_2026_4.xlsx
Río Negro,2026-07,Total | (1) + (2),172987.96567578125,pesos_corrientes,auditado,informacion_consolidada_2026_4.xlsx,https://www.argentina.gob.ar/sites/default/files/informacion_consolidada_2026_4.xlsx
Salta,2026-01,CFI | Neta,179784.2065,pesos_corrientes,auditado,informacion_consolidada_2026_4.xlsx,https://www.argentina.gob.ar/sites/default/files/informacion_consolidada_2026_4.xlsx
Salta,2026-01,Compensación Consenso Fiscal,15685.344971,pesos_corrientes,auditado,informacion_consolidada_2026_4.xlsx,https://www.argentina.gob.ar/sites/default/files/informacion_consolidada_2026_4.xlsx
Salta,2026-01,Total | (1) + (2),220571.70926539594,pesos_corrientes,auditado,informacion_consolidada_2026_4.xlsx,https://www.argentina.gob.ar/sites/default/files/informacion_consolidada_2026_4.xlsx
Salta,2026-02,CFI | Neta,146417.5079,pesos_corrientes,auditado,informacion_consolidada_2026_4.xlsx,https://www.argentina.gob.ar/sites/default/files/informacion_consolidada_2026_4.xlsx
Salta,2026-02,Compensación Consenso Fiscal,18158.867118000002,pesos_corrientes,auditado,informacion_consolidada_2026_4.xlsx,https://www.argentina.gob.ar/sites/default/files/informacion_consolidada_2026_4.xlsx
Salta,2026-02,Total | (1) + (2),208825.09192324954,pesos_corrientes,auditado,informacion_consolidada_2026_4.xlsx,https://www.argentina.gob.ar/sites/default/files/informacion_consolidada_2026_4.xlsx
Salta,2026-03,CFI | Neta,126960.67540000001,pesos_corrientes,auditado,informacion_consolidada_2026_4.xlsx,https://www.argentina.gob.ar/sites/default/files/informacion_consolidada_2026_4.xlsx
Salta,2026-03,Compensación Consenso Fiscal,19685.344971000002,pesos_corrientes,auditado,informacion_consolidada_2026_4.xlsx,https://www.argentina.gob.ar/sites/default/files/informacion_consolidada_2026_4.xlsx
Salta,2026-03,Total | (1) + (2),195243.7581496475,pesos_corrientes,auditado,informacion_consolidada_2026_4.xlsx,https://www.argentina.gob.ar/sites/default/files/informacion_consolidada_2026_4.xlsx
Salta,2026-04,CFI | Neta,145195.6334,pesos_corrientes,auditado,informacion_consolidada_2026_4.xlsx,https://www.argentina.gob.ar/sites/default/files/informacion_consolidada_2026_4.xlsx
Salta,2026-04,Compensación Consenso Fiscal,18737.828559999998,pesos_corrientes,auditado,informacion_consolidada_2026_4.xlsx,https://www.argentina.gob.ar/sites/default/files/informacion_consolidada_2026_4.xlsx
Salta,2026-04,Total | (1) + (2),213652.63949457102,pesos_corrientes,auditado,informacion_consolidada_2026_4.xlsx,https://www.argentina.gob.ar/sites/default/files/informacion_consolidada_2026_4.xlsx
Salta,2026-05,CFI | Neta,244401.0581,pesos_corrientes,auditado,informacion_consolidada_2026_4.xlsx,https://www.argentina.gob.ar/sites/default/files/informacion_consolidada_2026_4.xlsx
Salta,2026-05,Compensación Consenso Fiscal,26050.937132,pesos_corrientes,auditado,informacion_consolidada_2026_4.xlsx,https://www.argentina.gob.ar/sites/default/files/informacion_consolidada_2026_4.xlsx
Salta,2026-05,Total | (1) + (2),312051.71136039484,pesos_corrientes,auditado,informacion_consolidada_2026_4.xlsx,https://www.argentina.gob.ar/sites/default/files/informacion_consolidada_2026_4.xlsx
Salta,2026-06,CFI | Neta,161408.1588,pesos_corrientes,auditado,informacion_consolidada_2026_4.xlsx,https://www.argentina.gob.ar/sites/default/files/informacion_consolidada_2026_4.xlsx
Salta,2026-06,Compensación Consenso Fiscal,19424.719988,pesos_corrientes,auditado,informacion_consolidada_2026_4.xlsx,https://www.argentina.gob.ar/sites/default/files/informacion_consolidada_2026_4.xlsx
Salta,2026-06,Total | (1) + (2),261217.29218821818,pesos_corrientes,auditado,informacion_consolidada_2026_4.xlsx,https://www.argentina.gob.ar/sites/default/files/informacion_consolidada_2026_4.xlsx
Salta,2026-07,CFI | Neta,207916.16030000002,pesos_corrientes,auditado,informacion_consolidada_2026_4.xlsx,https://www.argentina.gob.ar/sites/default/files/informacion_consolidada_2026_4.xlsx
Salta,2026-07,Compensación Consenso Fiscal,17020.110732999998,pesos_corrientes,auditado,informacion_consolidada_2026_4.xlsx,https://www.argentina.gob.ar/sites/default/files/informacion_consolidada_2026_4.xlsx
Salta,2026-07,Total | (1) + (2),272857.3392655637,pesos_corrientes,auditado,informacion_consolidada_2026_4.xlsx,https://www.argentina.gob.ar/sites/default/files/informacion_consolidada_2026_4.xlsx
San Juan,2026-01,CFI | Neta,162951.3395,pesos_corrientes,auditado,informacion_consolidada_2026_4.xlsx,https://www.argentina.gob.ar/sites/default/files/informacion_consolidada_2026_4.xlsx
San Juan,2026-01,Compensación Consenso Fiscal,2459.1408659999997,pesos_corrientes,auditado,informacion_consolidada_2026_4.xlsx,https://www.argentina.gob.ar/sites/default/files/informacion_consolidada_2026_4.xlsx
San Juan,2026-01,Total | (1) + (2),183022.69871898412,pesos_corrientes,auditado,informacion_consolidada_2026_4.xlsx,https://www.argentina.gob.ar/sites/default/files/informacion_consolidada_2026_4.xlsx
San Juan,2026-02,CFI | Neta,137523.04869999998,pesos_corrientes,auditado,informacion_consolidada_2026_4.xlsx,https://www.argentina.gob.ar/sites/default/files/informacion_consolidada_2026_4.xlsx
San Juan,2026-02,Compensación Consenso Fiscal,2107.835028,pesos_corrientes,auditado,informacion_consolidada_2026_4.xlsx,https://www.argentina.gob.ar/sites/default/files/informacion_consolidada_2026_4.xlsx
San Juan,2026-02,Total | (1) + (2),170210.61768275566,pesos_corrientes,auditado,informacion_consolidada_2026_4.xlsx,https://www.argentina.gob.ar/sites/default/files/informacion_consolidada_2026_4.xlsx
San Juan,2026-03,CFI | Neta,121163.5063,pesos_corrientes,auditado,informacion_consolidada_2026_4.xlsx,https://www.argentina.gob.ar/sites/default/files/informacion_consolidada_2026_4.xlsx
San Juan,2026-03,Compensación Consenso Fiscal,2459.1408659999997,pesos_corrientes,auditado,informacion_consolidada_2026_4.xlsx,https://www.argentina.gob.ar/sites/default/files/informacion_consolidada_2026_4.xlsx
San Juan,2026-03,Total | (1) + (2),157060.8165531734,pesos_corrientes,auditado,informacion_consolidada_2026_4.xlsx,https://www.argentina.gob.ar/sites/default/files/informacion_consolidada_2026_4.xlsx
San Juan,2026-04,CFI | Neta,137644.90180000002,pesos_corrientes,auditado,informacion_consolidada_2026_4.xlsx,https://www.argentina.gob.ar/sites/default/files/informacion_consolidada_2026_4.xlsx
San Juan,2026-04,Compensación Consenso Fiscal,2495.36354,pesos_corrientes,auditado,informacion_consolidada_2026_4.xlsx,https://www.argentina.gob.ar/sites/default/files/informacion_consolidada_2026_4.xlsx
San Juan,2026-04,Total | (1) + (2),174341.45401686354,pesos_corrientes,auditado,informacion_consolidada_2026_4.xlsx,https://www.argentina.gob.ar/sites/default/files/informacion_consolidada_2026_4.xlsx
San Juan,2026-05,CFI | Neta,223136.0534,pesos_corrientes,auditado,informacion_consolidada_2026_4.xlsx,https://www.argentina.gob.ar/sites/default/files/informacion_consolidada_2026_4.xlsx
San Juan,2026-05,Compensación Consenso Fiscal,2370.595363,pesos_corrientes,auditado,informacion_consolidada_2026_4.xlsx,https://www.argentina.gob.ar/sites/default/files/informacion_consolidada_2026_4.xlsx
San Juan,2026-05,Total | (1) + (2),254450.76635980047,pesos_corrientes,auditado,informacion_consolidada_2026_4.xlsx,https://www.argentina.gob.ar/sites/default/files/informacion_consolidada_2026_4.xlsx
San Juan,2026-06,CFI | Neta,150743.4469,pesos_corrientes,auditado,informacion_consolidada_2026_4.xlsx,https://www.argentina.gob.ar/sites/default/files/informacion_consolidada_2026_4.xlsx
San Juan,2026-06,Compensación Consenso Fiscal,2620.131717,pesos_corrientes,auditado,informacion_consolidada_2026_4.xlsx,https://www.argentina.gob.ar/sites/default/files/informacion_consolidada_2026_4.xlsx
San Juan,2026-06,Total | (1) + (2),215563.22218476882,pesos_corrientes,auditado,informacion_consolidada_2026_4.xlsx,https://www.argentina.gob.ar/sites/default/files/informacion_consolidada_2026_4.xlsx
San Juan,2026-07,CFI | Neta,191759.2975,pesos_corrientes,auditado,informacion_consolidada_2026_4.xlsx,https://www.argentina.gob.ar/sites/default/files/informacion_consolidada_2026_4.xlsx
San Juan,2026-07,Compensación Consenso Fiscal,3238.537323,pesos_corrientes,auditado,informacion_consolidada_2026_4.xlsx,https://www.argentina.gob.ar/sites/default/files/informacion_consolidada_2026_4.xlsx
San Juan,2026-07,Total | (1) + (2),228691.62395645975,pesos_corrientes,auditado,informacion_consolidada_2026_4.xlsx,https://www.argentina.gob.ar/sites/default/files/informacion_consolidada_2026_4.xlsx
San Luis,2026-01,CFI | Neta,111207.9948,pesos_corrientes,auditado,informacion_consolidada_2026_4.xlsx,https://www.argentina.gob.ar/sites/default/files/informacion_consolidada_2026_4.xlsx
San Luis,2026-01,Compensación Consenso Fiscal,0.0,pesos_corrientes,auditado,informacion_consolidada_2026_4.xlsx,https://www.argentina.gob.ar/sites/default/files/informacion_consolidada_2026_4.xlsx
San Luis,2026-01,Total | (1) + (2),122760.01703746576,pesos_corrientes,auditado,informacion_consolidada_2026_4.xlsx,https://www.argentina.gob.ar/sites/default/files/informacion_consolidada_2026_4.xlsx
San Luis,2026-02,CFI | Neta,95112.1214,pesos_corrientes,auditado,informacion_consolidada_2026_4.xlsx,https://www.argentina.gob.ar/sites/default/files/informacion_consolidada_2026_4.xlsx
San Luis,2026-02,Compensación Consenso Fiscal,0.0,pesos_corrientes,auditado,informacion_consolidada_2026_4.xlsx,https://www.argentina.gob.ar/sites/default/files/informacion_consolidada_2026_4.xlsx
San Luis,2026-02,Total | (1) + (2),114453.65348489786,pesos_corrientes,auditado,informacion_consolidada_2026_4.xlsx,https://www.argentina.gob.ar/sites/default/files/informacion_consolidada_2026_4.xlsx
San Luis,2026-03,CFI | Neta,84280.6659,pesos_corrientes,auditado,informacion_consolidada_2026_4.xlsx,https://www.argentina.gob.ar/sites/default/files/informacion_consolidada_2026_4.xlsx
San Luis,2026-03,Compensación Consenso Fiscal,0.0,pesos_corrientes,auditado,informacion_consolidada_2026_4.xlsx,https://www.argentina.gob.ar/sites/default/files/informacion_consolidada_2026_4.xlsx
San Luis,2026-03,Total | (1) + (2),105835.86152363138,pesos_corrientes,auditado,informacion_consolidada_2026_4.xlsx,https://www.argentina.gob.ar/sites/default/files/informacion_consolidada_2026_4.xlsx
San Luis,2026-04,CFI | Neta,95516.4952,pesos_corrientes,auditado,informacion_consolidada_2026_4.xlsx,https://www.argentina.gob.ar/sites/default/files/informacion_consolidada_2026_4.xlsx
San Luis,2026-04,Compensación Consenso Fiscal,0.0,pesos_corrientes,auditado,informacion_consolidada_2026_4.xlsx,https://www.argentina.gob.ar/sites/default/files/informacion_consolidada_2026_4.xlsx
San Luis,2026-04,Total | (1) + (2),117052.7505684547,pesos_corrientes,auditado,informacion_consolidada_2026_4.xlsx,https://www.argentina.gob.ar/sites/default/files/informacion_consolidada_2026_4.xlsx
San Luis,2026-05,CFI | Neta,152704.46159999998,pesos_corrientes,auditado,informacion_consolidada_2026_4.xlsx,https://www.argentina.gob.ar/sites/default/files/informacion_consolidada_2026_4.xlsx
San Luis,2026-05,Compensación Consenso Fiscal,0.0,pesos_corrientes,auditado,informacion_consolidada_2026_4.xlsx,https://www.argentina.gob.ar/sites/default/files/informacion_consolidada_2026_4.xlsx
San Luis,2026-05,Total | (1) + (2),171432.35402818208,pesos_corrientes,auditado,informacion_consolidada_2026_4.xlsx,https://www.argentina.gob.ar/sites/default/files/informacion_consolidada_2026_4.xlsx
San Luis,2026-06,CFI | Neta,104038.715,pesos_corrientes,auditado,informacion_consolidada_2026_4.xlsx,https://www.argentina.gob.ar/sites/default/files/informacion_consolidada_2026_4.xlsx
San Luis,2026-06,Compensación Consenso Fiscal,0.0,pesos_corrientes,auditado,informacion_consolidada_2026_4.xlsx,https://www.argentina.gob.ar/sites/default/files/informacion_consolidada_2026_4.xlsx
San Luis,2026-06,Total | (1) + (2),145615.21898077684,pesos_corrientes,auditado,informacion_consolidada_2026_4.xlsx,https://www.argentina.gob.ar/sites/default/files/informacion_consolidada_2026_4.xlsx
San Luis,2026-07,CFI | Neta,131733.1783,pesos_corrientes,auditado,informacion_consolidada_2026_4.xlsx,https://www.argentina.gob.ar/sites/default/files/informacion_consolidada_2026_4.xlsx
San Luis,2026-07,Compensación Consenso Fiscal,0.0,pesos_corrientes,auditado,informacion_consolidada_2026_4.xlsx,https://www.argentina.gob.ar/sites/default/files/informacion_consolidada_2026_4.xlsx
San Luis,2026-07,Total | (1) + (2),153627.89877402328,pesos_corrientes,auditado,informacion_consolidada_2026_4.xlsx,https://www.argentina.gob.ar/sites/default/files/informacion_consolidada_2026_4.xlsx
Santa Cruz,2026-01,CFI | Neta,78305.2402,pesos_corrientes,auditado,informacion_consolidada_2026_4.xlsx,https://www.argentina.gob.ar/sites/default/files/informacion_consolidada_2026_4.xlsx
Santa Cruz,2026-01,Compensación Consenso Fiscal,331.24784700000004,pesos_corrientes,auditado,informacion_consolidada_2026_4.xlsx,https://www.argentina.gob.ar/sites/default/files/informacion_consolidada_2026_4.xlsx
Santa Cruz,2026-01,Total | (1) + (2),87210.03745442322,pesos_corrientes,auditado,informacion_consolidada_2026_4.xlsx,https://www.argentina.gob.ar/sites/default/files/informacion_consolidada_2026_4.xlsx
Santa Cruz,2026-02,CFI | Neta,68288.405,pesos_corrientes,auditado,informacion_consolidada_2026_4.xlsx,https://www.argentina.gob.ar/sites/default/files/informacion_consolidada_2026_4.xlsx
Santa Cruz,2026-02,Compensación Consenso Fiscal,283.92672600000003,pesos_corrientes,auditado,informacion_consolidada_2026_4.xlsx,https://www.argentina.gob.ar/sites/default/files/informacion_consolidada_2026_4.xlsx
Santa Cruz,2026-02,Total | (1) + (2),80849.44132704992,pesos_corrientes,auditado,informacion_consolidada_2026_4.xlsx,https://www.argentina.gob.ar/sites/default/files/informacion_consolidada_2026_4.xlsx
Santa Cruz,2026-03,CFI | Neta,61010.510700000006,pesos_corrientes,auditado,informacion_consolidada_2026_4.xlsx,https://www.argentina.gob.ar/sites/default/files/informacion_consolidada_2026_4.xlsx
Santa Cruz,2026-03,Compensación Consenso Fiscal,331.24784700000004,pesos_corrientes,auditado,informacion_consolidada_2026_4.xlsx,https://www.argentina.gob.ar/sites/default/files/informacion_consolidada_2026_4.xlsx
Santa Cruz,2026-03,Total | (1) + (2),76247.38042520914,pesos_corrientes,auditado,informacion_consolidada_2026_4.xlsx,https://www.argentina.gob.ar/sites/default/files/informacion_consolidada_2026_4.xlsx
Santa Cruz,2026-04,CFI | Neta,68909.379,pesos_corrientes,auditado,informacion_consolidada_2026_4.xlsx,https://www.argentina.gob.ar/sites/default/files/informacion_consolidada_2026_4.xlsx
Santa Cruz,2026-04,Compensación Consenso Fiscal,35.780199999999994,pesos_corrientes,auditado,informacion_consolidada_2026_4.xlsx,https://www.argentina.gob.ar/sites/default/files/informacion_consolidada_2026_4.xlsx
Santa Cruz,2026-04,Total | (1) + (2),82496.49488691418,pesos_corrientes,auditado,informacion_consolidada_2026_4.xlsx,https://www.argentina.gob.ar/sites/default/files/informacion_consolidada_2026_4.xlsx
Santa Cruz,2026-05,CFI | Neta,107966.7806,pesos_corrientes,auditado,informacion_consolidada_2026_4.xlsx,https://www.argentina.gob.ar/sites/default/files/informacion_consolidada_2026_4.xlsx
Santa Cruz,2026-05,Compensación Consenso Fiscal,33.99119,pesos_corrientes,auditado,informacion_consolidada_2026_4.xlsx,https://www.argentina.gob.ar/sites/default/files/informacion_consolidada_2026_4.xlsx
Santa Cruz,2026-05,Total | (1) + (2),120805.4184478422,pesos_corrientes,auditado,informacion_consolidada_2026_4.xlsx,https://www.argentina.gob.ar/sites/default/files/informacion_consolidada_2026_4.xlsx
Santa Cruz,2026-06,CFI | Neta,74473.6158,pesos_corrientes,auditado,informacion_consolidada_2026_4.xlsx,https://www.argentina.gob.ar/sites/default/files/informacion_consolidada_2026_4.xlsx
Santa Cruz,2026-06,Compensación Consenso Fiscal,37.56921,pesos_corrientes,auditado,informacion_consolidada_2026_4.xlsx,https://www.argentina.gob.ar/sites/default/files/informacion_consolidada_2026_4.xlsx
Santa Cruz,2026-06,Total | (1) + (2),105533.1590254149,pesos_corrientes,auditado,informacion_consolidada_2026_4.xlsx,https://www.argentina.gob.ar/sites/default/files/informacion_consolidada_2026_4.xlsx
Santa Cruz,2026-07,CFI | Neta,93663.029,pesos_corrientes,auditado,informacion_consolidada_2026_4.xlsx,https://www.argentina.gob.ar/sites/default/files/informacion_consolidada_2026_4.xlsx
Santa Cruz,2026-07,Compensación Consenso Fiscal,545.3610749999999,pesos_corrientes,auditado,informacion_consolidada_2026_4.xlsx,https://www.argentina.gob.ar/sites/default/files/informacion_consolidada_2026_4.xlsx
Santa Cruz,2026-07,Total | (1) + (2),109468.67196873251,pesos_corrientes,auditado,informacion_consolidada_2026_4.xlsx,https://www.argentina.gob.ar/sites/default/files/informacion_consolidada_2026_4.xlsx
Santa Fe,2026-01,CFI | Neta,439266.61539999995,pesos_corrientes,auditado,informacion_consolidada_2026_4.xlsx,https://www.argentina.gob.ar/sites/default/files/informacion_consolidada_2026_4.xlsx
Santa Fe,2026-01,Compensación Consenso Fiscal,6248.4799649999995,pesos_corrientes,auditado,informacion_consolidada_2026_4.xlsx,https://www.argentina.gob.ar/sites/default/files/informacion_consolidada_2026_4.xlsx
Santa Fe,2026-01,Total | (1) + (2),497876.7061262922,pesos_corrientes,auditado,informacion_consolidada_2026_4.xlsx,https://www.argentina.gob.ar/sites/default/files/informacion_consolidada_2026_4.xlsx
Santa Fe,2026-02,CFI | Neta,370744.3812,pesos_corrientes,auditado,informacion_consolidada_2026_4.xlsx,https://www.argentina.gob.ar/sites/default/files/informacion_consolidada_2026_4.xlsx
Santa Fe,2026-02,Compensación Consenso Fiscal,5355.83997,pesos_corrientes,auditado,informacion_consolidada_2026_4.xlsx,https://www.argentina.gob.ar/sites/default/files/informacion_consolidada_2026_4.xlsx
Santa Fe,2026-02,Total | (1) + (2),463176.1690456253,pesos_corrientes,auditado,informacion_consolidada_2026_4.xlsx,https://www.argentina.gob.ar/sites/default/files/informacion_consolidada_2026_4.xlsx
Santa Fe,2026-03,CFI | Neta,326720.8301,pesos_corrientes,auditado,informacion_consolidada_2026_4.xlsx,https://www.argentina.gob.ar/sites/default/files/informacion_consolidada_2026_4.xlsx
Santa Fe,2026-03,Compensación Consenso Fiscal,6248.4799649999995,pesos_corrientes,auditado,informacion_consolidada_2026_4.xlsx,https://www.argentina.gob.ar/sites/default/files/informacion_consolidada_2026_4.xlsx
Santa Fe,2026-03,Total | (1) + (2),425013.9570994423,pesos_corrientes,auditado,informacion_consolidada_2026_4.xlsx,https://www.argentina.gob.ar/sites/default/files/informacion_consolidada_2026_4.xlsx
Santa Fe,2026-04,CFI | Neta,371154.0258,pesos_corrientes,auditado,informacion_consolidada_2026_4.xlsx,https://www.argentina.gob.ar/sites/default/files/informacion_consolidada_2026_4.xlsx
Santa Fe,2026-04,Compensación Consenso Fiscal,5848.68544,pesos_corrientes,auditado,informacion_consolidada_2026_4.xlsx,https://www.argentina.gob.ar/sites/default/files/informacion_consolidada_2026_4.xlsx
Santa Fe,2026-04,Total | (1) + (2),474173.94651153043,pesos_corrientes,auditado,informacion_consolidada_2026_4.xlsx,https://www.argentina.gob.ar/sites/default/files/informacion_consolidada_2026_4.xlsx
Santa Fe,2026-05,CFI | Neta,601514.8415,pesos_corrientes,auditado,informacion_consolidada_2026_4.xlsx,https://www.argentina.gob.ar/sites/default/files/informacion_consolidada_2026_4.xlsx
Santa Fe,2026-05,Compensación Consenso Fiscal,5556.251168,pesos_corrientes,auditado,informacion_consolidada_2026_4.xlsx,https://www.argentina.gob.ar/sites/default/files/informacion_consolidada_2026_4.xlsx
Santa Fe,2026-05,Total | (1) + (2),688164.3933593042,pesos_corrientes,auditado,informacion_consolidada_2026_4.xlsx,https://www.argentina.gob.ar/sites/default/files/informacion_consolidada_2026_4.xlsx
Santa Fe,2026-06,CFI | Neta,406465.6469,pesos_corrientes,auditado,informacion_consolidada_2026_4.xlsx,https://www.argentina.gob.ar/sites/default/files/informacion_consolidada_2026_4.xlsx
Santa Fe,2026-06,Compensación Consenso Fiscal,6141.119712000001,pesos_corrientes,auditado,informacion_consolidada_2026_4.xlsx,https://www.argentina.gob.ar/sites/default/files/informacion_consolidada_2026_4.xlsx
Santa Fe,2026-06,Total | (1) + (2),599139.5054170676,pesos_corrientes,auditado,informacion_consolidada_2026_4.xlsx,https://www.argentina.gob.ar/sites/default/files/informacion_consolidada_2026_4.xlsx
Santa Fe,2026-07,CFI | Neta,516940.62580000004,pesos_corrientes,auditado,informacion_consolidada_2026_4.xlsx,https://www.argentina.gob.ar/sites/default/files/informacion_consolidada_2026_4.xlsx
Santa Fe,2026-07,Compensación Consenso Fiscal,8164.890888,pesos_corrientes,auditado,informacion_consolidada_2026_4.xlsx,https://www.argentina.gob.ar/sites/default/files/informacion_consolidada_2026_4.xlsx
Santa Fe,2026-07,Total | (1) + (2),621186.9437098834,pesos_corrientes,auditado,informacion_consolidada_2026_4.xlsx,https://www.argentina.gob.ar/sites/default/files/informacion_consolidada_2026_4.xlsx
Santiago del Estero,2026-01,CFI | Neta,197647.84540000002,pesos_corrientes,auditado,informacion_consolidada_2026_4.xlsx,https://www.argentina.gob.ar/sites/default/files/informacion_consolidada_2026_4.xlsx
Santiago del Estero,2026-01,Compensación Consenso Fiscal,6634.8112949999995,pesos_corrientes,auditado,informacion_consolidada_2026_4.xlsx,https://www.argentina.gob.ar/sites/default/files/informacion_consolidada_2026_4.xlsx
Santiago del Estero,2026-01,Total | (1) + (2),227387.5174478307,pesos_corrientes,auditado,informacion_consolidada_2026_4.xlsx,https://www.argentina.gob.ar/sites/default/files/informacion_consolidada_2026_4.xlsx
Santiago del Estero,2026-02,CFI | Neta,165191.639,pesos_corrientes,auditado,informacion_consolidada_2026_4.xlsx,https://www.argentina.gob.ar/sites/default/files/informacion_consolidada_2026_4.xlsx
Santiago del Estero,2026-02,Compensación Consenso Fiscal,5686.981110000001,pesos_corrientes,auditado,informacion_consolidada_2026_4.xlsx,https://www.argentina.gob.ar/sites/default/files/informacion_consolidada_2026_4.xlsx
Santiago del Estero,2026-02,Total | (1) + (2),211273.36525935092,pesos_corrientes,auditado,informacion_consolidada_2026_4.xlsx,https://www.argentina.gob.ar/sites/default/files/informacion_consolidada_2026_4.xlsx
Santiago del Estero,2026-03,CFI | Neta,144921.2057,pesos_corrientes,auditado,informacion_consolidada_2026_4.xlsx,https://www.argentina.gob.ar/sites/default/files/informacion_consolidada_2026_4.xlsx
Santiago del Estero,2026-03,Compensación Consenso Fiscal,6634.8112949999995,pesos_corrientes,auditado,informacion_consolidada_2026_4.xlsx,https://www.argentina.gob.ar/sites/default/files/informacion_consolidada_2026_4.xlsx
Santiago del Estero,2026-03,Total | (1) + (2),195736.30006191978,pesos_corrientes,auditado,informacion_consolidada_2026_4.xlsx,https://www.argentina.gob.ar/sites/default/files/informacion_consolidada_2026_4.xlsx
Santiago del Estero,2026-04,CFI | Neta,164927.41509999998,pesos_corrientes,auditado,informacion_consolidada_2026_4.xlsx,https://www.argentina.gob.ar/sites/default/files/informacion_consolidada_2026_4.xlsx
Santiago del Estero,2026-04,Compensación Consenso Fiscal,8063.0461399999995,pesos_corrientes,auditado,informacion_consolidada_2026_4.xlsx,https://www.argentina.gob.ar/sites/default/files/informacion_consolidada_2026_4.xlsx
Santiago del Estero,2026-04,Total | (1) + (2),218234.2755535438,pesos_corrientes,auditado,informacion_consolidada_2026_4.xlsx,https://www.argentina.gob.ar/sites/default/files/informacion_consolidada_2026_4.xlsx
Santiago del Estero,2026-05,CFI | Neta,270105.1926,pesos_corrientes,auditado,informacion_consolidada_2026_4.xlsx,https://www.argentina.gob.ar/sites/default/files/informacion_consolidada_2026_4.xlsx
Santiago del Estero,2026-05,Compensación Consenso Fiscal,7659.893833,pesos_corrientes,auditado,informacion_consolidada_2026_4.xlsx,https://www.argentina.gob.ar/sites/default/files/informacion_consolidada_2026_4.xlsx
Santiago del Estero,2026-05,Total | (1) + (2),315894.91065172385,pesos_corrientes,auditado,informacion_consolidada_2026_4.xlsx,https://www.argentina.gob.ar/sites/default/files/informacion_consolidada_2026_4.xlsx
Santiago del Estero,2026-06,CFI | Neta,181349.9034,pesos_corrientes,auditado,informacion_consolidada_2026_4.xlsx,https://www.argentina.gob.ar/sites/default/files/informacion_consolidada_2026_4.xlsx
Santiago del Estero,2026-06,Compensación Consenso Fiscal,8466.198447,pesos_corrientes,auditado,informacion_consolidada_2026_4.xlsx,https://www.argentina.gob.ar/sites/default/files/informacion_consolidada_2026_4.xlsx
Santiago del Estero,2026-06,Total | (1) + (2),268784.7798098297,pesos_corrientes,auditado,informacion_consolidada_2026_4.xlsx,https://www.argentina.gob.ar/sites/default/files/informacion_consolidada_2026_4.xlsx
Santiago del Estero,2026-07,CFI | Neta,231480.3874,pesos_corrientes,auditado,informacion_consolidada_2026_4.xlsx,https://www.argentina.gob.ar/sites/default/files/informacion_consolidada_2026_4.xlsx
Santiago del Estero,2026-07,Compensación Consenso Fiscal,8254.252335,pesos_corrientes,auditado,informacion_consolidada_2026_4.xlsx,https://www.argentina.gob.ar/sites/default/files/informacion_consolidada_2026_4.xlsx
Santiago del Estero,2026-07,Total | (1) + (2),283885.55377655383,pesos_corrientes,auditado,informacion_consolidada_2026_4.xlsx,https://www.argentina.gob.ar/sites/default/files/informacion_consolidada_2026_4.xlsx
Tierra del Fuego,2026-01,CFI | Neta,62152.7509,pesos_corrientes,auditado,informacion_consolidada_2026_4.xlsx,https://www.argentina.gob.ar/sites/default/files/informacion_consolidada_2026_4.xlsx
Tierra del Fuego,2026-01,Compensación Consenso Fiscal,165.11691,pesos_corrientes,auditado,informacion_consolidada_2026_4.xlsx,https://www.argentina.gob.ar/sites/default/files/informacion_consolidada_2026_4.xlsx
Tierra del Fuego,2026-01,Total | (1) + (2),67247.82621187635,pesos_corrientes,auditado,informacion_consolidada_2026_4.xlsx,https://www.argentina.gob.ar/sites/default/files/informacion_consolidada_2026_4.xlsx
Tierra del Fuego,2026-02,CFI | Neta,55328.448899999996,pesos_corrientes,auditado,informacion_consolidada_2026_4.xlsx,https://www.argentina.gob.ar/sites/default/files/informacion_consolidada_2026_4.xlsx
Tierra del Fuego,2026-02,Compensación Consenso Fiscal,141.52878,pesos_corrientes,auditado,informacion_consolidada_2026_4.xlsx,https://www.argentina.gob.ar/sites/default/files/informacion_consolidada_2026_4.xlsx
Tierra del Fuego,2026-02,Total | (1) + (2),62741.36333052495,pesos_corrientes,auditado,informacion_consolidada_2026_4.xlsx,https://www.argentina.gob.ar/sites/default/files/informacion_consolidada_2026_4.xlsx
Tierra del Fuego,2026-03,CFI | Neta,49850.246,pesos_corrientes,auditado,informacion_consolidada_2026_4.xlsx,https://www.argentina.gob.ar/sites/default/files/informacion_consolidada_2026_4.xlsx
Tierra del Fuego,2026-03,Compensación Consenso Fiscal,165.11691,pesos_corrientes,auditado,informacion_consolidada_2026_4.xlsx,https://www.argentina.gob.ar/sites/default/files/informacion_consolidada_2026_4.xlsx
Tierra del Fuego,2026-03,Total | (1) + (2),58579.758267441495,pesos_corrientes,auditado,informacion_consolidada_2026_4.xlsx,https://www.argentina.gob.ar/sites/default/files/informacion_consolidada_2026_4.xlsx
Tierra del Fuego,2026-04,CFI | Neta,56108.9151,pesos_corrientes,auditado,informacion_consolidada_2026_4.xlsx,https://www.argentina.gob.ar/sites/default/files/informacion_consolidada_2026_4.xlsx
Tierra del Fuego,2026-04,Compensación Consenso Fiscal,0.0,pesos_corrientes,auditado,informacion_consolidada_2026_4.xlsx,https://www.argentina.gob.ar/sites/default/files/informacion_consolidada_2026_4.xlsx
Tierra del Fuego,2026-04,Total | (1) + (2),64060.96894345708,pesos_corrientes,auditado,informacion_consolidada_2026_4.xlsx,https://www.argentina.gob.ar/sites/default/files/informacion_consolidada_2026_4.xlsx
Tierra del Fuego,2026-05,CFI | Neta,86074.1815,pesos_corrientes,auditado,informacion_consolidada_2026_4.xlsx,https://www.argentina.gob.ar/sites/default/files/informacion_consolidada_2026_4.xlsx
Tierra del Fuego,2026-05,Compensación Consenso Fiscal,0.0,pesos_corrientes,auditado,informacion_consolidada_2026_4.xlsx,https://www.argentina.gob.ar/sites/default/files/informacion_consolidada_2026_4.xlsx
Tierra del Fuego,2026-05,Total | (1) + (2),93654.61770742842,pesos_corrientes,auditado,informacion_consolidada_2026_4.xlsx,https://www.argentina.gob.ar/sites/default/files/informacion_consolidada_2026_4.xlsx
Tierra del Fuego,2026-06,CFI | Neta,60151.9883,pesos_corrientes,auditado,informacion_consolidada_2026_4.xlsx,https://www.argentina.gob.ar/sites/default/files/informacion_consolidada_2026_4.xlsx
Tierra del Fuego,2026-06,Compensación Consenso Fiscal,0.0,pesos_corrientes,auditado,informacion_consolidada_2026_4.xlsx,https://www.argentina.gob.ar/sites/default/files/informacion_consolidada_2026_4.xlsx
Tierra del Fuego,2026-06,Total | (1) + (2),80349.56323093019,pesos_corrientes,auditado,informacion_consolidada_2026_4.xlsx,https://www.argentina.gob.ar/sites/default/files/informacion_consolidada_2026_4.xlsx
Tierra del Fuego,2026-07,CFI | Neta,75116.8607,pesos_corrientes,auditado,informacion_consolidada_2026_4.xlsx,https://www.argentina.gob.ar/sites/default/files/informacion_consolidada_2026_4.xlsx
Tierra del Fuego,2026-07,Compensación Consenso Fiscal,214.13709302999996,pesos_corrientes,auditado,informacion_consolidada_2026_4.xlsx,https://www.argentina.gob.ar/sites/default/files/informacion_consolidada_2026_4.xlsx
Tierra del Fuego,2026-07,Total | (1) + (2),84412.76017318509,pesos_corrientes,auditado,informacion_consolidada_2026_4.xlsx,https://www.argentina.gob.ar/sites/default/files/informacion_consolidada_2026_4.xlsx
Tucumán,2026-01,CFI | Neta,226042.44819999998,pesos_corrientes,auditado,informacion_consolidada_2026_4.xlsx,https://www.argentina.gob.ar/sites/default/files/informacion_consolidada_2026_4.xlsx
Tucumán,2026-01,Compensación Consenso Fiscal,8079.0814230000005,pesos_corrientes,auditado,informacion_consolidada_2026_4.xlsx,https://www.argentina.gob.ar/sites/default/files/informacion_consolidada_2026_4.xlsx
Tucumán,2026-01,Total | (1) + (2),261453.18749871894,pesos_corrientes,auditado,informacion_consolidada_2026_4.xlsx,https://www.argentina.gob.ar/sites/default/files/informacion_consolidada_2026_4.xlsx
Tucumán,2026-02,CFI | Neta,187257.6889,pesos_corrientes,auditado,informacion_consolidada_2026_4.xlsx,https://www.argentina.gob.ar/sites/default/files/informacion_consolidada_2026_4.xlsx
Tucumán,2026-02,Compensación Consenso Fiscal,16924.926934,pesos_corrientes,auditado,informacion_consolidada_2026_4.xlsx,https://www.argentina.gob.ar/sites/default/files/informacion_consolidada_2026_4.xlsx
Tucumán,2026-02,Total | (1) + (2),252771.06922525945,pesos_corrientes,auditado,informacion_consolidada_2026_4.xlsx,https://www.argentina.gob.ar/sites/default/files/informacion_consolidada_2026_4.xlsx
Tucumán,2026-03,CFI | Neta,163633.7888,pesos_corrientes,auditado,informacion_consolidada_2026_4.xlsx,https://www.argentina.gob.ar/sites/default/files/informacion_consolidada_2026_4.xlsx
Tucumán,2026-03,Compensación Consenso Fiscal,8079.0814230000005,pesos_corrientes,auditado,informacion_consolidada_2026_4.xlsx,https://www.argentina.gob.ar/sites/default/files/informacion_consolidada_2026_4.xlsx
Tucumán,2026-03,Total | (1) + (2),224599.86617874005,pesos_corrientes,auditado,informacion_consolidada_2026_4.xlsx,https://www.argentina.gob.ar/sites/default/files/informacion_consolidada_2026_4.xlsx
Tucumán,2026-04,CFI | Neta,186530.14740000002,pesos_corrientes,auditado,informacion_consolidada_2026_4.xlsx,https://www.argentina.gob.ar/sites/default/files/informacion_consolidada_2026_4.xlsx
Tucumán,2026-04,Compensación Consenso Fiscal,19053.0128409,pesos_corrientes,auditado,informacion_consolidada_2026_4.xlsx,https://www.argentina.gob.ar/sites/default/files/informacion_consolidada_2026_4.xlsx
Tucumán,2026-04,Total | (1) + (2),260111.39680233924,pesos_corrientes,auditado,informacion_consolidada_2026_4.xlsx,https://www.argentina.gob.ar/sites/default/files/informacion_consolidada_2026_4.xlsx
Tucumán,2026-05,CFI | Neta,308349.4247,pesos_corrientes,auditado,informacion_consolidada_2026_4.xlsx,https://www.argentina.gob.ar/sites/default/files/informacion_consolidada_2026_4.xlsx
Tucumán,2026-05,Compensación Consenso Fiscal,15396.552334,pesos_corrientes,auditado,informacion_consolidada_2026_4.xlsx,https://www.argentina.gob.ar/sites/default/files/informacion_consolidada_2026_4.xlsx
Tucumán,2026-05,Total | (1) + (2),369287.2169876346,pesos_corrientes,auditado,informacion_consolidada_2026_4.xlsx,https://www.argentina.gob.ar/sites/default/files/informacion_consolidada_2026_4.xlsx
Tucumán,2026-06,CFI | Neta,205864.1752,pesos_corrientes,auditado,informacion_consolidada_2026_4.xlsx,https://www.argentina.gob.ar/sites/default/files/informacion_consolidada_2026_4.xlsx
Tucumán,2026-06,Compensación Consenso Fiscal,16385.663106,pesos_corrientes,auditado,informacion_consolidada_2026_4.xlsx,https://www.argentina.gob.ar/sites/default/files/informacion_consolidada_2026_4.xlsx
Tucumán,2026-06,Total | (1) + (2),314448.78928068443,pesos_corrientes,auditado,informacion_consolidada_2026_4.xlsx,https://www.argentina.gob.ar/sites/default/files/informacion_consolidada_2026_4.xlsx
Tucumán,2026-07,CFI | Neta,263590.1871,pesos_corrientes,auditado,informacion_consolidada_2026_4.xlsx,https://www.argentina.gob.ar/sites/default/files/informacion_consolidada_2026_4.xlsx
Tucumán,2026-07,Compensación Consenso Fiscal,10024.542444,pesos_corrientes,auditado,informacion_consolidada_2026_4.xlsx,https://www.argentina.gob.ar/sites/default/files/informacion_consolidada_2026_4.xlsx
Tucumán,2026-07,Total | (1) + (2),326221.4792450271,pesos_corrientes,auditado,informacion_consolidada_2026_4.xlsx,https://www.argentina.gob.ar/sites/default/files/informacion_consolidada_2026_4.xlsx
