province,period,published_millions,reconstructed_millions,delta_millions,delta_pct,iibb_millions,iibb_share_pct,source_current,status
CABA,2026-01,1124942.900000,1124942.900000,0.000000,0.000000,759579.100000,67.521569,top_mensual_2026_normalizado.csv,ok
CABA,2026-02,973721.700000,973721.700000,0.000000,0.000000,711180.300000,73.037327,top_mensual_2026_normalizado.csv,ok
CABA,2026-03,834884.700000,834884.700000,-0.000000,-0.000000,644673.900000,77.217118,top_mensual_2026_normalizado.csv,ok
CABA,2026-04,953683.400000,953683.400000,0.000000,0.000000,714719.700000,74.943079,top_mensual_2026_normalizado.csv,ok
CABA,2026-05,944690.100000,944690.100000,-0.000000,-0.000000,750198.500000,79.412127,top_mensual_2026_normalizado.csv,ok
CABA,2026-06,973905.300000,973905.300000,0.000000,0.000000,737506.400000,75.726706,top_mensual_2026_normalizado.csv,ok
CABA,2026-07,980445.600000,980445.600000,0.000000,0.000000,783413.900000,79.903862,top_mensual_2026_normalizado.csv,ok
Catamarca,2026-01,23332.945586,23332.945586,0.000000,0.000000,21870.151582,93.730779,top_mensual_2026_normalizado.csv,ok
Catamarca,2026-02,20973.172422,20973.172422,0.000000,0.000000,18769.000078,89.490515,top_mensual_2026_normalizado.csv,ok
Catamarca,2026-03,22667.205210,22667.205210,0.000000,0.000000,18127.227410,79.971162,top_mensual_2026_normalizado.csv,ok
Catamarca,2026-04,24745.498135,24745.498135,0.000000,0.000000,20732.330873,83.782233,top_mensual_2026_normalizado.csv,ok
Catamarca,2026-05,23439.127803,23439.127803,-0.000000,-0.000000,20529.255093,87.585405,top_mensual_2026_normalizado.csv,ok
Catamarca,2026-06,23912.582234,23912.582234,0.000000,0.000000,21657.432749,90.569193,top_mensual_2026_normalizado.csv,ok
Catamarca,2026-07,26317.415122,26317.415122,0.000000,0.000000,23144.821439,87.944889,top_mensual_2026_normalizado.csv,ok
Chaco,2026-01,48202.273860,48202.273860,0.000000,0.000000,33654.962144,69.820279,top_mensual_2026_normalizado.csv,ok
Chaco,2026-02,43429.837190,43429.837190,0.000000,0.000000,31721.619537,73.041074,top_mensual_2026_normalizado.csv,ok
Chaco,2026-03,40506.351427,40506.351427,0.000000,0.000000,28963.609582,71.503872,top_mensual_2026_normalizado.csv,ok
Chaco,2026-04,42923.949560,42923.949560,0.000000,0.000000,30813.302240,71.785804,top_mensual_2026_normalizado.csv,ok
Chaco,2026-05,43709.058261,43709.058261,-0.000000,-0.000000,31627.758203,72.359734,top_mensual_2026_normalizado.csv,ok
Chaco,2026-06,45712.899385,45712.899385,0.000000,0.000000,33417.513189,73.103027,top_mensual_2026_normalizado.csv,ok
Chaco,2026-07,51542.679270,51542.679270,0.000000,0.000000,36452.558500,70.723057,top_mensual_2026_normalizado.csv,ok
Chubut,2026-01,67605.819445,67605.819445,-0.000000,-0.000000,49522.085366,73.251217,top_mensual_2026_normalizado.csv,ok
Chubut,2026-02,55314.077338,55314.077338,0.000000,0.000000,45753.886422,82.716532,top_mensual_2026_normalizado.csv,ok
Chubut,2026-03,59759.986460,59759.986460,0.000000,0.000000,41764.974936,69.887859,top_mensual_2026_normalizado.csv,ok
Chubut,2026-04,58029.718613,58029.718613,-0.000000,-0.000000,46964.932341,80.932552,top_mensual_2026_normalizado.csv,ok
Chubut,2026-05,57332.631545,57332.631545,0.000000,0.000000,48912.075467,85.312804,top_mensual_2026_normalizado.csv,ok
Chubut,2026-06,57540.976179,57540.976179,0.000000,0.000000,48360.677905,84.045633,top_mensual_2026_normalizado.csv,ok
Chubut,2026-07,67343.000000,67343.000000,0.000000,0.000000,59118.000000,87.786407,top_mensual_2026_normalizado.csv,ok
Corrientes,2026-01,36675.857592,36675.857592,0.000000,0.000000,31388.155613,85.582608,top_mensual_2026_normalizado.csv,ok
Corrientes,2026-02,34887.551897,34887.551897,-0.000000,-0.000000,30211.810000,86.597678,top_mensual_2026_normalizado.csv,ok
Corrientes,2026-03,34282.886697,34282.886697,-0.000000,-0.000000,28772.437883,83.926532,top_mensual_2026_normalizado.csv,ok
Corrientes,2026-04,42881.274797,42881.274797,-0.000000,-0.000000,32059.956612,74.764467,top_mensual_2026_normalizado.csv,ok
Corrientes,2026-05,37981.387271,37981.387271,-0.000000,-0.000000,32161.157916,84.676101,top_mensual_2026_normalizado.csv,ok
Córdoba,2026-01,373544.681767,373544.681767,0.000000,0.000000,277942.435932,74.406744,top_mensual_2026_normalizado.csv,ok
Córdoba,2026-02,376446.766815,376446.766815,0.000000,0.000000,242946.498124,64.536747,top_mensual_2026_normalizado.csv,ok
Córdoba,2026-03,369078.723620,369078.723620,0.000000,0.000000,245101.444514,66.408988,top_mensual_2026_normalizado.csv,ok
Córdoba,2026-04,373312.463263,373312.463263,0.000000,0.000000,260877.639025,69.881846,top_mensual_2026_normalizado.csv,ok
Córdoba,2026-05,408881.216871,408881.216871,0.000000,0.000000,272287.853378,66.593388,top_mensual_2026_normalizado.csv,ok
Córdoba,2026-06,361577.453305,361577.453305,0.000000,0.000000,271632.288984,75.124233,top_mensual_2026_normalizado.csv,ok
Entre Ríos,2026-01,87247.694632,87247.694632,0.000000,0.000000,71086.671954,81.476848,top_mensual_2026_normalizado.csv,ok
Entre Ríos,2026-02,97856.766228,97856.766228,0.000000,0.000000,64033.055967,65.435492,top_mensual_2026_normalizado.csv,ok
Entre Ríos,2026-03,85191.383977,85191.383977,0.000000,0.000000,61766.402625,72.503110,top_mensual_2026_normalizado.csv,ok
Entre Ríos,2026-04,120566.054311,120566.054311,0.000000,0.000000,67785.222425,56.222477,top_mensual_2026_normalizado.csv,ok
Entre Ríos,2026-05,125713.911097,125713.911097,-0.000000,-0.000000,67360.573766,53.582434,top_mensual_2026_normalizado.csv,ok
Entre Ríos,2026-06,100416.752399,100416.752399,0.000000,0.000000,71000.459527,70.705791,top_mensual_2026_normalizado.csv,ok
Formosa,2026-01,15337.236645,15337.236645,0.000000,0.000000,13853.670832,90.327033,top_mensual_2026_normalizado.csv,ok
Formosa,2026-02,14915.340473,14915.340473,-0.000000,-0.000000,13091.204405,87.770068,top_mensual_2026_normalizado.csv,ok
Formosa,2026-03,14625.078967,14625.078967,0.000000,0.000000,12710.472874,86.908747,top_mensual_2026_normalizado.csv,ok
Formosa,2026-04,16070.018567,16070.018567,0.000000,0.000000,13819.897482,85.998018,top_mensual_2026_normalizado.csv,ok
Formosa,2026-05,18376.465102,18376.465102,-0.000000,-0.000000,16554.107374,90.083198,top_mensual_2026_normalizado.csv,ok
Formosa,2026-06,18166.197110,18166.197110,0.000000,0.000000,16142.334237,88.859182,top_mensual_2026_normalizado.csv,ok
Formosa,2026-07,18400.987696,18400.987696,0.000000,0.000000,16466.410045,89.486555,top_mensual_2026_normalizado.csv,ok
Jujuy,2026-01,30033.856496,30033.856496,0.000000,0.000000,25337.645064,84.363608,top_mensual_2026_normalizado.csv,ok
Jujuy,2026-02,29678.524675,29678.524675,0.000000,0.000000,23522.391473,79.257280,top_mensual_2026_normalizado.csv,ok
Jujuy,2026-03,29268.829423,29268.829423,0.000000,0.000000,23692.420305,80.947618,top_mensual_2026_normalizado.csv,ok
Jujuy,2026-04,28737.883563,28737.883563,0.000000,0.000000,24783.802606,86.240876,top_mensual_2026_normalizado.csv,ok
Jujuy,2026-05,29820.210141,29820.210141,0.000000,0.000000,26407.681451,88.556322,top_mensual_2026_normalizado.csv,ok
Jujuy,2026-06,30205.106081,30205.106081,0.000000,0.000000,26470.798853,87.636835,top_mensual_2026_normalizado.csv,ok
La Pampa,2026-01,42621.859569,42621.859569,0.000000,0.000000,35892.892711,84.212404,top_mensual_2026_normalizado.csv,ok
La Pampa,2026-02,31483.762653,31483.762653,-0.000000,-0.000000,25307.500375,80.382706,top_mensual_2026_normalizado.csv,ok
La Pampa,2026-03,43979.382987,43979.382987,-0.000000,-0.000000,34479.599428,78.399461,top_mensual_2026_normalizado.csv,ok
La Pampa,2026-04,45879.784551,45879.784551,-0.000000,-0.000000,29660.027662,64.647269,top_mensual_2026_normalizado.csv,ok
La Pampa,2026-05,43696.355383,43696.355383,-0.000000,-0.000000,32620.482718,74.652640,top_mensual_2026_normalizado.csv,ok
La Rioja,2026-01,14321.042804,14321.042804,-0.000000,-0.000000,11905.857847,83.135411,top_mensual_2026_normalizado.csv,ok
La Rioja,2026-02,13051.323072,13051.323072,0.000000,0.000000,10431.229312,79.924689,top_mensual_2026_normalizado.csv,ok
La Rioja,2026-03,13989.347481,13989.347481,-0.000000,-0.000000,10141.297310,72.492997,top_mensual_2026_normalizado.csv,ok
La Rioja,2026-04,16147.244206,16147.244206,-0.000000,-0.000000,12154.995321,75.275974,top_mensual_2026_normalizado.csv,ok
La Rioja,2026-05,14921.639788,14921.639788,-0.000000,-0.000000,11506.151289,77.110502,top_mensual_2026_normalizado.csv,ok
La Rioja,2026-06,15666.104334,15666.104334,0.000000,0.000000,12236.695804,78.109373,top_mensual_2026_normalizado.csv,ok
Mendoza,2026-01,135271.852463,135271.852463,0.000000,0.000000,117078.451628,86.550490,top_mensual_2026_normalizado.csv,ok
Mendoza,2026-02,150573.079428,150573.079428,0.000000,0.000000,107684.302374,71.516305,top_mensual_2026_normalizado.csv,ok
Mendoza,2026-03,146709.470637,146709.470637,0.000000,0.000000,102299.489784,69.729302,top_mensual_2026_normalizado.csv,ok
Mendoza,2026-04,135010.532045,135010.532045,0.000000,0.000000,110785.143496,82.056668,top_mensual_2026_normalizado.csv,ok
Mendoza,2026-05,142916.031591,142916.031591,-0.000000,-0.000000,117822.892378,82.442040,top_mensual_2026_normalizado.csv,ok
Mendoza,2026-06,140099.528278,140099.528278,0.000000,0.000000,116053.382750,82.836384,top_mensual_2026_normalizado.csv,ok
Misiones,2026-01,93288.870763,93288.870763,-0.000000,-0.000000,84541.870949,90.623748,top_mensual_2026_normalizado.csv,ok
Misiones,2026-02,85828.362372,85828.362372,0.000000,0.000000,77385.175416,90.162708,top_mensual_2026_normalizado.csv,ok
Misiones,2026-03,82678.213550,82678.213550,-0.000000,-0.000000,74671.141780,90.315379,top_mensual_2026_normalizado.csv,ok
Misiones,2026-04,93453.159247,93453.159247,-0.000000,-0.000000,86671.876499,92.743656,top_mensual_2026_normalizado.csv,ok
Misiones,2026-05,89253.620383,89253.620383,-0.000000,-0.000000,82187.030332,92.082573,top_mensual_2026_normalizado.csv,ok
Misiones,2026-06,88101.029759,88101.029759,0.000000,0.000000,81085.175831,92.036581,top_mensual_2026_normalizado.csv,ok
Neuquén,2026-01,176997.605945,176997.605945,-0.000000,-0.000000,153865.786613,86.930999,top_mensual_2026_normalizado.csv,ok
Neuquén,2026-02,176514.961686,176514.961686,-0.000000,-0.000000,152796.757895,86.563063,top_mensual_2026_normalizado.csv,ok
Neuquén,2026-03,157384.817142,157384.817142,0.000000,0.000000,142318.114281,90.426838,top_mensual_2026_normalizado.csv,ok
Neuquén,2026-04,184224.442212,184224.442212,0.000000,0.000000,168026.851179,91.207686,top_mensual_2026_normalizado.csv,ok
Neuquén,2026-05,204479.093424,204479.093424,-0.000000,-0.000000,188093.611275,91.986720,top_mensual_2026_normalizado.csv,ok
Neuquén,2026-06,209871.275274,209871.275274,-0.000000,-0.000000,195071.702131,92.948262,top_mensual_2026_normalizado.csv,ok
Río Negro,2026-01,83827.530504,83827.530504,0.000000,0.000000,55702.020987,66.448362,top_mensual_2026_normalizado.csv,ok
Río Negro,2026-02,89190.591827,89190.591827,0.000000,0.000000,56699.881915,63.571595,top_mensual_2026_normalizado.csv,ok
Río Negro,2026-03,76099.695972,76099.695972,0.000000,0.000000,53343.525855,70.096897,top_mensual_2026_normalizado.csv,ok
Río Negro,2026-04,71811.170429,71811.170429,0.000000,0.000000,56559.838673,78.761895,top_mensual_2026_normalizado.csv,ok
Río Negro,2026-05,71599.650238,71599.650238,0.000000,0.000000,57501.923566,80.310341,top_mensual_2026_normalizado.csv,ok
Río Negro,2026-06,75539.209773,75539.209773,-0.000000,-0.000000,58119.829185,76.939949,top_mensual_2026_normalizado.csv,ok
Río Negro,2026-07,82330.258229,82330.258229,-0.000000,-0.000000,63986.673381,77.719510,top_mensual_2026_normalizado.csv,ok
Salta,2026-01,74925.559599,74925.559599,-0.000000,-0.000000,68690.515583,91.678348,top_mensual_2026_normalizado.csv,ok
Salta,2026-02,69849.510118,69849.510118,0.000000,0.000000,62276.507159,89.158116,top_mensual_2026_normalizado.csv,ok
Salta,2026-03,65839.419090,65839.419090,-0.000000,-0.000000,58460.322048,88.792281,top_mensual_2026_normalizado.csv,ok
Salta,2026-04,73188.314140,73188.314140,-0.000000,-0.000000,65668.346507,89.725180,top_mensual_2026_normalizado.csv,ok
Salta,2026-05,73484.371131,73484.371131,-0.000000,-0.000000,66653.716436,90.704616,top_mensual_2026_normalizado.csv,ok
San Juan,2026-01,32832.144931,32832.144931,0.000000,0.000000,25908.117672,78.910829,top_mensual_2026_normalizado.csv,ok
San Juan,2026-02,31578.628875,31578.628875,0.000000,0.000000,24534.546415,77.693514,top_mensual_2026_normalizado.csv,ok
San Juan,2026-03,31134.188409,31134.188409,0.000000,0.000000,24144.661903,77.550317,top_mensual_2026_normalizado.csv,ok
San Juan,2026-04,37756.975129,37756.975129,0.000000,0.000000,27019.945424,71.562792,top_mensual_2026_normalizado.csv,ok
San Juan,2026-05,33619.390895,33619.390895,0.000000,0.000000,26638.949048,79.236858,top_mensual_2026_normalizado.csv,ok
San Juan,2026-06,34316.313338,34316.313338,0.000000,0.000000,28380.702591,82.703239,top_mensual_2026_normalizado.csv,ok
San Juan,2026-07,33374.641715,33374.641715,0.000000,0.000000,26918.166890,80.654549,top_mensual_2026_normalizado.csv,ok
San Luis,2026-01,32925.768205,32925.768205,0.000000,0.000000,27476.857821,83.450924,top_mensual_2026_normalizado.csv,ok
San Luis,2026-02,42241.453326,42241.453326,0.000000,0.000000,25734.660952,60.922764,top_mensual_2026_normalizado.csv,ok
San Luis,2026-03,35732.659470,35732.659470,0.000000,0.000000,24638.264595,68.951668,top_mensual_2026_normalizado.csv,ok
San Luis,2026-04,33109.846820,33109.846820,0.000000,0.000000,26842.186322,81.070101,top_mensual_2026_normalizado.csv,ok
San Luis,2026-05,33714.644285,33714.644285,0.000000,0.000000,27705.083457,82.175221,top_mensual_2026_normalizado.csv,ok
San Luis,2026-06,34436.175041,34436.175041,-0.000000,-0.000000,28344.807635,82.311138,top_mensual_2026_normalizado.csv,ok
San Luis,2026-07,35822.841114,35822.841114,-0.000000,-0.000000,29640.515174,82.741944,top_mensual_2026_normalizado.csv,ok
Santa Cruz,2026-01,47440.916503,47440.916503,-0.000000,-0.000000,43618.753562,91.943320,top_mensual_2026_normalizado.csv,ok
Santa Cruz,2026-02,37099.322249,37099.322249,-0.000000,-0.000000,33881.241821,91.325770,top_mensual_2026_normalizado.csv,ok
Santa Cruz,2026-03,33865.759931,33865.759931,0.000000,0.000000,30440.326054,89.885259,top_mensual_2026_normalizado.csv,ok
Santa Cruz,2026-04,38906.655303,38906.655303,0.000000,0.000000,34433.434537,88.502685,top_mensual_2026_normalizado.csv,ok
Santa Cruz,2026-05,37897.854405,37897.854405,0.000000,0.000000,34138.652011,90.080699,top_mensual_2026_normalizado.csv,ok
Santa Cruz,2026-06,40299.729912,40299.729912,0.000000,0.000000,36455.453608,90.460789,top_mensual_2026_normalizado.csv,ok
Santa Cruz,2026-07,39401.582900,39401.582900,-0.000000,-0.000000,35857.136687,91.004305,top_mensual_2026_normalizado.csv,ok
Santa Fe,2026-01,288666.205942,288666.205942,-0.000000,-0.000000,252562.234163,87.492830,top_mensual_2026_normalizado.csv,ok
Santa Fe,2026-02,335627.253753,335627.253753,-0.000000,-0.000000,234389.948287,69.836387,top_mensual_2026_normalizado.csv,ok
Santa Fe,2026-03,250222.411206,250222.411206,0.000000,0.000000,215552.493173,86.144359,top_mensual_2026_normalizado.csv,ok
Santa Fe,2026-04,283281.629228,283281.629228,0.000000,0.000000,245312.287627,86.596610,top_mensual_2026_normalizado.csv,ok
Santa Fe,2026-05,285343.115619,285343.115619,0.000000,0.000000,251381.307393,88.097905,top_mensual_2026_normalizado.csv,ok
Santiago del Estero,2026-01,22738.896735,22738.896735,-0.000000,-0.000000,19136.851494,84.159103,top_mensual_2026_normalizado.csv,ok
Santiago del Estero,2026-02,20785.314478,20785.314478,0.000000,0.000000,17031.965878,81.942305,top_mensual_2026_normalizado.csv,ok
Santiago del Estero,2026-03,25819.087335,25819.087335,0.000000,0.000000,17048.152259,66.029260,top_mensual_2026_normalizado.csv,ok
Santiago del Estero,2026-04,25556.922012,25556.922012,-0.000000,-0.000000,18988.354465,74.298284,top_mensual_2026_normalizado.csv,ok
Santiago del Estero,2026-05,30433.307210,30433.307210,0.000000,0.000000,19855.224416,65.241757,top_mensual_2026_normalizado.csv,ok
Santiago del Estero,2026-06,33878.883160,33878.883160,-0.000000,-0.000000,23250.689032,68.628853,top_mensual_2026_normalizado.csv,ok
Santiago del Estero,2026-07,33131.056638,33131.056638,0.000000,0.000000,25196.298465,76.050392,top_mensual_2026_normalizado.csv,ok
Tierra del Fuego,2026-01,30622.380186,30622.380186,0.000000,0.000000,15966.197016,52.138981,top_mensual_2026_normalizado.csv,ok
Tierra del Fuego,2026-02,29811.743546,29811.743546,-0.000000,-0.000000,16443.893941,55.159115,top_mensual_2026_normalizado.csv,ok
Tierra del Fuego,2026-03,27356.051434,27356.051434,0.000000,0.000000,14093.730173,51.519607,top_mensual_2026_normalizado.csv,ok
Tierra del Fuego,2026-04,32649.023818,32649.023818,-0.000000,-0.000000,16785.535100,51.412058,top_mensual_2026_normalizado.csv,ok
Tierra del Fuego,2026-05,28880.721139,28880.721139,-0.000000,-0.000000,14835.389293,51.367794,top_mensual_2026_normalizado.csv,ok
Tierra del Fuego,2026-06,29296.207470,29296.207470,0.000000,0.000000,15456.100141,52.758024,top_mensual_2026_normalizado.csv,ok
Tucumán,2026-01,113499.019431,113499.019431,0.000000,0.000000,88016.266692,77.548042,top_mensual_2026_normalizado.csv,ok
Tucumán,2026-02,99218.207187,99218.207187,0.000000,0.000000,80312.845553,80.945673,top_mensual_2026_normalizado.csv,ok
Tucumán,2026-03,97740.314625,97740.314625,0.000000,0.000000,77702.767881,79.499200,top_mensual_2026_normalizado.csv,ok
Tucumán,2026-04,107722.411271,107722.411271,0.000000,0.000000,87642.341485,81.359432,top_mensual_2026_normalizado.csv,ok
Tucumán,2026-05,110446.521229,110446.521229,0.000000,0.000000,89826.603100,81.330405,top_mensual_2026_normalizado.csv,ok
Tucumán,2026-06,115179.082814,115179.082814,-0.000000,-0.000000,93217.063111,80.932285,top_mensual_2026_normalizado.csv,ok
Buenos Aires,2026-01,1314352.332820,1314352.332820,-0.000000,-0.000000,1086193.526353,82.640971,pba_top_monthly.csv,ok
Buenos Aires,2026-02,1319640.388736,1319640.388736,-0.000000,-0.000000,961709.434771,72.876629,pba_top_monthly.csv,ok
Buenos Aires,2026-03,1366397.397331,1366397.397331,-0.000000,-0.000000,944164.538809,69.098824,pba_top_monthly.csv,ok
Buenos Aires,2026-04,1425233.890956,1425233.890956,0.000000,0.000000,1084984.685431,76.126781,pba_top_monthly.csv,ok
Buenos Aires,2026-05,1341638.761704,1341638.761704,-0.000000,-0.000000,1060147.261487,79.018831,pba_top_monthly.csv,ok
Buenos Aires,2026-06,1562091.822023,1562091.822023,-0.000000,-0.000000,1156260.919378,74.020035,pba_top_monthly.csv,ok
